frame,t,zone,n_obs,status,x,y,theta_deg,dist_plate,car_emblem,door_handle,fuel_cap,license_plate,side_mirror,tail_light
1,0.03,미확인,0,init_side,-2.5,-1.4,0.0,,0,2,1,0,0,1
2,0.07,미확인,4,track(4),-2.543,-1.426,3.0,,0,2,1,0,0,1
3,0.1,미확인,4,track(4),-2.585,-1.453,6.0,,0,2,1,0,0,1
4,0.13,미확인,4,track(4),-2.626,-1.481,8.7,,0,2,1,0,0,1
5,0.17,후측면,4,track(4),-2.666,-1.511,9.3,,0,2,1,0,0,1
6,0.2,후측면,4,track(4),-2.706,-1.541,9.8,,0,2,1,0,0,1
7,0.23,후측면,4,track(4),-2.745,-1.572,10.3,,0,2,1,0,0,1
8,0.27,후측면,4,track(4),-2.784,-1.604,10.8,,0,2,1,0,0,1
9,0.3,후측면,4,track(4),-2.822,-1.636,11.2,,0,2,1,0,0,1
10,0.33,후측면,4,track(4),-2.86,-1.669,11.7,,0,2,1,0,0,1
11,0.37,후측면,4,track(4),-2.897,-1.703,12.2,,0,2,1,0,0,1
12,0.4,후측면,4,track(4),-2.933,-1.737,12.7,,0,2,1,0,0,1
13,0.43,후측면,4,track(4),-2.969,-1.772,13.2,,0,2,1,0,0,1
14,0.47,후측면,4,track(4),-3.004,-1.808,13.7,,0,2,1,0,0,1
15,0.5,후측면,4,track(4),-3.038,-1.844,14.2,,0,2,1,0,0,1
16,0.53,후측면,4,track(4),-3.072,-1.881,14.7,,0,2,1,0,0,1
17,0.57,후측면,4,track(4),-3.105,-1.918,15.2,,0,2,1,0,0,1
18,0.6,후측면,4,track(4),-3.138,-1.956,15.7,,0,2,1,0,0,1
19,0.63,후측면,4,track(4),-3.17,-1.994,16.2,,0,2,1,0,0,1
20,0.67,후측면,4,track(4),-3.202,-2.033,16.7,,0,2,1,0,0,1
21,0.7,후측면,4,track(4),-3.233,-2.073,17.2,,0,2,1,0,0,1
22,0.73,후측면,4,track(4),-3.263,-2.112,17.7,,0,2,1,0,0,1
23,0.77,후측면,4,track(4),-3.29,-2.149,18.2,,0,2,1,0,0,1
24,0.8,후측면,4,track(4),-3.314,-2.183,18.7,,0,2,1,0,0,1
25,0.83,후측면,4,track(4),-3.334,-2.212,19.1,,0,2,1,0,0,1
26,0.87,후측면,4,track(4),-3.352,-2.239,19.5,,0,2,1,0,0,1
27,0.9,후측면,4,track(4),-3.368,-2.262,19.8,,0,2,1,0,0,1
28,0.93,후측면,4,track(4),-3.382,-2.283,20.1,,0,2,1,0,0,1
29,0.97,후측면,4,track(4),-3.395,-2.302,20.3,,0,2,1,0,0,1
30,1.0,후측면,4,track(4),-3.406,-2.32,20.5,,0,2,1,0,0,1
31,1.03,후측면,4,track(4),-3.416,-2.335,20.8,,0,2,1,0,0,1
32,1.07,후측면,4,track(4),-3.426,-2.349,20.9,,0,2,1,0,0,1
33,1.1,후측면,4,track(4),-3.434,-2.362,21.1,,0,2,1,0,0,1
34,1.13,후측면,4,track(4),-3.442,-2.373,21.3,,0,2,1,0,0,1
35,1.17,후측면,4,track(4),-3.449,-2.384,21.4,,0,2,1,0,0,1
36,1.2,후측면,4,track(4),-3.455,-2.393,21.5,,0,2,1,0,0,1
37,1.23,후측면,4,track(4),-3.461,-2.402,21.6,,0,2,1,0,0,1
38,1.27,후측면,4,track(4),-3.466,-2.41,21.7,,0,2,1,0,0,1
39,1.3,후측면,4,track(4),-3.471,-2.417,21.8,,0,2,1,0,0,1
40,1.33,후측면,4,track(4),-3.476,-2.424,21.9,,0,2,1,0,0,1
41,1.37,후측면,4,track(4),-3.48,-2.43,22.0,,0,2,1,0,0,1
42,1.4,후측면,4,track(4),-3.484,-2.436,22.0,,0,2,1,0,0,1
43,1.43,후측면,4,track(4),-3.488,-2.441,22.1,,0,2,1,0,0,1
44,1.47,후측면,4,track(4),-3.492,-2.446,22.2,,0,2,1,0,0,1
45,1.5,후측면,4,track(4),-3.495,-2.45,22.2,,0,2,1,0,0,1
46,1.53,후측면,4,track(4),-3.498,-2.454,22.2,,0,2,1,0,0,1
47,1.57,후측면,4,track(4),-3.501,-2.458,22.3,,0,2,1,0,0,1
48,1.6,후측면,4,track(4),-3.503,-2.461,22.3,,0,2,1,0,0,1
49,1.63,후측면,4,track(4),-3.506,-2.464,22.3,,0,2,1,0,0,1
50,1.67,후측면,4,track(4),-3.508,-2.467,22.4,,0,2,1,0,0,1
51,1.7,후측면,4,track(4),-3.51,-2.469,22.4,,0,2,1,0,0,1
52,1.73,후측면,4,track(4),-3.512,-2.471,22.4,,0,2,1,0,0,1
53,1.77,후측면,4,track(4),-3.514,-2.473,22.4,,0,2,1,0,0,1
54,1.8,후측면,4,track(4),-3.516,-2.475,22.4,,0,2,1,0,0,1
55,1.83,후측면,4,track(4),-3.517,-2.476,22.4,,0,2,1,0,0,1
56,1.87,후측면,4,track(4),-3.519,-2.478,22.4,,0,2,1,0,0,1
57,1.9,후측면,4,track(4),-3.52,-2.479,22.4,,0,2,1,0,0,1
58,1.93,후측면,4,track(4),-3.522,-2.48,22.4,,0,2,1,0,0,1
59,1.97,후측면,4,track(4),-3.523,-2.481,22.3,,0,2,1,0,0,1
60,2.0,후측면,4,track(4),-3.524,-2.482,22.3,,0,2,1,0,0,1
61,2.03,후측면,4,track(4),-3.525,-2.483,22.3,,0,2,1,0,0,1
62,2.07,후측면,4,track(4),-3.526,-2.484,22.3,,0,2,1,0,0,1
63,2.1,후측면,4,track(4),-3.527,-2.485,22.3,,0,2,1,0,0,1
64,2.13,후측면,4,track(4),-3.528,-2.486,22.2,,0,2,1,0,0,1
65,2.17,후측면,4,track(4),-3.529,-2.486,22.2,,0,2,1,0,0,1
66,2.2,후측면,4,track(4),-3.53,-2.487,22.2,,0,2,1,0,0,1
67,2.23,후측면,4,track(4),-3.53,-2.488,22.2,,0,2,1,0,0,1
68,2.27,후측면,4,track(4),-3.53,-2.488,22.1,,0,2,1,0,0,1
69,2.3,후측면,4,track(4),-3.531,-2.489,22.0,,0,2,1,0,0,1
70,2.33,후측면,4,track(4),-3.532,-2.489,21.9,,0,2,1,0,0,1
71,2.37,후측면,4,track(4),-3.532,-2.49,21.8,,0,2,1,0,0,1
72,2.4,후측면,4,track(4),-3.533,-2.491,21.7,,0,2,1,0,0,1
73,2.43,후측면,4,track(4),-3.534,-2.492,21.7,,0,2,1,0,0,1
74,2.47,후측면,4,track(4),-3.534,-2.492,21.6,,0,2,1,0,0,1
75,2.5,후측면,4,track(4),-3.534,-2.492,21.6,,0,2,1,0,0,1
76,2.53,후측면,4,track(4),-3.534,-2.492,21.5,,0,2,1,0,0,1
77,2.57,후측면,4,track(4),-3.535,-2.492,21.5,,0,2,1,0,0,1
78,2.6,후측면,4,track(4),-3.535,-2.492,21.4,,0,2,1,0,0,1
79,2.63,후측면,4,track(4),-3.535,-2.492,21.3,,0,2,1,0,0,1
80,2.67,후측면,4,track(4),-3.535,-2.492,21.2,,0,2,1,0,0,1
81,2.7,후측면,4,track(4),-3.535,-2.492,21.1,,0,2,1,0,0,1
82,2.73,후측면,4,track(4),-3.535,-2.491,21.0,,0,2,1,0,0,1
83,2.77,후측면,4,track(4),-3.535,-2.491,20.9,,0,2,1,0,0,1
84,2.8,후측면,4,track(4),-3.535,-2.491,20.9,,0,2,1,0,0,1
85,2.83,후측면,4,track(4),-3.535,-2.491,20.8,,0,2,1,0,0,1
86,2.87,후측면,4,track(4),-3.535,-2.491,20.6,,0,2,1,0,0,1
87,2.9,후측면,4,track(4),-3.535,-2.491,20.5,,0,2,1,0,0,1
88,2.93,후측면,4,track(4),-3.535,-2.49,20.4,,0,2,1,0,0,1
89,2.97,후측면,4,track(4),-3.535,-2.49,20.3,,0,2,1,0,0,1
90,3.0,후측면,4,track(4),-3.535,-2.489,20.2,,0,2,1,0,0,1
91,3.03,후측면,4,track(4),-3.534,-2.489,20.0,,0,2,1,0,0,1
92,3.07,후측면,4,track(4),-3.534,-2.488,19.9,,0,2,1,0,0,1
93,3.1,후측면,4,track(4),-3.534,-2.487,19.7,,0,2,1,0,0,1
94,3.13,후측면,4,track(4),-3.534,-2.487,19.5,,0,2,1,0,0,1
95,3.17,후측면,4,track(4),-3.534,-2.487,19.3,,0,2,1,0,0,1
96,3.2,후측면,4,track(4),-3.534,-2.487,19.1,,0,2,1,0,0,1
97,3.23,후측면,4,track(4),-3.534,-2.487,18.9,,0,2,1,0,0,1
98,3.27,후측면,4,track(4),-3.535,-2.487,18.7,,0,2,1,0,0,1
99,3.3,후측면,4,track(4),-3.535,-2.487,18.5,,0,2,1,0,0,1
100,3.33,후측면,4,track(4),-3.535,-2.487,18.4,,0,2,1,0,0,1
101,3.37,후측면,4,track(4),-3.534,-2.486,18.2,,0,2,1,0,0,1
102,3.4,후측면,4,track(4),-3.535,-2.486,18.0,,0,2,1,0,0,1
103,3.43,후측면,4,track(4),-3.534,-2.485,17.8,,0,2,1,0,0,1
104,3.47,후측면,4,track(4),-3.535,-2.485,17.7,,0,2,1,0,0,1
105,3.5,후측면,4,track(4),-3.534,-2.484,17.5,,0,2,1,0,0,1
106,3.53,후측면,4,track(4),-3.534,-2.484,17.3,,0,2,1,0,0,1
107,3.57,후측면,4,track(4),-3.534,-2.483,17.1,,0,2,1,0,0,1
108,3.6,후측면,4,track(4),-3.533,-2.482,17.0,,0,2,1,0,0,1
109,3.63,후측면,4,track(4),-3.532,-2.481,16.7,,0,2,1,0,0,1
110,3.67,후측면,4,track(4),-3.532,-2.48,16.5,,0,2,1,0,0,1
111,3.7,후측면,4,track(4),-3.531,-2.479,16.2,,0,2,1,0,0,1
112,3.73,후측면,4,track(4),-3.531,-2.478,15.9,,0,2,1,0,0,1
113,3.77,후측면,4,track(4),-3.53,-2.477,15.6,,0,2,1,0,0,1
114,3.8,후측면,4,track(4),-3.529,-2.476,15.4,,0,2,1,0,0,1
115,3.83,후측면,4,track(4),-3.528,-2.475,15.1,,0,2,1,0,0,1
116,3.87,후측면,4,track(4),-3.527,-2.473,14.9,,0,2,1,0,0,1
117,3.9,후측면,4,track(4),-3.526,-2.472,14.7,,0,2,1,0,0,1
118,3.93,후측면,4,track(4),-3.525,-2.471,14.5,,0,2,1,0,0,1
119,3.97,후측면,4,track(4),-3.524,-2.47,14.2,,0,2,1,0,0,1
120,4.0,후측면,5,track(5),-3.485,-2.439,16.6,,0,2,1,0,1,1
121,4.03,후측면,5,track(5),-3.444,-2.41,16.3,,0,2,1,0,1,1
122,4.07,후측면,5,track(5),-3.403,-2.382,15.8,,0,2,1,0,1,1
123,4.1,후측면,5,track(5),-3.361,-2.355,15.4,,0,2,1,0,1,1
124,4.13,후측면,5,track(5),-3.318,-2.329,15.0,,0,2,1,0,1,1
125,4.17,후측면,5,track(5),-3.275,-2.304,14.7,,0,2,1,0,1,1
126,4.2,후측면,5,track(5),-3.231,-2.28,14.3,,0,2,1,0,1,1
127,4.23,후측면,5,track(5),-3.186,-2.258,14.0,,0,2,1,0,1,1
128,4.27,후측면,5,track(5),-3.141,-2.237,13.7,,0,2,1,0,1,1
129,4.3,후측면,5,track(5),-3.094,-2.218,13.2,,0,2,1,0,1,1
130,4.33,후측면,5,track(5),-3.048,-2.2,12.7,,0,2,1,0,1,1
131,4.37,후측면,5,track(5),-3.0,-2.185,12.2,,0,2,1,0,1,1
132,4.4,후측면,5,track(5),-2.952,-2.171,11.8,,0,2,1,0,1,1
133,4.43,후측면,5,track(5),-2.903,-2.161,11.6,,0,2,1,0,1,1
134,4.47,후측면,5,track(5),-2.854,-2.153,11.4,,0,2,1,0,1,1
135,4.5,후측면,5,track(5),-2.804,-2.148,11.4,,0,2,1,0,1,1
136,4.53,후측면,5,track(5),-2.754,-2.148,11.4,,0,2,1,0,1,1
137,4.57,후측면,5,track(5),-2.704,-2.152,11.6,,0,2,1,0,1,1
138,4.6,후측면,5,track(5),-2.655,-2.163,11.9,,0,2,1,0,1,1
139,4.63,후측면,5,track(5),-2.609,-2.178,12.3,,0,2,1,0,1,1
140,4.67,후측면,5,track(5),-2.571,-2.196,12.8,,0,2,1,0,1,1
141,4.7,후측면,5,track(5),-2.536,-2.215,13.3,,0,2,1,0,1,1
142,4.73,후측면,5,track(5),-2.505,-2.234,13.8,,0,2,1,0,1,1
143,4.77,후측면,5,track(5),-2.477,-2.253,14.3,,0,2,1,0,1,1
144,4.8,후측면,5,track(5),-2.45,-2.27,14.7,,0,2,1,0,1,1
145,4.83,후측면,5,track(5),-2.426,-2.285,15.1,,0,2,1,0,1,1
146,4.87,후측면,5,track(5),-2.403,-2.3,15.5,,0,2,1,0,1,1
147,4.9,후측면,5,track(5),-2.381,-2.314,15.8,,0,2,1,0,1,1
148,4.93,후측면,5,track(5),-2.36,-2.326,16.1,,0,2,1,0,1,1
149,4.97,후측면,5,track(5),-2.341,-2.336,16.4,,0,2,1,0,1,1
150,5.0,후측면,5,track(5),-2.322,-2.346,16.6,,0,2,1,0,1,1
151,5.03,후측면,5,track(5),-2.304,-2.354,16.7,,0,2,1,0,1,1
152,5.07,후측면,5,track(5),-2.288,-2.362,16.9,,0,2,1,0,1,1
153,5.1,후측면,5,track(5),-2.272,-2.369,17.0,,0,2,1,0,1,1
154,5.13,후측면,5,track(5),-2.258,-2.376,17.1,,0,2,1,0,1,1
155,5.17,후측면,5,track(5),-2.245,-2.383,17.2,,0,2,1,0,1,1
156,5.2,후측면,5,track(5),-2.234,-2.389,17.2,,0,2,1,0,1,1
157,5.23,후측면,5,track(5),-2.223,-2.393,17.3,,0,2,1,0,1,1
158,5.27,후측면,5,track(5),-2.212,-2.398,17.2,,0,2,1,0,1,1
159,5.3,후측면,5,track(5),-2.202,-2.401,17.2,,0,2,1,0,1,1
160,5.33,후측면,5,track(5),-2.194,-2.406,17.1,,0,2,1,0,1,1
161,5.37,후측면,5,track(5),-2.186,-2.409,17.0,,0,2,1,0,1,1
162,5.4,후측면,5,track(5),-2.179,-2.412,16.9,,0,2,1,0,1,1
163,5.43,후측면,5,track(5),-2.171,-2.414,16.8,,0,2,1,0,1,1
164,5.47,후측면,5,track(5),-2.164,-2.416,16.7,,0,2,1,0,1,1
165,5.5,후측면,5,track(5),-2.158,-2.418,16.5,,0,2,1,0,1,1
166,5.53,후측면,5,track(5),-2.152,-2.421,16.3,,0,2,1,0,1,1
167,5.57,후측면,5,track(5),-2.148,-2.424,16.1,,0,2,1,0,1,1
168,5.6,후측면,5,track(5),-2.143,-2.425,15.9,,0,2,1,0,1,1
169,5.63,후측면,5,track(5),-2.138,-2.426,15.6,,0,2,1,0,1,1
170,5.67,후측면,5,track(5),-2.134,-2.427,15.4,,0,2,1,0,1,1
171,5.7,후측면,5,track(5),-2.13,-2.429,15.2,,0,2,1,0,1,1
172,5.73,후측면,5,track(5),-2.128,-2.43,15.0,,0,2,1,0,1,1
173,5.77,후측면,5,track(5),-2.126,-2.431,14.8,,0,2,1,0,1,1
174,5.8,후측면,5,track(5),-2.124,-2.432,14.7,,0,2,1,0,1,1
175,5.83,후측면,5,track(5),-2.122,-2.433,14.5,,0,2,1,0,1,1
176,5.87,후측면,5,track(5),-2.119,-2.433,14.3,,0,2,1,0,1,1
177,5.9,후측면,5,track(5),-2.118,-2.435,14.2,,0,2,1,0,1,1
178,5.93,후측면,5,track(5),-2.116,-2.435,13.9,,0,2,1,0,1,1
179,5.97,후측면,5,track(5),-2.115,-2.436,13.8,,0,2,1,0,1,1
180,6.0,후측면,5,track(5),-2.115,-2.438,13.6,,0,2,1,0,1,1
181,6.03,후측면,5,track(5),-2.114,-2.437,13.4,,0,2,1,0,1,1
182,6.07,후측면,5,track(5),-2.113,-2.437,13.2,,0,2,1,0,1,1
183,6.1,후측면,5,track(5),-2.112,-2.437,13.0,,0,2,1,0,1,1
184,6.13,후측면,5,track(5),-2.112,-2.437,12.9,,0,2,1,0,1,1
185,6.17,후측면,5,track(5),-2.111,-2.439,12.7,,0,2,1,0,1,1
186,6.2,후측면,5,track(5),-2.11,-2.442,12.6,,0,2,1,0,1,1
187,6.23,후측면,5,track(5),-2.109,-2.444,12.5,,0,2,1,0,1,1
188,6.27,후측면,5,track(5),-2.107,-2.447,12.4,,0,2,1,0,1,1
189,6.3,후측면,5,track(5),-2.104,-2.449,12.4,,0,2,1,0,1,1
190,6.33,후측면,5,track(5),-2.1,-2.453,12.3,,0,2,1,0,1,1
191,6.37,후측면,5,track(5),-2.097,-2.456,12.3,,0,2,1,0,1,1
192,6.4,후측면,5,track(5),-2.093,-2.46,12.2,,0,2,1,0,1,1
193,6.43,후측면,5,track(5),-2.09,-2.465,12.2,,0,2,1,0,1,1
194,6.47,후측면,5,track(5),-2.087,-2.469,12.2,,0,2,1,0,1,1
195,6.5,후측면,4,track(4),-2.06,-2.512,15.2,,0,2,1,0,1,0
196,6.53,후측면,4,track(4),-2.025,-2.547,17.2,,0,2,1,0,1,0
197,6.57,후측면,4,track(4),-1.985,-2.577,18.6,,0,2,1,0,1,0
198,6.6,후측면,3,track(3),-1.938,-2.561,15.9,,0,2,0,0,1,0
199,6.63,측면,3,track(3),-1.889,-2.549,15.9,,0,2,0,0,1,0
200,6.67,측면,3,track(3),-1.839,-2.548,16.4,,0,2,0,0,1,0
201,6.7,측면,3,track(3),-1.791,-2.559,17.3,,0,2,0,0,1,0
202,6.73,측면,3,track(3),-1.744,-2.576,18.7,,0,2,0,0,1,0
203,6.77,측면,3,track(3),-1.697,-2.593,20.3,,0,2,0,0,1,0
204,6.8,측면,3,track(3),-1.65,-2.61,22.0,,0,2,0,0,1,0
205,6.83,측면,3,track(3),-1.602,-2.625,23.7,,0,2,0,0,1,0
206,6.87,측면,3,track(3),-1.554,-2.637,25.4,,0,2,0,0,1,0
207,6.9,측면,3,track(3),-1.505,-2.648,27.1,,0,2,0,0,1,0
208,6.93,측면,3,track(3),-1.455,-2.655,28.9,,0,2,0,0,1,0
209,6.97,측면,3,track(3),-1.405,-2.66,30.7,,0,2,0,0,1,0
210,7.0,측면,3,track(3),-1.356,-2.662,32.5,,0,2,0,0,1,0
211,7.03,측면,3,track(3),-1.311,-2.661,34.2,,0,2,0,0,1,0
212,7.07,측면,3,track(3),-1.27,-2.658,35.8,,0,2,0,0,1,0
213,7.1,측면,3,track(3),-1.234,-2.654,37.2,,0,2,0,0,1,0
214,7.13,측면,3,track(3),-1.203,-2.65,38.5,,0,2,0,0,1,0
215,7.17,측면,3,track(3),-1.177,-2.645,39.6,,0,2,0,0,1,0
216,7.2,측면,3,track(3),-1.156,-2.64,40.5,,0,2,0,0,1,0
217,7.23,측면,3,track(3),-1.139,-2.636,41.2,,0,2,0,0,1,0
218,7.27,측면,3,track(3),-1.125,-2.633,41.8,,0,2,0,0,1,0
219,7.3,측면,3,track(3),-1.113,-2.629,42.3,,0,2,0,0,1,0
220,7.33,측면,3,track(3),-1.104,-2.626,42.6,,0,2,0,0,1,0
221,7.37,측면,3,track(3),-1.097,-2.624,42.9,,0,2,0,0,1,0
222,7.4,측면,3,track(3),-1.09,-2.622,43.1,,0,2,0,0,1,0
223,7.43,측면,3,track(3),-1.084,-2.62,43.3,,0,2,0,0,1,0
224,7.47,측면,3,track(3),-1.08,-2.619,43.4,,0,2,0,0,1,0
225,7.5,측면,3,track(3),-1.075,-2.617,43.5,,0,2,0,0,1,0
226,7.53,측면,3,track(3),-1.071,-2.616,43.6,,0,2,0,0,1,0
227,7.57,측면,3,track(3),-1.068,-2.614,43.6,,0,2,0,0,1,0
228,7.6,측면,3,track(3),-1.064,-2.613,43.7,,0,2,0,0,1,0
229,7.63,측면,3,track(3),-1.061,-2.612,43.7,,0,2,0,0,1,0
230,7.67,측면,2,weak(2),-1.061,-2.612,43.7,,0,1,0,0,1,0
231,7.7,측면,2,weak(2),-1.061,-2.612,43.7,,0,1,0,0,1,0
232,7.73,측면,2,weak(2),-1.061,-2.612,43.7,,0,1,0,0,1,0
233,7.77,측면,2,weak(2),-1.061,-2.612,43.7,,0,1,0,0,1,0
234,7.8,측면,2,weak(2),-1.061,-2.612,43.7,,0,1,0,0,1,0
235,7.83,측면,2,weak(2),-1.061,-2.612,43.7,,0,1,0,0,1,0
236,7.87,측면,2,weak(2),-1.061,-2.612,43.7,,0,1,0,0,1,0
237,7.9,측면,2,weak(2),-1.061,-2.612,43.7,,0,1,0,0,1,0
238,7.93,측면,2,weak(2),-1.061,-2.612,43.7,,0,1,0,0,1,0
239,7.97,측면,2,weak(2),-1.061,-2.612,43.7,,0,1,0,0,1,0
240,8.0,측면,2,weak(2),-1.061,-2.612,43.7,,0,1,0,0,1,0
241,8.03,측면,2,weak(2),-1.061,-2.612,43.7,,0,1,0,0,1,0
242,8.07,측면,2,weak(2),-1.061,-2.612,43.7,,0,1,0,0,1,0
243,8.1,측면,2,weak(2),-1.061,-2.612,43.7,,0,1,0,0,1,0
244,8.13,측면,2,weak(2),-1.061,-2.612,43.7,,0,1,0,0,1,0
245,8.17,측면,2,weak(2),-1.061,-2.612,43.7,,0,1,0,0,1,0
246,8.2,측면,2,weak(2),-1.061,-2.612,43.7,,0,1,0,0,1,0
247,8.23,측면,2,weak(2),-1.061,-2.612,43.7,,0,1,0,0,1,0
248,8.27,측면,2,weak(2),-1.061,-2.612,43.7,,0,1,0,0,1,0
249,8.3,측면,2,weak(2),-1.061,-2.612,43.7,,0,1,0,0,1,0
250,8.33,측면,2,weak(2),-1.061,-2.612,43.7,,0,1,0,0,1,0
251,8.37,측면,2,weak(2),-1.061,-2.612,43.7,,0,1,0,0,1,0
252,8.4,측면,2,weak(2),-1.061,-2.612,43.7,,0,1,0,0,1,0
253,8.43,측면,2,weak(2),-1.061,-2.612,43.7,,0,1,0,0,1,0
254,8.47,측면,2,weak(2),-1.061,-2.612,43.7,,0,1,0,0,1,0
255,8.5,측면,2,weak(2),-1.061,-2.612,43.7,,0,1,0,0,1,0
256,8.53,측면,2,weak(2),-1.061,-2.612,43.7,,0,1,0,0,1,0
257,8.57,측면,2,weak(2),-1.061,-2.612,43.7,,0,1,0,0,1,0
258,8.6,측면,2,weak(2),-1.061,-2.612,43.7,,0,1,0,0,1,0
259,8.63,측면,2,weak(2),-1.061,-2.612,43.7,,0,1,0,0,1,0
260,8.67,측면,2,weak(2),-1.061,-2.612,43.7,,0,1,0,0,1,0
261,8.7,측면,2,weak(2),-1.061,-2.612,43.7,,0,1,0,0,1,0
262,8.73,측면,2,weak(2),-1.061,-2.612,43.7,,0,1,0,0,1,0
263,8.77,측면,2,weak(2),-1.061,-2.612,43.7,,0,1,0,0,1,0
264,8.8,측면,2,weak(2),-1.061,-2.612,43.7,,0,1,0,0,1,0
265,8.83,측면,2,weak(2),-1.061,-2.612,43.7,,0,1,0,0,1,0
266,8.87,측면,2,weak(2),-1.061,-2.612,43.7,,0,1,0,0,1,0
267,8.9,측면,2,weak(2),-1.061,-2.612,43.7,,0,1,0,0,1,0
268,8.93,측면,2,weak(2),-1.061,-2.612,43.7,,0,1,0,0,1,0
269,8.97,측면,2,weak(2),-1.061,-2.612,43.7,,0,1,0,0,1,0
270,9.0,측면,2,weak(2),-1.061,-2.612,43.7,,0,1,0,0,1,0
271,9.03,측면,2,weak(2),-1.061,-2.612,43.7,,0,1,0,0,1,0
272,9.07,측면,2,weak(2),-1.061,-2.612,43.7,,0,1,0,0,1,0
273,9.1,측면,2,weak(2),-1.061,-2.612,43.7,,0,1,0,0,1,0
274,9.13,측면,2,weak(2),-1.061,-2.612,43.7,,0,1,0,0,1,0
275,9.17,측면,2,weak(2),-1.061,-2.612,43.7,,0,1,0,0,1,0
276,9.2,측면,2,weak(2),-1.061,-2.612,43.7,,0,1,0,0,1,0
277,9.23,측면,2,weak(2),-1.061,-2.612,43.7,,0,1,0,0,1,0
278,9.27,측면,2,weak(2),-1.061,-2.612,43.7,,0,1,0,0,1,0
279,9.3,측면,2,weak(2),-1.061,-2.612,43.7,,0,1,0,0,1,0
280,9.33,측면,2,weak(2),-1.061,-2.612,43.7,,0,1,0,0,1,0
281,9.37,측면,2,weak(2),-1.061,-2.612,43.7,,0,1,0,0,1,0
282,9.4,측면,2,weak(2),-1.061,-2.612,43.7,,0,1,0,0,1,0
283,9.43,측면,2,weak(2),-1.061,-2.612,43.7,,0,1,0,0,1,0
284,9.47,측면,2,weak(2),-1.061,-2.612,43.7,,0,1,0,0,1,0
285,9.5,측면,2,weak(2),-1.061,-2.612,43.7,,0,1,0,0,1,0
286,9.53,측면,2,weak(2),-1.061,-2.612,43.7,,0,1,0,0,1,0
287,9.57,측면,2,weak(2),-1.061,-2.612,43.7,,0,1,0,0,1,0
288,9.6,측면,2,weak(2),-1.061,-2.612,43.7,,0,1,0,0,1,0
289,9.63,측면,2,weak(2),-1.061,-2.612,43.7,,0,1,0,0,1,0
290,9.67,측면,2,weak(2),-1.061,-2.612,43.7,,0,1,0,0,1,0
291,9.7,측면,2,weak(2),-1.061,-2.612,43.7,,0,1,0,0,1,0
292,9.73,측면,2,weak(2),-1.061,-2.612,43.7,,0,1,0,0,1,0
293,9.77,측면,2,weak(2),-1.061,-2.612,43.7,,0,1,0,0,1,0
294,9.8,측면,2,weak(2),-1.061,-2.612,43.7,,0,1,0,0,1,0
295,9.83,측면,2,weak(2),-1.061,-2.612,43.7,,0,1,0,0,1,0
296,9.87,측면,2,weak(2),-1.061,-2.612,43.7,,0,1,0,0,1,0
297,9.9,측면,2,weak(2),-1.061,-2.612,43.7,,0,1,0,0,1,0
298,9.93,측면,2,weak(2),-1.061,-2.612,43.7,,0,1,0,0,1,0
299,9.97,측면,2,weak(2),-1.061,-2.612,43.7,,0,1,0,0,1,0
300,10.0,측면,2,weak(2),-1.061,-2.612,43.7,,0,1,0,0,1,0
301,10.03,측면,2,weak(2),-1.061,-2.612,43.7,,0,1,0,0,1,0
302,10.07,측면,2,weak(2),-1.061,-2.612,43.7,,0,1,0,0,1,0
303,10.1,측면,2,weak(2),-1.061,-2.612,43.7,,0,1,0,0,1,0
304,10.13,측면,2,weak(2),-1.061,-2.612,43.7,,0,1,0,0,1,0
305,10.17,측면,3,track(3),-1.059,-2.61,43.9,,0,2,0,0,1,0
306,10.2,측면,3,track(3),-1.061,-2.61,44.1,,0,2,0,0,1,0
307,10.23,측면,3,track(3),-1.064,-2.611,44.1,,0,2,0,0,1,0
308,10.27,측면,3,track(3),-1.068,-2.613,44.1,,0,2,0,0,1,0
309,10.3,측면,3,track(3),-1.072,-2.614,44.1,,0,2,0,0,1,0
310,10.33,측면,3,track(3),-1.077,-2.615,44.1,,0,2,0,0,1,0
311,10.37,측면,3,track(3),-1.082,-2.616,44.1,,0,2,0,0,1,0
312,10.4,측면,3,track(3),-1.087,-2.618,44.1,,0,2,0,0,1,0
313,10.43,측면,3,track(3),-1.093,-2.619,44.0,,0,2,0,0,1,0
314,10.47,측면,3,track(3),-1.099,-2.62,44.0,,0,2,0,0,1,0
315,10.5,측면,3,track(3),-1.103,-2.621,44.2,,0,2,0,0,1,0
316,10.53,측면,3,track(3),-1.106,-2.622,44.4,,0,2,0,0,1,0
317,10.57,측면,3,track(3),-1.108,-2.621,44.6,,0,2,0,0,1,0
318,10.6,측면,3,track(3),-1.109,-2.621,45.0,,0,2,0,0,1,0
319,10.63,측면,3,track(3),-1.11,-2.621,45.4,,0,2,0,0,1,0
320,10.67,측면,3,track(3),-1.111,-2.621,45.8,,0,2,0,0,1,0
321,10.7,측면,3,track(3),-1.112,-2.621,46.2,,0,2,0,0,1,0
322,10.73,측면,4,track(4),-1.118,-2.622,46.2,,0,2,1,0,1,0
323,10.77,측면,5,track(5),-1.138,-2.625,45.3,,0,2,1,0,1,1
324,10.8,측면,5,track(5),-1.151,-2.627,45.2,,0,2,1,0,1,1
325,10.83,측면,5,track(5),-1.159,-2.629,45.3,,0,2,1,0,1,1
326,10.87,측면,5,track(5),-1.166,-2.63,45.5,,0,2,1,0,1,1
327,10.9,후측면,5,track(5),-1.172,-2.631,45.7,,0,2,1,0,1,1
328,10.93,후측면,5,track(5),-1.175,-2.632,46.1,,0,2,1,0,1,1
329,10.97,후측면,5,track(5),-1.177,-2.632,46.5,,0,2,1,0,1,1
330,11.0,후측면,5,track(5),-1.178,-2.632,47.0,,0,2,1,0,1,1
331,11.03,후측면,5,track(5),-1.179,-2.631,47.5,,0,2,1,0,1,1
332,11.07,후측면,5,track(5),-1.179,-2.631,48.1,,0,2,1,0,1,1
333,11.1,후측면,5,track(5),-1.18,-2.631,48.7,,0,2,1,0,1,1
334,11.13,후측면,5,track(5),-1.18,-2.63,49.3,,0,2,1,0,1,1
335,11.17,후측면,5,track(5),-1.18,-2.631,50.0,,0,2,1,0,1,1
336,11.2,후측면,5,track(5),-1.182,-2.632,50.6,,0,2,1,0,1,1
337,11.23,후측면,5,track(5),-1.185,-2.635,51.3,,0,2,1,0,1,1
338,11.27,후측면,5,track(5),-1.188,-2.636,51.9,,0,2,1,0,1,1
339,11.3,후측면,5,track(5),-1.19,-2.639,52.5,,0,2,1,0,1,1
340,11.33,후측면,5,track(5),-1.193,-2.64,53.0,,0,2,1,0,1,1
341,11.37,후측면,5,track(5),-1.197,-2.642,53.4,,0,2,1,0,1,1
342,11.4,후측면,5,track(5),-1.199,-2.644,53.9,,0,2,1,0,1,1
343,11.43,후측면,5,track(5),-1.202,-2.645,54.3,,0,2,1,0,1,1
344,11.47,후측면,5,track(5),-1.205,-2.647,54.8,,0,2,1,0,1,1
345,11.5,후측면,4,track(4),-1.212,-2.658,55.2,,0,2,1,0,0,1
346,11.53,후측면,4,track(4),-1.221,-2.666,55.6,,0,2,1,0,0,1
347,11.57,후측면,4,track(4),-1.23,-2.673,56.0,,0,2,1,0,0,1
348,11.6,후측면,4,track(4),-1.237,-2.679,56.4,,0,2,1,0,0,1
349,11.63,후측면,4,track(4),-1.245,-2.685,56.7,,0,2,1,0,0,1
350,11.67,후측면,4,track(4),-1.252,-2.69,57.1,,0,2,1,0,0,1
351,11.7,후측면,4,track(4),-1.259,-2.695,57.5,,0,2,1,0,0,1
352,11.73,후측면,4,track(4),-1.266,-2.699,57.9,,0,2,1,0,0,1
353,11.77,후측면,4,track(4),-1.273,-2.703,58.3,,0,2,1,0,0,1
354,11.8,후측면,4,track(4),-1.279,-2.707,58.7,,0,2,1,0,0,1
355,11.83,후측면,4,track(4),-1.285,-2.71,59.1,,0,2,1,0,0,1
356,11.87,후측면,4,track(4),-1.291,-2.712,59.4,,0,2,1,0,0,1
357,11.9,후측면,4,track(4),-1.296,-2.715,59.8,,0,2,1,0,0,1
358,11.93,후측면,4,track(4),-1.301,-2.717,60.3,,0,2,1,0,0,1
359,11.97,후측면,4,track(4),-1.306,-2.72,60.7,,0,2,1,0,0,1
360,12.0,후측면,4,track(4),-1.311,-2.722,61.1,,0,2,1,0,0,1
361,12.03,후측면,4,track(4),-1.315,-2.724,61.5,,0,2,1,0,0,1
362,12.07,후측면,4,track(4),-1.319,-2.725,61.8,,0,2,1,0,0,1
363,12.1,후측면,4,track(4),-1.324,-2.726,62.2,,0,2,1,0,0,1
364,12.13,후측면,4,track(4),-1.327,-2.727,62.5,,0,2,1,0,0,1
365,12.17,후측면,4,track(4),-1.33,-2.729,62.9,,0,2,1,0,0,1
366,12.2,후측면,4,track(4),-1.333,-2.731,63.2,,0,2,1,0,0,1
367,12.23,후측면,4,track(4),-1.335,-2.734,63.5,,0,2,1,0,0,1
368,12.27,후측면,4,track(4),-1.338,-2.736,63.8,,0,2,1,0,0,1
369,12.3,후측면,4,track(4),-1.34,-2.737,64.1,,0,2,1,0,0,1
370,12.33,후측면,4,track(4),-1.342,-2.739,64.4,,0,2,1,0,0,1
371,12.37,후측면,4,track(4),-1.344,-2.741,64.7,,0,2,1,0,0,1
372,12.4,후측면,4,track(4),-1.346,-2.743,65.0,,0,2,1,0,0,1
373,12.43,후측면,4,track(4),-1.348,-2.744,65.2,,0,2,1,0,0,1
374,12.47,후측면,4,track(4),-1.35,-2.746,65.4,,0,2,1,0,0,1
375,12.5,후측면,4,track(4),-1.352,-2.747,65.6,,0,2,1,0,0,1
376,12.53,후측면,4,track(4),-1.354,-2.747,65.8,,0,2,1,0,0,1
377,12.57,후측면,4,track(4),-1.356,-2.749,66.0,,0,2,1,0,0,1
378,12.6,후측면,4,track(4),-1.357,-2.75,66.1,,0,2,1,0,0,1
379,12.63,후측면,4,track(4),-1.36,-2.75,66.3,,0,2,1,0,0,1
380,12.67,후측면,4,track(4),-1.361,-2.75,66.4,,0,2,1,0,0,1
381,12.7,후측면,4,track(4),-1.363,-2.751,66.5,,0,2,1,0,0,1
382,12.73,후측면,4,track(4),-1.364,-2.751,66.6,,0,2,1,0,0,1
383,12.77,후측면,4,track(4),-1.366,-2.751,66.7,,0,2,1,0,0,1
384,12.8,후측면,4,track(4),-1.367,-2.75,66.8,,0,2,1,0,0,1
385,12.83,후측면,4,track(4),-1.369,-2.75,66.9,,0,2,1,0,0,1
386,12.87,후측면,4,track(4),-1.37,-2.751,67.0,,0,2,1,0,0,1
387,12.9,후측면,4,track(4),-1.371,-2.75,67.1,,0,2,1,0,0,1
388,12.93,후측면,4,track(4),-1.373,-2.75,67.2,,0,2,1,0,0,1
389,12.97,후측면,4,track(4),-1.374,-2.75,67.3,,0,2,1,0,0,1
390,13.0,후측면,4,track(4),-1.374,-2.75,67.4,,0,2,1,0,0,1
391,13.03,후측면,4,track(4),-1.375,-2.751,67.5,,0,2,1,0,0,1
392,13.07,후측면,4,track(4),-1.376,-2.751,67.7,,0,2,1,0,0,1
393,13.1,후측면,4,track(4),-1.376,-2.751,67.8,,0,2,1,0,0,1
394,13.13,후측면,4,track(4),-1.377,-2.751,67.9,,0,2,1,0,0,1
395,13.17,후측면,4,track(4),-1.377,-2.75,68.0,,0,2,1,0,0,1
396,13.2,후측면,4,track(4),-1.377,-2.751,68.1,,0,2,1,0,0,1
397,13.23,후측면,4,track(4),-1.378,-2.751,68.3,,0,2,1,0,0,1
398,13.27,후측면,4,track(4),-1.378,-2.75,68.4,,0,2,1,0,0,1
399,13.3,후측면,4,track(4),-1.378,-2.75,68.5,,0,2,1,0,0,1
400,13.33,후측면,4,track(4),-1.379,-2.75,68.7,,0,2,1,0,0,1
401,13.37,후측면,4,track(4),-1.379,-2.749,68.8,,0,2,1,0,0,1
402,13.4,후측면,4,track(4),-1.38,-2.748,68.9,,0,2,1,0,0,1
403,13.43,후측면,4,track(4),-1.381,-2.747,69.1,,0,2,1,0,0,1
404,13.47,후측면,4,track(4),-1.381,-2.747,69.2,,0,2,1,0,0,1
405,13.5,후측면,4,track(4),-1.382,-2.745,69.3,,0,2,1,0,0,1
406,13.53,후측면,4,track(4),-1.383,-2.744,69.4,,0,2,1,0,0,1
407,13.57,후측면,4,track(4),-1.383,-2.743,69.6,,0,2,1,0,0,1
408,13.6,후측면,4,track(4),-1.384,-2.742,69.7,,0,2,1,0,0,1
409,13.63,후측면,4,track(4),-1.384,-2.74,69.8,,0,2,1,0,0,1
410,13.67,후측면,4,track(4),-1.384,-2.739,70.0,,0,2,1,0,0,1
411,13.7,후측면,4,track(4),-1.384,-2.738,70.1,,0,2,1,0,0,1
412,13.73,후측면,4,track(4),-1.384,-2.736,70.2,,0,2,1,0,0,1
413,13.77,후측면,4,track(4),-1.384,-2.734,70.4,,0,2,1,0,0,1
414,13.8,후측면,4,track(4),-1.385,-2.732,70.5,,0,2,1,0,0,1
415,13.83,후측면,4,track(4),-1.385,-2.731,70.6,,0,2,1,0,0,1
416,13.87,후측면,4,track(4),-1.385,-2.729,70.8,,0,2,1,0,0,1
417,13.9,후측면,4,track(4),-1.385,-2.727,70.9,,0,2,1,0,0,1
418,13.93,후측면,4,track(4),-1.384,-2.726,71.1,,0,2,1,0,0,1
419,13.97,후측면,4,track(4),-1.384,-2.725,71.2,,0,2,1,0,0,1
420,14.0,후측면,4,track(4),-1.384,-2.723,71.4,,0,2,1,0,0,1
421,14.03,후측면,4,track(4),-1.385,-2.72,71.6,,0,2,1,0,0,1
422,14.07,후측면,4,track(4),-1.385,-2.717,71.7,,0,2,1,0,0,1
423,14.1,후측면,4,track(4),-1.384,-2.716,71.9,,0,2,1,0,0,1
424,14.13,후측면,4,track(4),-1.384,-2.714,72.1,,0,2,1,0,0,1
425,14.17,후측면,4,track(4),-1.384,-2.712,72.3,,0,2,1,0,0,1
426,14.2,후측면,4,track(4),-1.384,-2.709,72.4,,0,2,1,0,0,1
427,14.23,후측면,4,track(4),-1.384,-2.708,72.6,,0,2,1,0,0,1
428,14.27,후측면,4,track(4),-1.385,-2.704,72.8,,0,2,1,0,0,1
429,14.3,후측면,4,track(4),-1.385,-2.702,73.0,,0,2,1,0,0,1
430,14.33,후측면,4,track(4),-1.384,-2.701,73.2,,0,2,1,0,0,1
431,14.37,후측면,4,track(4),-1.384,-2.7,73.4,,0,2,1,0,0,1
432,14.4,후측면,4,track(4),-1.383,-2.7,73.6,,0,2,1,0,0,1
433,14.43,후측면,4,track(4),-1.382,-2.701,73.9,,0,2,1,0,0,1
434,14.47,후측면,4,track(4),-1.382,-2.701,74.1,,0,2,1,0,0,1
435,14.5,후측면,4,track(4),-1.381,-2.702,74.4,,0,2,1,0,0,1
436,14.53,후측면,4,track(4),-1.38,-2.704,74.6,,0,2,1,0,0,1
437,14.57,후측면,4,track(4),-1.38,-2.706,74.9,,0,2,1,0,0,1
438,14.6,후측면,4,track(4),-1.38,-2.708,75.2,,0,2,1,0,0,1
439,14.63,후측면,4,track(4),-1.38,-2.709,75.4,,0,2,1,0,0,1
440,14.67,후측면,4,track(4),-1.381,-2.711,75.6,,0,2,1,0,0,1
441,14.7,후측면,4,track(4),-1.381,-2.714,75.9,,0,2,1,0,0,1
442,14.73,후측면,4,track(4),-1.381,-2.717,76.2,,0,2,1,0,0,1
443,14.77,후측면,4,track(4),-1.381,-2.72,76.5,,0,2,1,0,0,1
444,14.8,후측면,4,track(4),-1.382,-2.722,76.7,,0,2,1,0,0,1
445,14.83,후측면,4,track(4),-1.383,-2.725,76.9,,0,2,1,0,0,1
446,14.87,후측면,4,track(4),-1.385,-2.728,77.2,,0,2,1,0,0,1
447,14.9,후측면,4,track(4),-1.386,-2.731,77.4,,0,2,1,0,0,1
448,14.93,후측면,4,track(4),-1.387,-2.733,77.6,,0,2,1,0,0,1
449,14.97,후측면,4,track(4),-1.388,-2.736,77.9,,0,2,1,0,0,1
450,15.0,후측면,4,track(4),-1.389,-2.739,78.1,,0,2,1,0,0,1
451,15.03,후측면,4,track(4),-1.391,-2.743,78.4,,0,2,1,0,0,1
452,15.07,후측면,4,track(4),-1.392,-2.746,78.6,,0,2,1,0,0,1
453,15.1,후측면,4,track(4),-1.394,-2.749,78.9,,0,2,1,0,0,1
454,15.13,후측면,4,track(4),-1.397,-2.752,79.1,,0,2,1,0,0,1
455,15.17,후측면,4,track(4),-1.398,-2.755,79.3,,0,2,1,0,0,1
456,15.2,후측면,4,track(4),-1.401,-2.759,79.6,,0,2,1,0,0,1
457,15.23,후측면,4,track(4),-1.403,-2.762,79.8,,0,2,1,0,0,1
458,15.27,후측면,4,track(4),-1.405,-2.766,80.1,,0,2,1,0,0,1
459,15.3,후측면,3,track(3),-1.409,-2.763,80.3,,0,1,1,0,0,1
460,15.33,후측면,3,track(3),-1.414,-2.761,80.4,,0,1,1,0,0,1
461,15.37,후측면,3,track(3),-1.418,-2.758,80.6,,0,1,1,0,0,1
462,15.4,후측면,3,track(3),-1.422,-2.756,80.7,,0,1,1,0,0,1
463,15.43,후측면,3,track(3),-1.425,-2.754,80.9,,0,1,1,0,0,1
464,15.47,후측면,3,track(3),-1.428,-2.752,81.1,,0,1,1,0,0,1
465,15.5,후측면,3,track(3),-1.43,-2.751,81.3,,0,1,1,0,0,1
466,15.53,후측면,3,track(3),-1.432,-2.75,81.4,,0,1,1,0,0,1
467,15.57,후측면,3,track(3),-1.435,-2.749,81.6,,0,1,1,0,0,1
468,15.6,후측면,3,track(3),-1.437,-2.747,81.8,,0,1,1,0,0,1
469,15.63,후측면,3,track(3),-1.438,-2.746,82.0,,0,1,1,0,0,1
470,15.67,후측면,3,track(3),-1.44,-2.746,82.2,,0,1,1,0,0,1
471,15.7,후측면,3,track(3),-1.442,-2.745,82.4,,0,1,1,0,0,1
472,15.73,후측면,3,track(3),-1.443,-2.744,82.6,,0,1,1,0,0,1
473,15.77,후측면,3,track(3),-1.444,-2.743,82.8,,0,1,1,0,0,1
474,15.8,후측면,3,track(3),-1.446,-2.743,83.0,,0,1,1,0,0,1
475,15.83,후측면,3,track(3),-1.447,-2.742,83.2,,0,1,1,0,0,1
476,15.87,후측면,3,track(3),-1.449,-2.741,83.3,,0,1,1,0,0,1
477,15.9,후측면,3,track(3),-1.45,-2.74,83.6,,0,1,1,0,0,1
478,15.93,후측면,3,track(3),-1.452,-2.739,83.8,,0,1,1,0,0,1
479,15.97,후측면,3,track(3),-1.454,-2.738,84.0,,0,1,1,0,0,1
480,16.0,후측면,3,track(3),-1.456,-2.737,84.2,,0,1,1,0,0,1
481,16.03,후측면,3,track(3),-1.458,-2.736,84.4,,0,1,1,0,0,1
482,16.07,후측면,3,track(3),-1.46,-2.735,84.6,,0,1,1,0,0,1
483,16.1,후측면,3,track(3),-1.461,-2.734,84.8,,0,1,1,0,0,1
484,16.13,후측면,3,track(3),-1.463,-2.733,85.0,,0,1,1,0,0,1
485,16.17,후측면,3,track(3),-1.464,-2.732,85.1,,0,1,1,0,0,1
486,16.2,후측면,3,track(3),-1.465,-2.731,85.3,,0,1,1,0,0,1
487,16.23,후측면,3,track(3),-1.466,-2.731,85.5,,0,1,1,0,0,1
488,16.27,후측면,3,track(3),-1.467,-2.73,85.7,,0,1,1,0,0,1
489,16.3,후측면,3,track(3),-1.468,-2.729,85.8,,0,1,1,0,0,1
490,16.33,후측면,3,track(3),-1.469,-2.728,86.1,,0,1,1,0,0,1
491,16.37,후측면,3,track(3),-1.47,-2.728,86.3,,0,2,1,0,0,1
492,16.4,후측면,3,track(3),-1.471,-2.727,86.4,,0,1,1,0,0,1
493,16.43,후측면,3,track(3),-1.472,-2.726,86.6,,0,1,1,0,0,1
494,16.47,후측면,3,track(3),-1.473,-2.726,86.8,,0,1,1,0,0,1
495,16.5,후측면,3,track(3),-1.474,-2.725,87.0,,0,1,1,0,0,1
496,16.53,후측면,3,track(3),-1.475,-2.724,87.2,,0,1,1,0,0,1
497,16.57,후측면,3,track(3),-1.477,-2.723,87.5,,0,1,1,0,0,1
498,16.6,후측면,3,track(3),-1.478,-2.722,87.7,,0,1,1,0,0,1
499,16.63,후측면,3,track(3),-1.479,-2.721,87.9,,0,1,1,0,0,1
500,16.67,후측면,3,track(3),-1.481,-2.72,88.1,,0,1,1,0,0,1
501,16.7,후측면,3,track(3),-1.482,-2.719,88.3,,0,1,1,0,0,1
502,16.73,후측면,3,track(3),-1.483,-2.718,88.5,,0,1,1,0,0,1
503,16.77,후측면,3,track(3),-1.485,-2.716,88.7,,0,1,1,0,0,1
504,16.8,후측면,3,track(3),-1.486,-2.715,88.8,,0,1,1,0,0,1
505,16.83,후측면,3,track(3),-1.487,-2.714,89.0,,0,1,1,0,0,1
506,16.87,후측면,3,track(3),-1.489,-2.713,89.2,,0,1,1,0,0,1
507,16.9,후측면,3,track(3),-1.49,-2.712,89.4,,0,1,1,0,0,1
508,16.93,후측면,3,track(3),-1.491,-2.711,89.6,,0,1,1,0,0,1
509,16.97,후측면,3,track(3),-1.493,-2.709,89.8,,0,1,1,0,0,1
510,17.0,후측면,3,track(3),-1.494,-2.708,89.9,,0,1,1,0,0,1
511,17.03,후측면,3,track(3),-1.495,-2.707,90.1,,0,1,1,0,0,1
512,17.07,후측면,3,track(3),-1.497,-2.706,90.2,,0,1,1,0,0,1
513,17.1,후측면,3,track(3),-1.498,-2.705,90.4,,0,1,1,0,0,1
514,17.13,후측면,3,track(3),-1.499,-2.704,90.6,,0,1,1,0,0,1
515,17.17,후측면,3,track(3),-1.501,-2.702,90.8,,0,1,1,0,0,1
516,17.2,후측면,3,track(3),-1.502,-2.701,91.0,,0,1,1,0,0,1
517,17.23,후측면,3,track(3),-1.504,-2.7,91.1,,0,1,1,0,0,1
518,17.27,후측면,3,track(3),-1.505,-2.698,91.3,,0,1,1,0,0,1
519,17.3,후측면,3,track(3),-1.507,-2.696,91.4,,0,1,1,0,0,1
520,17.33,후측면,3,track(3),-1.508,-2.695,91.6,,0,1,1,0,0,1
521,17.37,후측면,3,track(3),-1.51,-2.693,91.7,,0,1,1,0,0,1
522,17.4,후측면,3,track(3),-1.512,-2.692,91.8,,0,1,1,0,0,1
523,17.43,후측면,3,track(3),-1.513,-2.69,92.0,,0,1,1,0,0,1
524,17.47,후측면,3,track(3),-1.515,-2.689,92.1,,0,1,1,0,0,1
525,17.5,후측면,3,track(3),-1.516,-2.687,92.3,,0,1,1,0,0,1
526,17.53,후측면,3,track(3),-1.517,-2.686,92.4,,0,1,1,0,0,1
527,17.57,후측면,3,track(3),-1.519,-2.684,92.5,,0,1,1,0,0,1
528,17.6,후측면,3,track(3),-1.52,-2.682,92.7,,0,1,1,0,0,1
529,17.63,후측면,3,track(3),-1.521,-2.68,92.9,,0,1,1,0,0,1
530,17.67,후측면,3,track(3),-1.523,-2.679,93.0,,0,1,1,0,0,1
531,17.7,후측면,3,track(3),-1.524,-2.677,93.2,,0,1,1,0,0,1
532,17.73,후측면,3,track(3),-1.524,-2.676,93.3,,0,1,1,0,0,1
533,17.77,후측면,3,track(3),-1.524,-2.676,93.5,,0,1,1,0,0,1
534,17.8,후측면,3,track(3),-1.523,-2.677,93.7,,0,1,1,0,0,1
535,17.83,후측면,3,track(3),-1.521,-2.678,93.9,,0,1,1,0,0,1
536,17.87,후측면,3,track(3),-1.519,-2.679,94.2,,0,1,1,0,0,1
537,17.9,후측면,3,track(3),-1.517,-2.681,94.4,,0,1,1,0,0,1
538,17.93,후측면,3,track(3),-1.515,-2.683,94.7,,0,1,1,0,0,1
539,17.97,후측면,3,track(3),-1.512,-2.686,95.0,,0,1,1,0,0,1
540,18.0,후측면,3,track(3),-1.509,-2.688,95.3,,0,1,1,0,0,1
541,18.03,후측면,3,track(3),-1.506,-2.691,95.6,,0,1,1,0,0,1
542,18.07,후측면,3,track(3),-1.503,-2.694,95.9,,0,1,1,0,0,1
543,18.1,후측면,3,track(3),-1.499,-2.698,96.2,,0,1,1,0,0,1
544,18.13,후측면,3,track(3),-1.496,-2.701,96.5,,0,1,1,0,0,1
545,18.17,후측면,3,track(3),-1.493,-2.704,96.8,,0,1,1,0,0,1
546,18.2,후측면,3,track(3),-1.49,-2.707,97.1,,0,1,1,0,0,1
547,18.23,후측면,3,track(3),-1.487,-2.71,97.4,,0,1,1,0,0,1
548,18.27,후측면,3,track(3),-1.483,-2.714,97.7,,0,1,1,0,0,1
549,18.3,후측면,3,track(3),-1.48,-2.717,98.0,,0,1,1,0,0,1
550,18.33,후측면,3,track(3),-1.477,-2.721,98.4,,0,1,1,0,0,1
551,18.37,후측면,3,track(3),-1.473,-2.725,98.7,,0,1,1,0,0,1
552,18.4,후측면,3,track(3),-1.469,-2.729,99.0,,0,1,1,0,0,1
553,18.43,후측면,2,weak(2),-1.469,-2.729,99.0,,0,0,1,0,0,1
554,18.47,후측면,2,weak(2),-1.469,-2.729,99.0,,0,0,1,0,0,1
555,18.5,후측면,2,weak(2),-1.469,-2.729,99.0,,0,0,1,0,0,1
556,18.53,후측면,2,weak(2),-1.469,-2.729,99.0,,0,0,1,0,0,1
557,18.57,후측면,2,weak(2),-1.469,-2.729,99.0,,0,0,1,0,0,1
558,18.6,후측면,2,weak(2),-1.469,-2.729,99.0,,0,0,1,0,0,1
559,18.63,후측면,2,weak(2),-1.469,-2.729,99.0,,0,0,1,0,0,1
560,18.67,후측면,2,weak(2),-1.469,-2.729,99.0,,0,0,1,0,0,1
561,18.7,후측면,2,weak(2),-1.469,-2.729,99.0,,0,0,1,0,0,1
562,18.73,후측면,2,weak(2),-1.469,-2.729,99.0,,0,0,1,0,0,1
563,18.77,후측면,2,weak(2),-1.469,-2.729,99.0,,0,0,1,0,0,1
564,18.8,후측면,2,weak(2),-1.469,-2.729,99.0,,0,0,1,0,0,1
565,18.83,후측면,2,weak(2),-1.469,-2.729,99.0,,0,0,1,0,0,1
566,18.87,후측면,2,weak(2),-1.469,-2.729,99.0,,0,0,1,0,0,1
567,18.9,후측면,2,weak(2),-1.469,-2.729,99.0,,0,0,1,0,0,1
568,18.93,후측면,2,weak(2),-1.469,-2.729,99.0,,0,0,1,0,0,1
569,18.97,후측면,2,weak(2),-1.469,-2.729,99.0,,0,0,1,0,0,1
570,19.0,후측면,2,weak(2),-1.469,-2.729,99.0,,0,0,1,0,0,1
571,19.03,후측면,2,weak(2),-1.469,-2.729,99.0,,0,0,1,0,0,1
572,19.07,후측면,2,weak(2),-1.469,-2.729,99.0,,0,0,1,0,0,1
573,19.1,후측면,2,weak(2),-1.469,-2.729,99.0,,0,0,1,0,0,1
574,19.13,후측면,2,weak(2),-1.469,-2.729,99.0,,0,0,1,0,0,1
575,19.17,후측면,2,weak(2),-1.469,-2.729,99.0,,0,0,1,0,0,1
576,19.2,후측면,2,weak(2),-1.469,-2.729,99.0,,0,0,1,0,0,1
577,19.23,후측면,2,weak(2),-1.469,-2.729,99.0,,0,0,1,0,0,1
578,19.27,후측면,2,weak(2),-1.469,-2.729,99.0,,0,0,1,0,0,1
579,19.3,후측면,2,weak(2),-1.469,-2.729,99.0,,0,0,1,0,0,1
580,19.33,후측면,2,weak(2),-1.469,-2.729,99.0,,0,0,1,0,0,1
581,19.37,후측면,2,weak(2),-1.469,-2.729,99.0,,0,0,1,0,0,1
582,19.4,후측면,1,coast,-1.469,-2.729,99.0,,0,0,0,0,0,1
583,19.43,후측면,1,coast,-1.469,-2.729,99.0,,0,0,0,0,0,1
584,19.47,후측면,1,coast,-1.469,-2.729,99.0,,0,0,0,0,0,1
585,19.5,후측면,1,coast,-1.469,-2.729,99.0,,0,0,0,0,0,1
586,19.53,후측면,1,coast,-1.469,-2.729,99.0,,0,0,0,0,0,1
587,19.57,후측면,1,coast,-1.469,-2.729,99.0,,0,0,0,0,0,1
588,19.6,후측면,1,coast,-1.469,-2.729,99.0,,0,0,0,0,0,1
589,19.63,후측면,0,coast,-1.469,-2.729,99.0,,0,0,0,0,0,0
590,19.67,후측면,0,coast,-1.469,-2.729,99.0,,0,0,0,0,0,0
591,19.7,후측면,0,coast,-1.469,-2.729,99.0,,0,0,0,0,0,0
592,19.73,후측면,0,coast,-1.469,-2.729,99.0,,0,0,0,0,0,0
593,19.77,후측면,0,coast,-1.469,-2.729,99.0,,0,0,0,0,0,0
594,19.8,후측면,0,coast,-1.469,-2.729,99.0,,0,0,0,0,0,0
595,19.83,후측면,0,coast,-1.469,-2.729,99.0,,0,0,0,0,0,0
596,19.87,후측면,0,coast,-1.469,-2.729,99.0,,0,0,0,0,0,0
597,19.9,후측면,0,coast,-1.469,-2.729,99.0,,0,0,0,0,0,0
598,19.93,후측면,0,coast,-1.469,-2.729,99.0,,0,0,0,0,0,0
599,19.97,후측면,0,coast,-1.469,-2.729,99.0,,0,0,0,0,0,0
600,20.0,후측면,0,coast,-1.469,-2.729,99.0,,0,0,0,0,0,0
601,20.03,후측면,0,coast,-1.469,-2.729,99.0,,0,0,0,0,0,0
602,20.07,후측면,0,coast,-1.469,-2.729,99.0,,0,0,0,0,0,0
603,20.1,후측면,0,coast,-1.469,-2.729,99.0,,0,0,0,0,0,0
604,20.13,미확인,0,lost,-1.469,-2.729,99.0,,0,0,0,0,0,0
605,20.17,미확인,0,lost,-1.469,-2.729,99.0,,0,0,0,0,0,0
606,20.2,미확인,0,lost,-1.469,-2.729,99.0,,0,0,0,0,0,0
607,20.23,미확인,0,lost,-1.469,-2.729,99.0,,0,0,0,0,0,0
608,20.27,미확인,0,lost,-1.469,-2.729,99.0,,0,0,0,0,0,0
609,20.3,미확인,0,lost,-1.469,-2.729,99.0,,0,0,0,0,0,0
610,20.33,미확인,0,lost,-1.469,-2.729,99.0,,0,0,0,0,0,0
611,20.37,미확인,0,lost,-1.469,-2.729,99.0,,0,0,0,0,0,0
612,20.4,미확인,0,lost,-1.469,-2.729,99.0,,0,0,0,0,0,0
613,20.43,미확인,0,lost,-1.469,-2.729,99.0,,0,0,0,0,0,0
614,20.47,미확인,0,lost,-1.469,-2.729,99.0,,0,0,0,0,0,0
615,20.5,미확인,0,lost,-1.469,-2.729,99.0,,0,0,0,0,0,0
616,20.53,미확인,0,lost,-1.469,-2.729,99.0,,0,0,0,0,0,0
617,20.57,미확인,0,lost,-1.469,-2.729,99.0,,0,0,0,0,0,0
618,20.6,미확인,0,lost,-1.469,-2.729,99.0,,0,0,0,0,0,0
619,20.63,미확인,0,lost,-1.469,-2.729,99.0,,0,0,0,0,0,0
620,20.67,미확인,0,lost,-1.469,-2.729,99.0,,0,0,0,0,0,0
621,20.7,미확인,0,lost,-1.469,-2.729,99.0,,0,0,0,0,0,0
622,20.73,미확인,0,lost,-1.469,-2.729,99.0,,0,0,0,0,0,0
623,20.77,미확인,0,lost,-1.469,-2.729,99.0,,0,0,0,0,0,0
624,20.8,미확인,0,lost,-1.469,-2.729,99.0,,0,0,0,0,0,0
625,20.83,미확인,0,lost,-1.469,-2.729,99.0,,0,0,0,0,0,0
626,20.87,미확인,0,lost,-1.469,-2.729,99.0,,0,0,0,0,0,0
627,20.9,미확인,0,lost,-1.469,-2.729,99.0,,0,0,0,0,0,0
628,20.93,미확인,0,lost,-1.469,-2.729,99.0,,0,0,0,0,0,0
629,20.97,미확인,0,lost,-1.469,-2.729,99.0,,0,0,0,0,0,0
630,21.0,미확인,0,lost,-1.469,-2.729,99.0,,0,0,0,0,0,0
631,21.03,미확인,0,lost,-1.469,-2.729,99.0,,0,0,0,0,0,0
632,21.07,미확인,0,lost,-1.469,-2.729,99.0,,0,0,0,0,0,0
633,21.1,미확인,0,lost,-1.469,-2.729,99.0,,0,0,0,0,0,0
634,21.13,미확인,0,lost,-1.469,-2.729,99.0,,0,0,0,0,0,0
635,21.17,미확인,0,lost,-1.469,-2.729,99.0,,0,0,0,0,0,0
636,21.2,미확인,0,lost,-1.469,-2.729,99.0,,0,0,0,0,0,0
637,21.23,미확인,0,lost,-1.469,-2.729,99.0,,0,0,0,0,0,0
638,21.27,미확인,0,lost,-1.469,-2.729,99.0,,0,0,0,0,0,0
639,21.3,미확인,1,coast,-1.469,-2.729,99.0,,0,0,1,0,0,0
640,21.33,미확인,1,coast,-1.469,-2.729,99.0,,0,0,1,0,0,0
641,21.37,미확인,1,coast,-1.469,-2.729,99.0,,0,0,1,0,0,0
642,21.4,미확인,0,coast,-1.469,-2.729,99.0,,0,0,0,0,0,0
643,21.43,미확인,1,coast,-1.469,-2.729,99.0,,0,0,0,0,1,0
644,21.47,미확인,1,coast,-1.469,-2.729,99.0,,0,0,0,0,1,0
645,21.5,미확인,0,coast,-1.469,-2.729,99.0,,0,0,0,0,0,0
646,21.53,미확인,0,coast,-1.469,-2.729,99.0,,0,0,0,0,0,0
647,21.57,미확인,0,coast,-1.469,-2.729,99.0,,0,0,0,0,0,0
648,21.6,미확인,0,coast,-1.469,-2.729,99.0,,0,0,0,0,0,0
649,21.63,미확인,0,coast,-1.469,-2.729,99.0,,0,0,0,0,0,0
650,21.67,미확인,0,coast,-1.469,-2.729,99.0,,0,0,0,0,0,0
651,21.7,미확인,0,coast,-1.469,-2.729,99.0,,0,0,0,0,0,0
652,21.73,미확인,0,coast,-1.469,-2.729,99.0,,0,0,0,0,0,0
653,21.77,미확인,0,coast,-1.469,-2.729,99.0,,0,0,0,0,0,0
654,21.8,미확인,0,coast,-1.469,-2.729,99.0,,0,0,0,0,0,0
655,21.83,미확인,0,coast,-1.469,-2.729,99.0,,0,0,0,0,0,0
656,21.87,미확인,0,coast,-1.469,-2.729,99.0,,0,0,0,0,0,0
657,21.9,미확인,0,coast,-1.469,-2.729,99.0,,0,0,0,0,0,0
658,21.93,미확인,0,coast,-1.469,-2.729,99.0,,0,0,0,0,0,0
659,21.97,미확인,0,coast,-1.469,-2.729,99.0,,0,0,0,0,0,0
660,22.0,미확인,0,lost,-1.469,-2.729,99.0,,0,0,0,0,0,0
661,22.03,미확인,0,lost,-1.469,-2.729,99.0,,0,0,0,0,0,0
662,22.07,미확인,0,lost,-1.469,-2.729,99.0,,0,0,0,0,0,0
663,22.1,미확인,0,lost,-1.469,-2.729,99.0,,0,0,0,0,0,0
664,22.13,미확인,0,lost,-1.469,-2.729,99.0,,0,0,0,0,0,0
665,22.17,미확인,0,lost,-1.469,-2.729,99.0,,0,0,0,0,0,0
666,22.2,미확인,0,lost,-1.469,-2.729,99.0,,0,0,0,0,0,0
667,22.23,미확인,0,lost,-1.469,-2.729,99.0,,0,0,0,0,0,0
668,22.27,미확인,0,lost,-1.469,-2.729,99.0,,0,0,0,0,0,0
669,22.3,미확인,0,lost,-1.469,-2.729,99.0,,0,0,0,0,0,0
670,22.33,미확인,0,lost,-1.469,-2.729,99.0,,0,0,0,0,0,0
671,22.37,미확인,0,lost,-1.469,-2.729,99.0,,0,0,0,0,0,0
672,22.4,미확인,0,lost,-1.469,-2.729,99.0,,0,0,0,0,0,0
673,22.43,미확인,0,lost,-1.469,-2.729,99.0,,0,0,0,0,0,0
674,22.47,미확인,0,lost,-1.469,-2.729,99.0,,0,0,0,0,0,0
675,22.5,미확인,0,lost,-1.469,-2.729,99.0,,0,0,0,0,0,0
676,22.53,미확인,0,lost,-1.469,-2.729,99.0,,0,0,0,0,0,0
677,22.57,미확인,0,lost,-1.469,-2.729,99.0,,0,0,0,0,0,0
678,22.6,미확인,0,lost,-1.469,-2.729,99.0,,0,0,0,0,0,0
679,22.63,미확인,0,lost,-1.469,-2.729,99.0,,0,0,0,0,0,0
680,22.67,미확인,0,lost,-1.469,-2.729,99.0,,0,0,0,0,0,0
681,22.7,미확인,0,lost,-1.469,-2.729,99.0,,0,0,0,0,0,0
682,22.73,미확인,0,lost,-1.469,-2.729,99.0,,0,0,0,0,0,0
683,22.77,미확인,0,lost,-1.469,-2.729,99.0,,0,0,0,0,0,0
684,22.8,미확인,0,lost,-1.469,-2.729,99.0,,0,0,0,0,0,0
685,22.83,미확인,0,lost,-1.469,-2.729,99.0,,0,0,0,0,0,0
686,22.87,미확인,0,lost,-1.469,-2.729,99.0,,0,0,0,0,0,0
687,22.9,미확인,0,lost,-1.469,-2.729,99.0,,0,0,0,0,0,0
688,22.93,미확인,0,lost,-1.469,-2.729,99.0,,0,0,0,0,0,0
689,22.97,미확인,0,lost,-1.469,-2.729,99.0,,0,0,0,0,0,0
690,23.0,미확인,0,lost,-1.469,-2.729,99.0,,0,0,0,0,0,0
691,23.03,미확인,0,lost,-1.469,-2.729,99.0,,0,0,0,0,0,0
692,23.07,미확인,0,lost,-1.469,-2.729,99.0,,0,0,0,0,0,0
693,23.1,미확인,0,lost,-1.469,-2.729,99.0,,0,0,0,0,0,0
694,23.13,미확인,0,lost,-1.469,-2.729,99.0,,0,0,0,0,0,0
695,23.17,미확인,0,lost,-1.469,-2.729,99.0,,0,0,0,0,0,0
696,23.2,미확인,0,lost,-1.469,-2.729,99.0,,0,0,0,0,0,0
697,23.23,미확인,0,lost,-1.469,-2.729,99.0,,0,0,0,0,0,0
698,23.27,미확인,0,lost,-1.469,-2.729,99.0,,0,0,0,0,0,0
699,23.3,미확인,0,lost,-1.469,-2.729,99.0,,0,0,0,0,0,0
700,23.33,미확인,0,lost,-1.469,-2.729,99.0,,0,0,0,0,0,0
701,23.37,미확인,0,lost,-1.469,-2.729,99.0,,0,0,0,0,0,0
702,23.4,미확인,0,lost,-1.469,-2.729,99.0,,0,0,0,0,0,0
703,23.43,미확인,0,lost,-1.469,-2.729,99.0,,0,0,0,0,0,0
704,23.47,미확인,0,lost,-1.469,-2.729,99.0,,0,0,0,0,0,0
705,23.5,미확인,0,lost,-1.469,-2.729,99.0,,0,0,0,0,0,0
706,23.53,미확인,0,lost,-1.469,-2.729,99.0,,0,0,0,0,0,0
707,23.57,미확인,0,lost,-1.469,-2.729,99.0,,0,0,0,0,0,0
708,23.6,미확인,0,lost,-1.469,-2.729,99.0,,0,0,0,0,0,0
709,23.63,미확인,0,lost,-1.469,-2.729,99.0,,0,0,0,0,0,0
710,23.67,미확인,0,lost,-1.469,-2.729,99.0,,0,0,0,0,0,0
711,23.7,미확인,0,lost,-1.469,-2.729,99.0,,0,0,0,0,0,0
712,23.73,미확인,0,lost,-1.469,-2.729,99.0,,0,0,0,0,0,0
713,23.77,미확인,0,lost,-1.469,-2.729,99.0,,0,0,0,0,0,0
714,23.8,미확인,0,lost,-1.469,-2.729,99.0,,0,0,0,0,0,0
715,23.83,미확인,0,lost,-1.469,-2.729,99.0,,0,0,0,0,0,0
716,23.87,미확인,0,lost,-1.469,-2.729,99.0,,0,0,0,0,0,0
717,23.9,미확인,0,lost,-1.469,-2.729,99.0,,0,0,0,0,0,0
718,23.93,미확인,0,lost,-1.469,-2.729,99.0,,0,0,0,0,0,0
719,23.97,미확인,0,lost,-1.469,-2.729,99.0,,0,0,0,0,0,0
720,24.0,미확인,0,lost,-1.469,-2.729,99.0,,0,0,0,0,0,0
721,24.03,미확인,0,lost,-1.469,-2.729,99.0,,0,0,0,0,0,0
722,24.07,미확인,0,lost,-1.469,-2.729,99.0,,0,0,0,0,0,0
723,24.1,미확인,0,lost,-1.469,-2.729,99.0,,0,0,0,0,0,0
724,24.13,미확인,0,lost,-1.469,-2.729,99.0,,0,0,0,0,0,0
725,24.17,미확인,0,lost,-1.469,-2.729,99.0,,0,0,0,0,0,0
726,24.2,미확인,0,lost,-1.469,-2.729,99.0,,0,0,0,0,0,0
727,24.23,미확인,0,lost,-1.469,-2.729,99.0,,0,0,0,0,0,0
728,24.27,미확인,0,lost,-1.469,-2.729,99.0,,0,0,0,0,0,0
729,24.3,미확인,0,lost,-1.469,-2.729,99.0,,0,0,0,0,0,0
730,24.33,미확인,0,lost,-1.469,-2.729,99.0,,0,0,0,0,0,0
731,24.37,미확인,0,lost,-1.469,-2.729,99.0,,0,0,0,0,0,0
732,24.4,미확인,0,lost,-1.469,-2.729,99.0,,0,0,0,0,0,0
733,24.43,미확인,0,lost,-1.469,-2.729,99.0,,0,0,0,0,0,0
734,24.47,미확인,0,lost,-1.469,-2.729,99.0,,0,0,0,0,0,0
735,24.5,미확인,0,lost,-1.469,-2.729,99.0,,0,0,0,0,0,0
736,24.53,미확인,0,lost,-1.469,-2.729,99.0,,0,0,0,0,0,0
737,24.57,미확인,0,lost,-1.469,-2.729,99.0,,0,0,0,0,0,0
738,24.6,미확인,0,lost,-1.469,-2.729,99.0,,0,0,0,0,0,0
739,24.63,미확인,0,lost,-1.469,-2.729,99.0,,0,0,0,0,0,0
740,24.67,미확인,0,lost,-1.469,-2.729,99.0,,0,0,0,0,0,0
741,24.7,미확인,0,lost,-1.469,-2.729,99.0,,0,0,0,0,0,0
742,24.73,미확인,0,lost,-1.469,-2.729,99.0,,0,0,0,0,0,0
743,24.77,미확인,0,lost,-1.469,-2.729,99.0,,0,0,0,0,0,0
744,24.8,미확인,0,lost,-1.469,-2.729,99.0,,0,0,0,0,0,0
745,24.83,미확인,0,lost,-1.469,-2.729,99.0,,0,0,0,0,0,0
746,24.87,미확인,0,lost,-1.469,-2.729,99.0,,0,0,0,0,0,0
747,24.9,미확인,0,lost,-1.469,-2.729,99.0,,0,0,0,0,0,0
748,24.93,미확인,0,lost,-1.469,-2.729,99.0,,0,0,0,0,0,0
749,24.97,미확인,0,lost,-1.469,-2.729,99.0,,0,0,0,0,0,0
750,25.0,미확인,0,lost,-1.469,-2.729,99.0,,0,0,0,0,0,0
751,25.03,미확인,1,coast,-1.469,-2.729,99.0,,0,1,0,0,0,0
752,25.07,미확인,0,coast,-1.469,-2.729,99.0,,0,0,0,0,0,0
753,25.1,미확인,0,coast,-1.469,-2.729,99.0,,0,0,0,0,0,0
754,25.13,미확인,0,coast,-1.469,-2.729,99.0,,0,0,0,0,0,0
755,25.17,미확인,0,coast,-1.469,-2.729,99.0,,0,0,0,0,0,0
756,25.2,미확인,0,coast,-1.469,-2.729,99.0,,0,0,0,0,0,0
757,25.23,미확인,0,coast,-1.469,-2.729,99.0,,0,0,0,0,0,0
758,25.27,미확인,0,coast,-1.469,-2.729,99.0,,0,0,0,0,0,0
759,25.3,미확인,0,coast,-1.469,-2.729,99.0,,0,0,0,0,0,0
760,25.33,미확인,0,coast,-1.469,-2.729,99.0,,0,0,0,0,0,0
761,25.37,미확인,0,coast,-1.469,-2.729,99.0,,0,0,0,0,0,0
762,25.4,미확인,0,coast,-1.469,-2.729,99.0,,0,0,0,0,0,0
763,25.43,미확인,0,coast,-1.469,-2.729,99.0,,0,0,0,0,0,0
764,25.47,미확인,0,coast,-1.469,-2.729,99.0,,0,1,0,0,0,0
765,25.5,미확인,1,coast,-1.469,-2.729,99.0,,0,2,0,0,0,0
766,25.53,미확인,1,coast,-1.469,-2.729,99.0,,0,2,0,0,0,0
767,25.57,미확인,1,coast,-1.469,-2.729,99.0,,0,1,0,0,0,0
768,25.6,미확인,0,coast,-1.469,-2.729,99.0,,0,0,0,0,0,0
769,25.63,미확인,0,coast,-1.469,-2.729,99.0,,0,0,0,0,0,0
770,25.67,미확인,0,coast,-1.469,-2.729,99.0,,0,0,0,0,0,0
771,25.7,미확인,0,coast,-1.469,-2.729,99.0,,0,0,0,0,0,0
772,25.73,미확인,0,coast,-1.469,-2.729,99.0,,0,0,0,0,0,0
773,25.77,미확인,0,coast,-1.469,-2.729,99.0,,0,0,0,0,0,0
774,25.8,미확인,0,coast,-1.469,-2.729,99.0,,0,0,0,0,0,0
775,25.83,미확인,0,coast,-1.469,-2.729,99.0,,0,0,0,0,0,0
776,25.87,미확인,1,coast,-1.469,-2.729,99.0,,0,1,0,0,0,0
777,25.9,미확인,0,coast,-1.469,-2.729,99.0,,0,0,0,0,0,0
778,25.93,미확인,0,coast,-1.469,-2.729,99.0,,0,0,0,0,0,0
779,25.97,미확인,0,coast,-1.469,-2.729,99.0,,0,0,0,0,0,0
780,26.0,미확인,0,coast,-1.469,-2.729,99.0,,0,0,0,0,0,0
781,26.03,미확인,0,coast,-1.469,-2.729,99.0,,0,0,0,0,0,0
782,26.07,미확인,0,coast,-1.469,-2.729,99.0,,0,0,0,0,0,0
783,26.1,미확인,0,coast,-1.469,-2.729,99.0,,0,0,0,0,0,0
784,26.13,미확인,0,coast,-1.469,-2.729,99.0,,0,0,0,0,0,0
785,26.17,미확인,0,coast,-1.469,-2.729,99.0,,0,0,0,0,0,0
786,26.2,미확인,0,coast,-1.469,-2.729,99.0,,0,0,0,0,0,0
787,26.23,미확인,0,coast,-1.469,-2.729,99.0,,0,0,0,0,0,0
788,26.27,미확인,0,coast,-1.469,-2.729,99.0,,0,0,0,0,0,0
789,26.3,미확인,0,coast,-1.469,-2.729,99.0,,0,0,0,0,0,0
790,26.33,미확인,0,coast,-1.469,-2.729,99.0,,0,0,0,0,0,0
791,26.37,미확인,0,coast,-1.469,-2.729,99.0,,0,0,0,0,0,0
792,26.4,미확인,0,lost,-1.469,-2.729,99.0,,0,0,0,0,0,0
793,26.43,미확인,0,lost,-1.469,-2.729,99.0,,0,0,0,0,0,0
794,26.47,미확인,0,lost,-1.469,-2.729,99.0,,0,0,0,0,0,0
795,26.5,미확인,0,lost,-1.469,-2.729,99.0,,0,0,0,0,0,0
796,26.53,미확인,0,lost,-1.469,-2.729,99.0,,0,0,0,0,0,0
797,26.57,미확인,0,lost,-1.469,-2.729,99.0,,0,0,0,0,0,0
798,26.6,미확인,0,lost,-1.469,-2.729,99.0,,0,0,0,0,0,0
799,26.63,미확인,0,lost,-1.469,-2.729,99.0,,0,0,0,0,0,0
800,26.67,미확인,0,lost,-1.469,-2.729,99.0,,0,0,0,0,0,0
801,26.7,미확인,0,lost,-1.469,-2.729,99.0,,0,0,0,0,0,0
802,26.73,미확인,0,lost,-1.469,-2.729,99.0,,0,0,0,0,0,0
803,26.77,미확인,0,lost,-1.469,-2.729,99.0,,0,0,0,0,0,0
804,26.8,미확인,0,lost,-1.469,-2.729,99.0,,0,0,0,0,0,0
805,26.83,미확인,0,lost,-1.469,-2.729,99.0,,0,0,0,0,0,0
806,26.87,미확인,0,lost,-1.469,-2.729,99.0,,0,0,0,0,0,0
807,26.9,미확인,0,lost,-1.469,-2.729,99.0,,0,0,0,0,0,0
808,26.93,미확인,0,lost,-1.469,-2.729,99.0,,0,0,0,0,0,0
809,26.97,미확인,0,lost,-1.469,-2.729,99.0,,0,0,0,0,0,0
810,27.0,미확인,0,lost,-1.469,-2.729,99.0,,0,0,0,0,0,0
811,27.03,미확인,0,lost,-1.469,-2.729,99.0,,0,0,0,0,0,0
812,27.07,미확인,0,lost,-1.469,-2.729,99.0,,0,0,0,0,0,0
813,27.1,미확인,0,lost,-1.469,-2.729,99.0,,0,0,0,0,0,0
814,27.13,미확인,0,lost,-1.469,-2.729,99.0,,0,0,0,0,0,0
815,27.17,미확인,0,lost,-1.469,-2.729,99.0,,0,0,0,0,0,0
816,27.2,미확인,0,lost,-1.469,-2.729,99.0,,0,0,0,0,0,0
817,27.23,미확인,0,lost,-1.469,-2.729,99.0,,0,0,0,0,0,0
818,27.27,미확인,0,lost,-1.469,-2.729,99.0,,0,0,0,0,0,0
819,27.3,미확인,0,lost,-1.469,-2.729,99.0,,0,0,0,0,0,0
820,27.33,미확인,0,lost,-1.469,-2.729,99.0,,0,0,0,0,0,0
821,27.37,미확인,0,coast,-1.469,-2.729,99.0,,0,0,0,0,2,0
822,27.4,미확인,1,coast,-1.469,-2.729,99.0,,0,0,0,0,0,1
823,27.43,미확인,1,coast,-1.469,-2.729,99.0,,0,0,0,0,0,1
824,27.47,미확인,1,coast,-1.469,-2.729,99.0,,0,0,0,0,0,1
825,27.5,미확인,0,coast,-1.469,-2.729,99.0,,0,0,0,0,0,0
826,27.53,미확인,0,coast,-1.469,-2.729,99.0,,0,0,0,0,0,0
827,27.57,미확인,0,coast,-1.469,-2.729,99.0,,0,0,0,0,0,0
828,27.6,미확인,1,coast,-1.469,-2.729,99.0,,0,0,0,0,0,1
829,27.63,미확인,0,coast,-1.469,-2.729,99.0,,0,0,0,0,0,0
830,27.67,미확인,2,weak(2),-1.469,-2.729,99.0,,0,0,0,1,0,1
831,27.7,미확인,0,coast,-1.469,-2.729,99.0,,0,0,0,0,0,0
832,27.73,미확인,1,track(1+p),-1.048,0.245,23.1,1.07,0,0,0,1,0,0
833,27.77,미확인,1,coast,-1.048,0.245,23.1,1.07,0,0,0,1,0,0
834,27.8,미확인,1,track(1+p),-1.024,0.324,17.1,1.07,0,0,0,1,0,0
835,27.83,미확인,2,track(2+p),-1.031,0.333,14.1,1.08,0,0,0,1,0,1
836,27.87,미확인,2,track(2+p),-1.038,0.338,12.0,1.09,0,0,0,1,0,1
837,27.9,미확인,2,track(2+p),-1.045,0.342,11.3,1.1,0,0,0,1,0,1
838,27.93,미확인,2,track(2+p),-1.053,0.342,10.9,1.11,0,0,0,1,0,1
839,27.97,미확인,2,track(2+p),-1.063,0.344,10.3,1.12,0,0,0,1,0,1
840,28.0,미확인,2,track(2+p),-1.066,0.351,9.4,1.12,0,0,0,1,0,1
841,28.03,미확인,2,track(2+p),-1.074,0.352,9.0,1.13,0,0,0,1,0,1
842,28.07,미확인,2,track(2+p),-1.084,0.354,8.4,1.14,0,0,0,1,0,1
843,28.1,미확인,2,track(2+p),-1.094,0.358,7.8,1.15,0,0,0,1,0,1
844,28.13,미확인,2,track(2+p),-1.104,0.359,7.4,1.16,0,0,0,1,0,1
845,28.17,미확인,2,track(2+p),-1.109,0.356,7.0,1.17,0,0,0,1,0,1
846,28.2,미확인,3,track(3+p),-1.12,0.346,4.6,1.17,0,0,0,1,0,3
847,28.23,미확인,4,track(4+p),-1.121,0.341,4.9,1.17,1,0,0,1,0,3
848,28.27,미확인,4,track(4+p),-1.127,0.339,4.7,1.17,1,0,0,1,0,2
849,28.3,미확인,3,track(3+p),-1.132,0.344,3.6,1.18,0,0,0,1,0,2
850,28.33,후면,3,track(3+p),-1.135,0.342,3.4,1.18,0,0,0,1,0,3
851,28.37,후면,4,track(4+p),-1.137,0.339,3.5,1.18,1,0,0,1,0,2
852,28.4,후면,4,track(4+p),-1.14,0.339,3.1,1.19,1,0,0,1,2,2
853,28.43,후면,4,track(4+p),-1.132,0.336,2.6,1.18,1,0,0,1,2,3
854,28.47,후면,5,track(5+p),-1.123,0.385,-0.4,1.18,1,0,0,1,1,3
855,28.5,후면,5,track(5+p),-1.116,0.435,-3.4,1.18,1,0,0,1,1,2
856,28.53,후면,5,track(5+p),-1.109,0.46,-6.4,1.18,1,0,0,1,1,2
857,28.57,후면,5,track(5+p),-1.111,0.47,-9.4,1.19,1,0,0,1,1,3
858,28.6,후면,5,track(5+p),-1.105,0.47,-12.4,1.18,1,0,0,1,1,2
859,28.63,후면,4,track(4+p),-1.099,0.472,-15.4,1.18,1,0,0,1,1,1
860,28.67,후면,5,track(5+p),-1.111,0.466,-17.1,1.18,1,0,0,1,1,3
861,28.7,후면,5,track(5+p),-1.112,0.47,-17.7,1.19,1,0,0,1,1,2
862,28.73,후면,4,track(4+p),-1.099,0.482,-20.7,1.19,1,0,0,1,1,1
863,28.77,후면,5,track(5+p),-1.12,0.475,-18.5,1.2,1,0,0,1,1,2
864,28.8,후면,5,track(5+p),-1.125,0.477,-19.0,1.2,1,0,0,1,1,3
865,28.83,후면,5,track(5+p),-1.123,0.483,-19.7,1.2,1,0,0,1,1,2
866,28.87,후면,5,track(5+p),-1.124,0.486,-20.4,1.2,1,0,0,1,1,2
867,28.9,후면,5,track(5+p),-1.126,0.479,-20.5,1.2,1,0,0,1,1,2
868,28.93,후면,4,track(4+p),-1.139,0.48,-23.4,1.22,0,0,0,1,1,2
869,28.97,후면,4,track(4+p),-1.131,0.488,-24.8,1.22,1,0,0,1,1,1
870,29.0,후면,5,track(5+p),-1.149,0.486,-21.8,1.23,1,0,0,1,1,3
871,29.03,후면,5,track(5+p),-1.155,0.486,-22.0,1.24,1,0,0,1,1,3
872,29.07,후면,5,track(5+p),-1.156,0.487,-22.5,1.24,1,0,0,1,1,2
873,29.1,후면,5,track(5+p),-1.153,0.488,-22.9,1.23,1,0,0,1,1,2
874,29.13,후면,4,track(4+p),-1.145,0.49,-25.9,1.23,1,0,0,1,1,1
875,29.17,후면,4,track(4+p),-1.141,0.492,-27.0,1.23,1,0,0,1,1,1
876,29.2,후면,5,track(5+p),-1.152,0.484,-24.0,1.23,1,0,0,1,1,2
877,29.23,후면,5,track(5+p),-1.149,0.474,-23.5,1.22,1,0,0,1,1,2
878,29.27,후면,5,track(5+p),-1.149,0.468,-23.5,1.22,1,0,0,1,1,2
879,29.3,후면,5,track(5+p),-1.148,0.468,-23.7,1.22,1,0,0,1,1,2
880,29.33,후면,4,track(4),-1.147,0.518,-26.7,1.22,1,0,0,0,1,2
881,29.37,후면,5,track(5+p),-1.154,0.479,-24.4,1.23,1,0,0,1,1,2
882,29.4,후면,5,track(5+p),-1.153,0.48,-24.5,1.23,1,0,0,1,1,3
883,29.43,후면,4,track(4),-1.152,0.53,-27.5,1.23,1,0,0,0,1,2
884,29.47,후면,4,track(4),-1.15,0.58,-30.5,1.23,1,0,0,0,1,2
885,29.5,후면,5,track(5+p),-1.144,0.531,-27.5,1.22,1,0,0,1,1,2
886,29.53,후면,4,track(4),-1.143,0.581,-30.5,1.22,1,0,0,0,1,2
887,29.57,후면,5,track(5+p),-1.143,0.531,-27.5,1.22,1,0,0,1,1,2
888,29.6,후면,5,track(5+p),-1.148,0.481,-25.0,1.22,1,0,0,1,1,2
889,29.63,후면,5,track(5+p),-1.149,0.475,-24.9,1.22,1,0,0,1,1,2
890,29.67,후면,5,track(5+p),-1.146,0.474,-24.8,1.22,1,0,0,1,1,2
891,29.7,후면,5,track(5+p),-1.147,0.478,-24.9,1.22,1,0,0,1,1,2
892,29.73,후면,4,track(4),-1.146,0.528,-27.9,1.22,1,0,0,0,1,2
893,29.77,후면,5,track(5+p),-1.152,0.479,-24.9,1.23,1,0,0,1,1,2
894,29.8,후면,5,track(5+p),-1.153,0.474,-24.3,1.23,1,0,0,1,1,3
895,29.83,후면,5,track(5+p),-1.155,0.478,-24.2,1.23,1,0,0,1,1,2
896,29.87,후면,5,track(5+p),-1.152,0.478,-24.1,1.23,1,0,0,1,1,2
897,29.9,후면,5,track(5+p),-1.146,0.476,-24.0,1.22,1,0,0,1,1,3
898,29.93,후면,5,track(5+p),-1.158,0.475,-23.4,1.23,1,0,0,1,1,2
899,29.97,후면,5,track(5+p),-1.156,0.474,-23.2,1.23,1,0,0,1,1,2
900,30.0,후면,4,track(4+p),-1.141,0.483,-26.2,1.23,1,0,0,1,1,1
901,30.03,후면,5,track(5+p),-1.139,0.478,-23.2,1.22,1,0,0,1,1,2
902,30.07,후면,5,track(5+p),-1.138,0.481,-22.9,1.22,1,0,0,1,1,2
903,30.1,후면,4,track(4),-1.137,0.531,-25.9,1.22,1,0,0,0,1,3
904,30.13,후면,5,track(5+p),-1.132,0.483,-22.9,1.21,1,0,0,1,1,2
905,30.17,후면,4,track(4+p),-1.119,0.479,-25.2,1.2,1,0,0,1,1,1
906,30.2,후면,5,track(5+p),-1.129,0.474,-22.2,1.21,1,0,0,1,1,2
907,30.23,후면,5,track(5+p),-1.13,0.474,-20.8,1.21,1,0,0,1,1,3
908,30.27,후면,5,track(5+p),-1.132,0.474,-20.1,1.21,1,0,0,1,1,2
909,30.3,후면,5,track(5+p),-1.13,0.477,-19.7,1.21,1,0,0,1,1,2
910,30.33,후면,5,track(5+p),-1.135,0.475,-18.8,1.21,1,0,0,1,1,2
911,30.37,후면,4,track(4+p),-1.128,0.481,-21.6,1.21,1,0,0,1,1,1
912,30.4,후면,3,track(3+p),-1.125,0.478,-24.6,1.22,0,0,0,1,1,1
913,30.43,후면,4,track(4+p),-1.156,0.455,-23.2,1.22,1,0,0,1,1,2
914,30.47,후면,4,track(4+p),-1.131,0.484,-20.2,1.22,1,0,0,1,1,1
915,30.5,후면,5,track(5+p),-1.148,0.482,-17.2,1.23,1,0,0,1,1,2
916,30.53,후면,3,track(3+p),-1.16,0.433,-14.2,1.23,1,0,0,1,2,1
917,30.57,후면,4,track(4+p),-1.177,0.386,-11.2,1.24,1,0,0,1,2,2
918,30.6,후면,4,track(4+p),-1.163,0.434,-14.2,1.24,1,0,0,1,1,1
919,30.63,후면,3,track(3+p),-1.181,0.388,-11.2,1.24,1,0,0,1,0,2
920,30.67,후면,3,track(3+p),-1.175,0.375,-8.2,1.23,1,0,0,1,0,1
921,30.7,후면,3,track(3+p),-1.172,0.372,-5.2,1.23,1,0,0,1,0,1
922,30.73,후면,3,track(3+p),-1.164,0.368,-2.2,1.22,1,0,0,1,0,3
923,30.77,후면,2,track(2+p),-1.152,0.373,0.8,1.21,1,0,0,1,0,0
924,30.8,후면,2,track(2+p),-1.146,0.371,3.8,1.2,1,0,0,1,0,0
925,30.83,후면,2,track(2+p),-1.134,0.367,6.8,1.19,1,0,0,1,0,0
926,30.87,후면,2,track(2+p),-1.123,0.363,9.2,1.18,1,0,0,1,0,0
927,30.9,후면,2,track(2+p),-1.108,0.358,10.1,1.16,1,0,0,1,0,0
928,30.93,후면,1,track(1+p),-1.094,0.353,10.9,1.15,0,0,0,1,0,0
929,30.97,후면,1,track(1+p),-1.084,0.35,11.6,1.14,0,0,0,1,0,0
930,31.0,후면,1,track(1+p),-1.072,0.336,12.8,1.12,0,0,0,1,0,0
931,31.03,후면,2,track(2+p),-1.061,0.329,14.7,1.11,0,0,0,1,0,1
932,31.07,후면,2,weak(2),-1.061,0.329,14.7,1.11,1,0,0,1,0,0
933,31.1,후면,3,track(3),-1.068,0.319,16.4,1.11,1,0,0,1,0,1
934,31.13,후면,2,weak(2),-1.068,0.319,16.4,1.11,0,0,0,1,0,1
935,31.17,후면,1,coast,-1.068,0.319,16.4,1.11,0,0,0,1,0,0
936,31.2,후면,0,coast,-1.068,0.319,16.4,1.11,0,0,0,0,0,0
937,31.23,후면,1,coast,-1.068,0.319,16.4,1.11,1,0,0,0,0,0
938,31.27,후면,1,coast,-1.068,0.319,16.4,1.11,0,0,0,0,0,1
939,31.3,후면,0,coast,-1.068,0.319,16.4,1.11,0,0,0,0,0,0
940,31.33,후면,1,coast,-1.068,0.319,16.4,1.11,0,0,0,0,0,1
941,31.37,후면,1,coast,-1.068,0.319,16.4,1.11,0,0,0,0,0,1
942,31.4,후면,1,coast,-1.068,0.319,16.4,1.11,0,0,0,0,0,1
943,31.43,후면,1,coast,-1.068,0.319,16.4,1.11,0,0,0,0,0,1
944,31.47,후면,1,coast,-1.068,0.319,16.4,1.11,0,0,0,0,0,1
945,31.5,후면,0,coast,-1.068,0.319,16.4,1.11,0,0,0,0,0,0
946,31.53,후면,0,coast,-1.068,0.319,16.4,1.11,0,0,0,0,0,0
947,31.57,후면,0,coast,-1.068,0.319,16.4,1.11,0,0,0,0,0,0
948,31.6,후면,0,coast,-1.068,0.319,16.4,1.11,0,0,0,0,0,0
949,31.63,후면,0,coast,-1.068,0.319,16.4,1.11,0,0,0,0,0,0
950,31.67,후면,0,coast,-1.068,0.319,16.4,1.11,0,0,0,0,0,0
951,31.7,후면,0,coast,-1.068,0.319,16.4,1.11,0,0,0,0,0,0
952,31.73,후면,0,coast,-1.068,0.319,16.4,1.11,0,0,0,0,0,0
953,31.77,후면,0,coast,-1.068,0.319,16.4,1.11,0,0,0,0,0,0
954,31.8,후면,0,coast,-1.068,0.319,16.4,1.11,0,0,0,0,0,0
955,31.83,후면,0,coast,-1.068,0.319,16.4,1.11,0,0,0,0,0,0
956,31.87,후면,0,coast,-1.068,0.319,16.4,1.11,0,0,0,0,0,0
957,31.9,후면,0,coast,-1.068,0.319,16.4,1.11,0,0,0,0,0,0
958,31.93,후면,0,coast,-1.068,0.319,16.4,1.11,0,0,0,0,0,0
959,31.97,후면,0,coast,-1.068,0.319,16.4,1.11,0,0,0,0,0,0
960,32.0,미확인,0,lost,-1.068,0.319,16.4,1.11,0,0,0,0,0,0
961,32.03,미확인,0,lost,-1.068,0.319,16.4,1.11,0,0,0,0,0,0
962,32.07,미확인,0,lost,-1.068,0.319,16.4,1.11,0,0,0,0,0,0
963,32.1,미확인,0,lost,-1.068,0.319,16.4,1.11,0,0,0,0,0,0
964,32.13,미확인,0,lost,-1.068,0.319,16.4,1.11,0,0,0,0,0,0
965,32.17,미확인,0,lost,-1.068,0.319,16.4,1.11,0,0,0,0,0,0
966,32.2,미확인,0,lost,-1.068,0.319,16.4,1.11,0,0,0,0,0,0
967,32.23,미확인,0,lost,-1.068,0.319,16.4,1.11,0,0,0,0,0,0
968,32.27,미확인,0,lost,-1.068,0.319,16.4,1.11,0,0,0,0,0,0
969,32.3,미확인,0,lost,-1.068,0.319,16.4,1.11,0,0,0,0,0,0
970,32.33,미확인,0,lost,-1.068,0.319,16.4,1.11,0,0,0,0,0,0
971,32.37,미확인,0,lost,-1.068,0.319,16.4,1.11,0,0,0,0,0,0
972,32.4,미확인,0,lost,-1.068,0.319,16.4,1.11,0,0,0,0,0,0
973,32.43,미확인,0,lost,-1.068,0.319,16.4,1.11,0,0,0,0,0,0
974,32.47,미확인,0,lost,-1.068,0.319,16.4,1.11,0,0,0,0,0,0
975,32.5,미확인,0,lost,-1.068,0.319,16.4,1.11,0,0,0,0,0,0
976,32.53,미확인,0,lost,-1.068,0.319,16.4,1.11,0,0,0,0,0,0
977,32.57,미확인,0,lost,-1.068,0.319,16.4,1.11,0,0,0,0,0,0
978,32.6,미확인,0,lost,-1.068,0.319,16.4,1.11,0,0,0,0,0,0
979,32.63,미확인,0,lost,-1.068,0.319,16.4,1.11,0,0,0,0,0,0
980,32.67,미확인,0,lost,-1.068,0.319,16.4,1.11,0,0,0,0,0,0
981,32.7,미확인,0,lost,-1.068,0.319,16.4,1.11,0,0,0,0,0,0
982,32.73,미확인,0,lost,-1.068,0.319,16.4,1.11,0,0,0,0,0,0
983,32.77,미확인,0,lost,-1.068,0.319,16.4,1.11,0,0,0,0,0,0
984,32.8,미확인,0,lost,-1.068,0.319,16.4,1.11,0,0,0,0,0,0
985,32.83,미확인,0,lost,-1.068,0.319,16.4,1.11,0,0,0,0,0,0
986,32.87,미확인,0,lost,-1.068,0.319,16.4,1.11,0,0,0,0,0,0
987,32.9,미확인,0,lost,-1.068,0.319,16.4,1.11,0,0,0,0,0,0
988,32.93,미확인,0,lost,-1.068,0.319,16.4,1.11,0,0,0,0,0,0
989,32.97,미확인,0,lost,-1.068,0.319,16.4,1.11,0,0,0,0,0,0
990,33.0,미확인,0,lost,-1.068,0.319,16.4,1.11,0,0,0,0,0,0
991,33.03,미확인,0,lost,-1.068,0.319,16.4,1.11,0,0,0,0,0,0
992,33.07,미확인,0,lost,-1.068,0.319,16.4,1.11,0,0,0,0,0,0
993,33.1,미확인,0,lost,-1.068,0.319,16.4,1.11,0,0,0,0,0,0
994,33.13,미확인,0,lost,-1.068,0.319,16.4,1.11,0,0,0,0,0,0
995,33.17,미확인,0,lost,-1.068,0.319,16.4,1.11,0,0,0,0,0,0
996,33.2,미확인,0,lost,-1.068,0.319,16.4,1.11,0,0,0,0,0,0
997,33.23,미확인,0,lost,-1.068,0.319,16.4,1.11,0,0,0,0,0,0
998,33.27,미확인,0,lost,-1.068,0.319,16.4,1.11,0,0,0,0,0,0
999,33.3,미확인,0,lost,-1.068,0.319,16.4,1.11,0,0,0,0,0,0
1000,33.33,미확인,0,lost,-1.068,0.319,16.4,1.11,0,0,0,0,0,0
1001,33.37,미확인,0,lost,-1.068,0.319,16.4,1.11,0,0,0,0,0,0
1002,33.4,미확인,0,lost,-1.068,0.319,16.4,1.11,0,0,0,0,0,0
1003,33.43,미확인,0,lost,-1.068,0.319,16.4,1.11,0,0,0,0,0,0
1004,33.47,미확인,0,lost,-1.068,0.319,16.4,1.11,0,0,0,0,0,0
1005,33.5,미확인,0,lost,-1.068,0.319,16.4,1.11,0,0,0,0,0,0
1006,33.53,미확인,0,lost,-1.068,0.319,16.4,1.11,0,0,0,0,0,0
1007,33.57,미확인,0,lost,-1.068,0.319,16.4,1.11,0,0,0,0,0,0
1008,33.6,미확인,0,lost,-1.068,0.319,16.4,1.11,0,0,0,0,0,0
1009,33.63,미확인,0,lost,-1.068,0.319,16.4,1.11,0,0,0,0,0,0
1010,33.67,미확인,0,lost,-1.068,0.319,16.4,1.11,0,0,0,0,0,0
1011,33.7,미확인,0,lost,-1.068,0.319,16.4,1.11,0,0,0,0,0,0
1012,33.73,미확인,0,lost,-1.068,0.319,16.4,1.11,0,0,0,0,0,0
1013,33.77,미확인,0,lost,-1.068,0.319,16.4,1.11,0,0,0,0,0,0
1014,33.8,미확인,0,lost,-1.068,0.319,16.4,1.11,0,0,0,0,0,0
1015,33.83,미확인,0,lost,-1.068,0.319,16.4,1.11,0,0,0,0,0,0
1016,33.87,미확인,0,lost,-1.068,0.319,16.4,1.11,0,0,0,0,0,0
1017,33.9,미확인,0,lost,-1.068,0.319,16.4,1.11,0,0,0,0,0,0
1018,33.93,미확인,0,lost,-1.068,0.319,16.4,1.11,0,0,0,0,0,0
1019,33.97,미확인,0,lost,-1.068,0.319,16.4,1.11,0,0,0,0,0,0
1020,34.0,미확인,0,lost,-1.068,0.319,16.4,1.11,0,0,0,0,0,0
1021,34.03,미확인,0,lost,-1.068,0.319,16.4,1.11,0,0,0,0,0,0
1022,34.07,미확인,0,lost,-1.068,0.319,16.4,1.11,0,0,0,0,0,0
1023,34.1,미확인,0,lost,-1.068,0.319,16.4,1.11,0,0,0,0,0,0
1024,34.13,미확인,0,lost,-1.068,0.319,16.4,1.11,0,0,0,0,0,0
1025,34.17,미확인,0,lost,-1.068,0.319,16.4,1.11,0,0,0,0,0,0
1026,34.2,미확인,0,lost,-1.068,0.319,16.4,1.11,0,0,0,0,0,0
1027,34.23,미확인,0,lost,-1.068,0.319,16.4,1.11,0,0,0,0,0,0
1028,34.27,미확인,0,lost,-1.068,0.319,16.4,1.11,0,0,0,0,0,0
1029,34.3,미확인,0,lost,-1.068,0.319,16.4,1.11,0,0,0,0,0,0
1030,34.33,미확인,0,lost,-1.068,0.319,16.4,1.11,0,0,0,0,0,0
1031,34.37,미확인,0,coast,-1.068,0.319,16.4,1.11,0,1,0,0,0,0
1032,34.4,미확인,0,coast,-1.068,0.319,16.4,1.11,0,2,0,0,0,0
1033,34.43,미확인,0,coast,-1.068,0.319,16.4,1.11,0,2,0,0,0,0
1034,34.47,미확인,0,coast,-1.068,0.319,16.4,1.11,0,1,0,0,0,0
1035,34.5,측면(불확실),0,coast,-1.068,0.319,16.4,1.11,0,2,0,0,0,0
1036,34.53,측면(불확실),0,coast,-1.068,0.319,16.4,1.11,0,0,0,0,0,0
1037,34.57,측면(불확실),0,coast,-1.068,0.319,16.4,1.11,0,0,0,0,0,0
1038,34.6,측면(불확실),0,coast,-1.068,0.319,16.4,1.11,0,0,0,0,0,0
1039,34.63,측면(불확실),0,coast,-1.068,0.319,16.4,1.11,0,0,0,0,0,0
1040,34.67,측면(불확실),0,coast,-1.068,0.319,16.4,1.11,0,0,0,0,0,0
1041,34.7,측면(불확실),0,coast,-1.068,0.319,16.4,1.11,0,0,0,0,0,0
1042,34.73,측면(불확실),0,coast,-1.068,0.319,16.4,1.11,0,0,0,0,0,0
1043,34.77,측면(불확실),0,coast,-1.068,0.319,16.4,1.11,0,0,0,0,0,0
1044,34.8,측면(불확실),0,coast,-1.068,0.319,16.4,1.11,0,0,0,0,0,0
1045,34.83,측면(불확실),0,coast,-1.068,0.319,16.4,1.11,0,0,0,0,0,0
1046,34.87,측면(불확실),0,coast,-1.068,0.319,16.4,1.11,0,0,0,0,0,0
1047,34.9,측면(불확실),0,coast,-1.068,0.319,16.4,1.11,0,0,0,0,0,0
1048,34.93,측면(불확실),0,coast,-1.068,0.319,16.4,1.11,0,0,0,0,0,0
1049,34.97,측면(불확실),0,coast,-1.068,0.319,16.4,1.11,0,0,0,0,0,0
1050,35.0,측면(불확실),0,coast,-1.068,0.319,16.4,1.11,0,0,0,0,0,0
1051,35.03,미확인,0,lost,-1.068,0.319,16.4,1.11,0,0,0,0,0,0
1052,35.07,미확인,0,lost,-1.068,0.319,16.4,1.11,0,0,0,0,0,0
1053,35.1,미확인,0,lost,-1.068,0.319,16.4,1.11,0,0,0,0,0,0
1054,35.13,미확인,0,lost,-1.068,0.319,16.4,1.11,0,0,0,0,0,0
1055,35.17,미확인,0,lost,-1.068,0.319,16.4,1.11,0,0,0,0,0,0
1056,35.2,미확인,0,lost,-1.068,0.319,16.4,1.11,0,0,0,0,0,0
1057,35.23,미확인,0,lost,-1.068,0.319,16.4,1.11,0,0,0,0,0,0
1058,35.27,미확인,0,lost,-1.068,0.319,16.4,1.11,0,0,0,0,0,0
1059,35.3,미확인,0,lost,-1.068,0.319,16.4,1.11,0,0,0,0,0,0
1060,35.33,미확인,0,lost,-1.068,0.319,16.4,1.11,0,0,0,0,0,0
1061,35.37,미확인,0,lost,-1.068,0.319,16.4,1.11,0,0,0,0,0,0
1062,35.4,미확인,0,lost,-1.068,0.319,16.4,1.11,0,0,0,0,0,0
1063,35.43,미확인,0,lost,-1.068,0.319,16.4,1.11,0,0,0,0,0,0
1064,35.47,미확인,0,lost,-1.068,0.319,16.4,1.11,0,0,0,0,0,0
1065,35.5,미확인,0,lost,-1.068,0.319,16.4,1.11,0,0,0,0,0,0
1066,35.53,미확인,0,lost,-1.068,0.319,16.4,1.11,0,0,0,0,0,0
1067,35.57,미확인,0,lost,-1.068,0.319,16.4,1.11,0,0,0,0,0,0
1068,35.6,미확인,0,lost,-1.068,0.319,16.4,1.11,0,0,0,0,0,0
1069,35.63,미확인,1,coast,-1.068,0.319,16.4,1.11,0,0,0,0,1,0
1070,35.67,미확인,0,coast,-1.068,0.319,16.4,1.11,0,0,0,0,0,0
1071,35.7,미확인,0,coast,-1.068,0.319,16.4,1.11,0,0,0,0,0,0
1072,35.73,미확인,0,coast,-1.068,0.319,16.4,1.11,0,0,0,0,0,0
1073,35.77,미확인,0,coast,-1.068,0.319,16.4,1.11,0,0,0,0,0,0
1074,35.8,미확인,0,coast,-1.068,0.319,16.4,1.11,0,0,0,0,0,0
1075,35.83,미확인,0,coast,-1.068,0.319,16.4,1.11,0,0,0,0,0,0
1076,35.87,미확인,0,coast,-1.068,0.319,16.4,1.11,0,0,0,0,0,0
1077,35.9,미확인,0,coast,-1.068,0.319,16.4,1.11,0,0,0,0,0,0
1078,35.93,미확인,0,coast,-1.068,0.319,16.4,1.11,0,0,0,0,0,0
1079,35.97,미확인,0,coast,-1.068,0.319,16.4,1.11,0,0,0,0,0,0
1080,36.0,미확인,0,coast,-1.068,0.319,16.4,1.11,0,0,0,0,0,0
1081,36.03,미확인,0,coast,-1.068,0.319,16.4,1.11,0,0,0,0,0,0
1082,36.07,미확인,0,coast,-1.068,0.319,16.4,1.11,0,0,0,0,0,0
1083,36.1,미확인,0,coast,-1.068,0.319,16.4,1.11,0,0,0,0,0,0
1084,36.13,미확인,0,coast,-1.068,0.319,16.4,1.11,0,0,0,0,0,0
1085,36.17,미확인,0,lost,-1.068,0.319,16.4,1.11,0,0,0,0,0,0
1086,36.2,미확인,0,lost,-1.068,0.319,16.4,1.11,0,0,0,0,0,0
1087,36.23,미확인,0,lost,-1.068,0.319,16.4,1.11,0,0,0,0,0,0
1088,36.27,미확인,0,lost,-1.068,0.319,16.4,1.11,0,0,0,0,0,0
1089,36.3,미확인,0,lost,-1.068,0.319,16.4,1.11,0,0,0,0,0,0
1090,36.33,미확인,0,lost,-1.068,0.319,16.4,1.11,0,0,0,0,0,0
1091,36.37,미확인,0,lost,-1.068,0.319,16.4,1.11,0,0,0,0,0,0
1092,36.4,미확인,0,lost,-1.068,0.319,16.4,1.11,0,0,0,0,0,0
1093,36.43,미확인,0,lost,-1.068,0.319,16.4,1.11,0,0,0,0,0,0
1094,36.47,미확인,0,lost,-1.068,0.319,16.4,1.11,0,0,0,0,0,0
1095,36.5,미확인,0,lost,-1.068,0.319,16.4,1.11,0,0,0,0,0,0
1096,36.53,미확인,0,lost,-1.068,0.319,16.4,1.11,0,0,0,0,0,0
1097,36.57,미확인,0,lost,-1.068,0.319,16.4,1.11,0,0,0,0,0,0
1098,36.6,미확인,0,lost,-1.068,0.319,16.4,1.11,0,0,0,0,0,0
1099,36.63,미확인,0,lost,-1.068,0.319,16.4,1.11,0,0,0,0,0,0
1100,36.67,미확인,0,lost,-1.068,0.319,16.4,1.11,0,0,0,0,0,0
1101,36.7,미확인,0,lost,-1.068,0.319,16.4,1.11,0,0,0,0,0,0
1102,36.73,미확인,0,lost,-1.068,0.319,16.4,1.11,0,0,0,0,0,0
1103,36.77,미확인,0,lost,-1.068,0.319,16.4,1.11,0,0,0,0,0,0
1104,36.8,미확인,0,lost,-1.068,0.319,16.4,1.11,0,0,0,0,0,0
1105,36.83,미확인,0,lost,-1.068,0.319,16.4,1.11,0,0,0,0,0,0
1106,36.87,미확인,0,lost,-1.068,0.319,16.4,1.11,0,0,0,0,0,0
1107,36.9,미확인,0,lost,-1.068,0.319,16.4,1.11,0,0,0,0,0,0
1108,36.93,미확인,0,lost,-1.068,0.319,16.4,1.11,0,0,0,0,0,0
1109,36.97,미확인,0,lost,-1.068,0.319,16.4,1.11,0,0,0,0,0,0
1110,37.0,미확인,0,lost,-1.068,0.319,16.4,1.11,0,0,0,0,0,0
1111,37.03,미확인,0,lost,-1.068,0.319,16.4,1.11,0,0,0,0,0,0
1112,37.07,미확인,0,lost,-1.068,0.319,16.4,1.11,0,0,0,0,0,0
1113,37.1,미확인,0,lost,-1.068,0.319,16.4,1.11,0,0,0,0,0,0
1114,37.13,미확인,0,lost,-1.068,0.319,16.4,1.11,0,0,0,0,0,0
1115,37.17,미확인,0,lost,-1.068,0.319,16.4,1.11,0,0,0,0,0,0
1116,37.2,미확인,0,lost,-1.068,0.319,16.4,1.11,0,0,0,0,0,0
1117,37.23,미확인,0,lost,-1.068,0.319,16.4,1.11,0,0,0,0,0,0
1118,37.27,미확인,0,lost,-1.068,0.319,16.4,1.11,0,0,0,0,0,0
1119,37.3,미확인,0,lost,-1.068,0.319,16.4,1.11,0,0,0,0,0,0
1120,37.33,미확인,0,lost,-1.068,0.319,16.4,1.11,0,0,0,0,0,0
1121,37.37,미확인,0,lost,-1.068,0.319,16.4,1.11,0,0,0,0,0,0
1122,37.4,미확인,0,lost,-1.068,0.319,16.4,1.11,0,0,0,0,0,0
1123,37.43,미확인,0,lost,-1.068,0.319,16.4,1.11,0,0,0,0,0,0
1124,37.47,미확인,0,lost,-1.068,0.319,16.4,1.11,0,0,0,0,0,0
1125,37.5,미확인,0,lost,-1.068,0.319,16.4,1.11,0,0,0,0,0,0
1126,37.53,미확인,0,lost,-1.068,0.319,16.4,1.11,0,0,0,0,0,0
1127,37.57,미확인,0,lost,-1.068,0.319,16.4,1.11,0,0,0,0,0,0
1128,37.6,미확인,0,lost,-1.068,0.319,16.4,1.11,0,0,0,0,0,0
1129,37.63,미확인,0,lost,-1.068,0.319,16.4,1.11,0,0,0,0,0,0
1130,37.67,미확인,0,lost,-1.068,0.319,16.4,1.11,0,0,0,0,0,0
1131,37.7,미확인,0,lost,-1.068,0.319,16.4,1.11,0,0,0,0,0,0
1132,37.73,미확인,0,lost,-1.068,0.319,16.4,1.11,0,0,0,0,0,0
1133,37.77,미확인,0,lost,-1.068,0.319,16.4,1.11,0,0,0,0,0,0
1134,37.8,미확인,0,lost,-1.068,0.319,16.4,1.11,0,0,0,0,0,0
1135,37.83,미확인,0,lost,-1.068,0.319,16.4,1.11,0,0,0,0,0,0
1136,37.87,미확인,0,lost,-1.068,0.319,16.4,1.11,0,0,0,0,0,0
1137,37.9,미확인,0,lost,-1.068,0.319,16.4,1.11,0,0,0,0,0,0
1138,37.93,미확인,0,lost,-1.068,0.319,16.4,1.11,0,0,0,0,0,0
1139,37.97,미확인,0,lost,-1.068,0.319,16.4,1.11,0,0,0,0,0,0
1140,38.0,미확인,0,lost,-1.068,0.319,16.4,1.11,0,0,0,0,0,0
1141,38.03,미확인,0,lost,-1.068,0.319,16.4,1.11,0,0,0,0,0,0
1142,38.07,미확인,0,lost,-1.068,0.319,16.4,1.11,0,0,0,0,0,0
1143,38.1,미확인,0,lost,-1.068,0.319,16.4,1.11,0,0,0,0,0,0
1144,38.13,미확인,0,lost,-1.068,0.319,16.4,1.11,0,0,0,0,0,0
1145,38.17,미확인,0,lost,-1.068,0.319,16.4,1.11,0,0,0,0,0,0
1146,38.2,미확인,0,lost,-1.068,0.319,16.4,1.11,0,0,0,0,0,0
1147,38.23,미확인,0,lost,-1.068,0.319,16.4,1.11,0,0,0,0,0,0
1148,38.27,미확인,0,lost,-1.068,0.319,16.4,1.11,0,0,0,0,0,0
1149,38.3,미확인,0,lost,-1.068,0.319,16.4,1.11,0,0,0,0,0,0
1150,38.33,미확인,0,lost,-1.068,0.319,16.4,1.11,0,0,0,0,0,0
1151,38.37,미확인,0,lost,-1.068,0.319,16.4,1.11,0,0,0,0,0,0
1152,38.4,미확인,0,lost,-1.068,0.319,16.4,1.11,0,0,0,0,0,0
1153,38.43,미확인,0,lost,-1.068,0.319,16.4,1.11,0,0,0,0,0,0
1154,38.47,미확인,0,lost,-1.068,0.319,16.4,1.11,0,0,0,0,0,0
1155,38.5,미확인,0,lost,-1.068,0.319,16.4,1.11,0,0,0,0,0,0
1156,38.53,미확인,0,lost,-1.068,0.319,16.4,1.11,0,0,0,0,0,0
1157,38.57,미확인,0,lost,-1.068,0.319,16.4,1.11,0,0,0,0,0,0
1158,38.6,미확인,0,lost,-1.068,0.319,16.4,1.11,0,0,0,0,0,0
1159,38.63,미확인,0,coast,-1.068,0.319,16.4,1.11,0,1,0,0,0,0
1160,38.67,미확인,0,coast,-1.068,0.319,16.4,1.11,0,0,0,0,0,0
1161,38.7,미확인,0,coast,-1.068,0.319,16.4,1.11,0,0,0,0,0,0
1162,38.73,미확인,0,coast,-1.068,0.319,16.4,1.11,0,0,0,0,0,0
1163,38.77,미확인,0,coast,-1.068,0.319,16.4,1.11,0,0,0,0,0,0
1164,38.8,미확인,0,coast,-1.068,0.319,16.4,1.11,0,0,0,0,0,0
1165,38.83,미확인,2,weak(2),-1.068,0.319,16.4,1.11,0,0,0,0,0,3
1166,38.87,미확인,2,weak(2),-1.068,0.319,16.4,1.11,0,0,0,0,0,2
1167,38.9,미확인,2,weak(2),-1.068,0.319,16.4,1.11,0,1,0,0,0,2
1168,38.93,미확인,1,coast,-1.068,0.319,16.4,1.11,0,0,0,0,0,1
1169,38.97,미확인,2,weak(2),-1.068,0.319,16.4,1.11,0,0,0,0,0,2
1170,39.0,미확인,1,coast,-1.068,0.319,16.4,1.11,0,0,0,0,0,1
1171,39.03,미확인,2,weak(2),-1.068,0.319,16.4,1.11,0,0,0,0,0,2
1172,39.07,미확인,2,weak(2),-1.068,0.319,16.4,1.11,0,0,0,0,0,2
1173,39.1,미확인,2,weak(2),-1.068,0.319,16.4,1.11,0,0,0,0,0,2
1174,39.13,미확인,2,weak(2),-1.068,0.319,16.4,1.11,0,0,0,0,0,2
1175,39.17,미확인,3,track(3),-1.332,0.289,13.5,1.11,0,0,0,1,0,2
1176,39.2,미확인,3,track(3),-1.382,0.291,14.3,1.11,0,0,0,1,0,2
1177,39.23,미확인,3,track(3),-1.432,0.292,13.9,1.11,0,0,0,1,0,2
1178,39.27,미확인,3,track(3),-1.482,0.292,13.7,1.11,0,0,0,1,0,2
1179,39.3,후면,3,track(3),-1.532,0.293,13.2,1.11,0,0,0,1,0,2
1180,39.33,후면,4,track(4),-1.582,0.294,15.6,1.11,1,0,0,1,0,2
1181,39.37,후면,4,track(4),-1.632,0.294,15.3,1.11,1,0,0,1,0,2
1182,39.4,후면,4,track(4),-1.682,0.294,14.9,1.11,1,0,0,1,0,2
1183,39.43,후면,4,track(4),-1.732,0.295,14.5,1.11,1,0,0,1,0,2
1184,39.47,후면,4,track(4),-1.782,0.295,14.1,1.11,1,0,0,1,0,2
1185,39.5,후면,4,track(4),-1.832,0.296,13.7,1.11,1,0,0,1,0,2
1186,39.53,후면,4,track(4),-1.882,0.296,13.2,1.11,1,0,0,1,0,2
1187,39.57,후면,4,track(4),-1.932,0.296,12.5,1.11,1,0,0,1,0,2
1188,39.6,후면,4,track(4),-1.982,0.297,11.8,1.11,1,0,0,1,0,2
1189,39.63,후면,4,track(4),-2.028,0.297,11.2,1.11,1,0,0,1,0,2
1190,39.67,후면,4,track(4),-2.07,0.297,10.4,1.11,1,0,0,1,0,2
1191,39.7,후면,4,track(4),-2.109,0.297,9.7,1.11,1,0,0,1,0,2
1192,39.73,후면,4,track(4+p),-2.059,0.302,6.7,1.09,1,0,0,1,0,2
1193,39.77,후면,4,track(4+p),-2.01,0.312,3.7,1.08,1,0,0,1,0,2
1194,39.8,후면,4,track(4+p),-1.962,0.325,0.7,1.08,1,0,0,1,0,2
1195,39.83,후면,4,track(4+p),-1.914,0.339,-2.3,1.08,1,0,0,1,0,2
1196,39.87,후면,4,track(4+p),-1.867,0.355,-5.3,1.09,1,0,0,1,0,2
1197,39.9,후면,4,track(4+p),-1.82,0.373,-8.3,1.1,1,0,0,1,0,2
1198,39.93,후면,4,track(4+p),-1.773,0.391,-11.3,1.1,1,0,0,1,0,2
1199,39.97,후면,4,track(4+p),-1.727,0.409,-14.3,1.11,1,0,0,1,0,2
1200,40.0,후면,4,track(4+p),-1.681,0.428,-17.3,1.11,1,0,0,1,0,2
1201,40.03,후면,4,track(4+p),-1.634,0.447,-20.3,1.12,1,0,0,1,0,2
1202,40.07,후면,4,track(4+p),-1.588,0.467,-23.3,1.12,1,0,0,1,0,2
1203,40.1,후면,4,track(4+p),-1.543,0.487,-26.3,1.13,1,0,0,1,0,2
1204,40.13,후면,4,track(4+p),-1.497,0.507,-29.3,1.13,1,0,0,1,0,2
1205,40.17,후면,4,track(4+p),-1.451,0.527,-32.3,1.13,1,0,0,1,0,2
1206,40.2,후면,4,track(4+p),-1.405,0.547,-35.3,1.13,1,0,0,1,0,2
1207,40.23,후면,4,track(4+p),-1.36,0.567,-37.7,1.13,1,0,0,1,0,2
1208,40.27,후면,4,track(4+p),-1.314,0.588,-38.6,1.14,1,0,0,1,0,2
1209,40.3,후면,4,track(4+p),-1.269,0.61,-39.3,1.15,1,0,0,1,0,2
1210,40.33,후면,4,track(4+p),-1.224,0.631,-39.8,1.15,1,0,0,1,0,2
1211,40.37,후면,4,track(4+p),-1.179,0.654,-40.8,1.16,1,0,0,1,0,2
1212,40.4,후면,4,track(4+p),-1.135,0.677,-41.3,1.16,1,0,0,1,0,2
1213,40.43,후면,4,track(4+p),-1.091,0.701,-41.7,1.16,1,0,0,1,0,2
1214,40.47,후면,4,track(4+p),-1.047,0.725,-42.3,1.17,1,0,0,1,0,2
1215,40.5,후면,4,track(4+p),-1.002,0.746,-39.3,1.17,1,0,0,1,0,3
1216,40.53,후면,4,track(4+p),-0.958,0.77,-36.3,1.18,1,0,0,1,0,4
1217,40.57,후면,4,track(4+p),-0.915,0.796,-36.2,1.19,1,0,0,1,0,3
1218,40.6,후면,4,track(4+p),-0.873,0.823,-36.6,1.19,1,0,0,1,0,3
1219,40.63,후면,4,track(4+p),-0.847,0.85,-37.2,1.2,1,0,0,1,0,3
1220,40.67,후면,4,track(4+p),-0.846,0.85,-37.5,1.2,1,0,0,1,0,3
1221,40.7,후면,4,track(4+p),-0.846,0.853,-37.8,1.2,1,0,0,1,0,2
1222,40.73,후면,4,track(4+p),-0.844,0.862,-38.4,1.2,1,0,0,1,0,2
1223,40.77,후면,4,track(4+p),-0.849,0.859,-38.5,1.2,1,0,0,1,0,3
1224,40.8,후면,4,track(4+p),-0.853,0.855,-38.5,1.2,1,0,0,1,0,3
1225,40.83,후면,4,track(4+p),-0.854,0.86,-39.0,1.21,1,0,0,1,0,3
1226,40.87,후면,4,track(4+p),-0.855,0.868,-39.5,1.22,1,0,0,1,0,3
1227,40.9,후면,4,track(4+p),-0.857,0.876,-40.0,1.22,1,0,0,1,0,3
1228,40.93,후면,4,track(4+p),-0.86,0.889,-40.6,1.24,1,0,0,1,0,3
1229,40.97,후면,4,track(4+p),-0.861,0.893,-41.0,1.24,1,0,0,1,0,3
1230,41.0,후면,4,track(4+p),-0.862,0.894,-41.3,1.24,1,0,0,1,0,3
1231,41.03,후면,4,track(4+p),-0.864,0.898,-41.6,1.25,1,0,0,1,0,3
1232,41.07,후면,4,track(4+p),-0.863,0.898,-41.9,1.25,1,0,0,1,0,3
1233,41.1,후면,4,track(4+p),-0.863,0.901,-42.3,1.25,1,0,0,1,0,3
1234,41.13,후면,4,track(4+p),-0.865,0.895,-42.2,1.24,1,0,0,1,0,3
1235,41.17,후면,4,track(4+p),-0.865,0.887,-42.2,1.24,1,0,0,1,0,3
1236,41.2,후면,4,track(4+p),-0.866,0.882,-42.2,1.24,1,0,0,1,0,3
1237,41.23,후면,4,track(4+p),-0.867,0.878,-42.3,1.23,1,0,0,1,0,3
1238,41.27,후면,5,track(5+p),-0.852,0.891,-45.3,1.23,1,0,0,1,1,3
1239,41.3,후면,5,track(5+p),-0.851,0.898,-46.7,1.23,1,0,0,1,1,3
1240,41.33,후면,5,track(5+p),-0.85,0.903,-47.0,1.24,1,0,0,1,1,3
1241,41.37,후면,5,track(5+p),-0.85,0.912,-47.4,1.25,1,0,0,1,1,3
1242,41.4,후면,5,track(5+p),-0.85,0.913,-47.6,1.25,1,0,0,1,1,3
1243,41.43,후면,5,track(5+p),-0.852,0.918,-47.8,1.25,1,0,0,1,1,3
1244,41.47,후면,5,track(5+p),-0.854,0.92,-47.9,1.25,1,0,0,1,1,3
1245,41.5,후면,5,track(5+p),-0.853,0.923,-48.2,1.26,1,0,0,1,1,3
1246,41.53,후면,5,track(5+p),-0.857,0.927,-48.3,1.26,1,0,0,1,1,3
1247,41.57,후면,5,track(5+p),-0.86,0.93,-48.4,1.27,1,0,0,1,1,3
1248,41.6,후면,5,track(5+p),-0.857,0.937,-48.9,1.27,1,0,0,1,1,3
1249,41.63,후면,5,track(5+p),-0.853,0.947,-49.5,1.27,1,0,0,1,1,3
1250,41.67,후면,5,track(5+p),-0.849,0.93,-49.4,1.26,1,0,0,1,1,3
1251,41.7,후면,5,track(5+p),-0.85,0.919,-49.5,1.25,1,0,0,1,1,3
1252,41.73,후면,5,track(5+p),-0.851,0.919,-49.7,1.25,1,0,0,1,1,3
1253,41.77,후면,5,track(5+p),-0.853,0.919,-49.8,1.25,1,0,0,1,1,3
1254,41.8,후면,5,track(5+p),-0.854,0.92,-49.9,1.25,1,0,0,1,1,3
1255,41.83,후면,5,track(5+p),-0.856,0.921,-50.1,1.26,1,0,0,1,1,3
1256,41.87,후면,5,track(5+p),-0.856,0.921,-50.3,1.26,1,0,0,1,1,3
1257,41.9,후면,5,track(5+p),-0.855,0.919,-50.4,1.25,1,0,0,1,1,2
1258,41.93,후면,5,track(5+p),-0.858,0.922,-50.6,1.26,1,0,0,1,1,3
1259,41.97,후면,5,track(5+p),-0.864,0.928,-50.7,1.27,1,0,0,1,1,3
1260,42.0,후면,5,track(5+p),-0.868,0.932,-50.8,1.27,1,0,0,1,1,3
1261,42.03,후면,5,track(5+p),-0.874,0.938,-50.8,1.28,1,0,0,1,1,3
1262,42.07,후면,5,track(5+p),-0.877,0.94,-50.9,1.29,1,0,0,1,1,3
1263,42.1,후면,5,track(5+p),-0.876,0.94,-51.0,1.28,1,0,0,1,1,2
1264,42.13,후면,5,track(5+p),-0.874,0.938,-51.1,1.28,1,0,0,1,1,3
1265,42.17,후면,5,track(5+p),-0.876,0.939,-51.1,1.28,1,0,0,1,1,3
1266,42.2,후면,5,track(5+p),-0.877,0.94,-51.2,1.28,1,0,0,1,1,3
1267,42.23,후면,5,track(5+p),-0.88,0.943,-51.3,1.29,1,0,0,1,1,3
1268,42.27,후면,5,track(5+p),-0.88,0.943,-51.3,1.29,1,0,0,1,1,3
1269,42.3,후면,5,track(5+p),-0.879,0.942,-51.5,1.29,1,0,0,1,1,3
1270,42.33,후면,5,track(5+p),-0.879,0.942,-51.5,1.29,1,0,0,1,1,3
1271,42.37,후면,5,track(5+p),-0.879,0.941,-51.6,1.29,1,0,0,1,1,3
1272,42.4,후면,5,track(5+p),-0.878,0.941,-51.6,1.29,1,0,0,1,1,3
1273,42.43,후면,5,track(5+p),-0.876,0.939,-51.7,1.28,1,0,0,1,1,2
1274,42.47,후면,5,track(5+p),-0.877,0.939,-51.7,1.28,1,0,0,1,1,3
1275,42.5,후면,5,track(5+p),-0.876,0.938,-51.8,1.28,1,0,0,1,1,3
1276,42.53,후면,5,track(5+p),-0.877,0.938,-51.9,1.28,1,0,0,1,1,3
1277,42.57,후면,5,track(5+p),-0.883,0.945,-52.0,1.29,1,0,0,1,1,3
1278,42.6,후면,5,track(5+p),-0.885,0.947,-52.0,1.3,1,0,0,1,1,3
1279,42.63,후면,5,track(5+p),-0.886,0.948,-52.0,1.3,1,0,0,1,1,3
1280,42.67,후면,5,track(5+p),-0.889,0.951,-52.1,1.3,1,0,0,1,1,3
1281,42.7,후면,5,track(5+p),-0.89,0.952,-52.2,1.3,1,0,0,1,1,3
1282,42.73,후면,5,track(5+p),-0.888,0.95,-52.2,1.3,1,0,0,1,1,3
1283,42.77,후면,5,track(5+p),-0.886,0.947,-52.3,1.3,1,0,0,1,1,3
1284,42.8,후면,5,track(5+p),-0.882,0.943,-52.4,1.29,1,0,0,1,1,3
1285,42.83,후면,5,track(5+p),-0.879,0.941,-52.5,1.29,1,0,0,1,1,3
1286,42.87,후면,5,track(5+p),-0.878,0.939,-52.6,1.28,1,0,0,1,1,3
1287,42.9,후면,5,track(5+p),-0.878,0.939,-52.6,1.29,1,0,0,1,1,3
1288,42.93,후면,5,track(5+p),-0.88,0.942,-52.7,1.29,1,0,0,1,1,3
1289,42.97,후면,5,track(5+p),-0.88,0.941,-52.7,1.29,1,0,0,1,1,3
1290,43.0,후면,5,track(5+p),-0.878,0.94,-52.8,1.29,1,0,0,1,1,3
1291,43.03,후면,5,track(5+p),-0.879,0.94,-52.8,1.29,1,0,0,1,1,3
1292,43.07,후면,5,track(5+p),-0.878,0.94,-52.9,1.29,1,0,0,1,1,3
1293,43.1,후면,5,track(5+p),-0.875,0.937,-53.0,1.28,1,0,0,1,1,3
1294,43.13,후면,5,track(5+p),-0.874,0.936,-53.1,1.28,1,0,0,1,1,3
1295,43.17,후면,5,track(5+p),-0.874,0.936,-53.1,1.28,1,0,0,1,1,3
1296,43.2,후면,5,track(5+p),-0.872,0.933,-53.1,1.28,1,0,0,1,1,3
1297,43.23,후면,5,track(5+p),-0.87,0.931,-53.2,1.27,1,0,0,1,1,3
1298,43.27,후면,5,track(5+p),-0.866,0.927,-53.2,1.27,1,0,0,1,1,3
1299,43.3,후면,5,track(5+p),-0.864,0.925,-53.3,1.27,1,0,0,1,1,3
1300,43.33,후면,5,track(5+p),-0.865,0.926,-53.3,1.27,1,0,0,1,1,3
1301,43.37,후면,5,track(5+p),-0.867,0.929,-53.3,1.27,1,0,0,1,1,3
1302,43.4,후면,5,track(5+p),-0.873,0.934,-53.2,1.28,1,0,0,1,1,3
1303,43.43,후면,5,track(5+p),-0.878,0.939,-53.2,1.29,1,0,0,1,1,3
1304,43.47,후면,5,track(5+p),-0.881,0.942,-53.2,1.29,1,0,0,1,1,3
1305,43.5,후면,5,track(5+p),-0.883,0.945,-53.2,1.29,1,0,0,1,1,3
1306,43.53,후면,5,track(5+p),-0.886,0.948,-53.1,1.3,1,0,0,1,1,3
1307,43.57,후면,5,track(5+p),-0.891,0.952,-53.1,1.3,1,0,0,1,1,3
1308,43.6,후면,5,track(5+p),-0.895,0.957,-53.1,1.31,1,0,0,1,1,3
1309,43.63,후면,5,track(5+p),-0.9,0.961,-53.1,1.32,1,0,0,1,1,3
1310,43.67,후면,5,track(5+p),-0.901,0.963,-53.0,1.32,1,0,0,1,1,3
1311,43.7,후면,5,track(5+p),-0.901,0.963,-53.1,1.32,1,0,0,1,1,3
1312,43.73,후면,5,track(5+p),-0.899,0.96,-53.1,1.32,1,0,0,1,1,3
1313,43.77,후면,5,track(5+p),-0.897,0.959,-53.1,1.31,1,0,0,1,1,3
1314,43.8,후면,5,track(5+p),-0.896,0.958,-53.2,1.31,1,0,0,1,1,3
1315,43.83,후면,5,track(5+p),-0.895,0.957,-53.2,1.31,1,0,0,1,1,3
1316,43.87,후면,5,track(5+p),-0.893,0.955,-53.2,1.31,1,0,0,1,1,3
1317,43.9,후면,5,track(5+p),-0.89,0.951,-53.2,1.3,1,0,0,1,1,3
1318,43.93,후면,5,track(5+p),-0.887,0.949,-53.3,1.3,1,0,0,1,1,3
1319,43.97,후면,5,track(5+p),-0.889,0.95,-53.3,1.3,1,0,0,1,1,3
1320,44.0,후면,5,track(5+p),-0.888,0.949,-53.3,1.3,1,0,0,1,1,3
1321,44.03,후면,5,track(5+p),-0.887,0.948,-53.3,1.3,1,0,0,1,1,3
1322,44.07,후면,5,track(5+p),-0.887,0.948,-53.4,1.3,1,0,0,1,1,3
1323,44.1,후면,5,track(5+p),-0.887,0.948,-53.4,1.3,1,0,0,1,1,3
1324,44.13,후면,5,track(5+p),-0.887,0.948,-53.4,1.3,1,0,0,1,1,3
1325,44.17,후면,5,track(5+p),-0.887,0.948,-53.4,1.3,1,0,0,1,1,3
1326,44.2,후면,5,track(5+p),-0.886,0.947,-53.4,1.3,1,0,0,1,1,3
1327,44.23,후면,5,track(5+p),-0.886,0.947,-53.4,1.3,1,0,0,1,1,3
1328,44.27,후면,5,track(5+p),-0.886,0.947,-53.4,1.3,1,0,0,1,1,3
1329,44.3,후면,5,track(5+p),-0.886,0.947,-53.4,1.3,1,0,0,1,1,3
1330,44.33,후면,5,track(5+p),-0.886,0.947,-53.4,1.3,1,0,0,1,1,3
1331,44.37,후면,5,track(5+p),-0.886,0.947,-53.4,1.3,1,0,0,1,1,3
1332,44.4,후면,5,track(5+p),-0.885,0.946,-53.4,1.3,1,0,0,1,1,3
1333,44.43,후면,5,track(5+p),-0.884,0.945,-53.4,1.29,1,0,0,1,1,3
1334,44.47,후면,5,track(5+p),-0.881,0.942,-53.5,1.29,1,0,0,1,1,3
1335,44.5,후면,5,track(5+p),-0.88,0.941,-53.5,1.29,1,0,0,1,1,3
1336,44.53,후면,5,track(5+p),-0.884,0.946,-53.5,1.29,1,0,0,1,1,3
1337,44.57,후면,5,track(5+p),-0.886,0.948,-53.4,1.3,1,0,0,1,1,3
1338,44.6,후면,5,track(5+p),-0.887,0.948,-53.4,1.3,1,0,0,1,1,3
1339,44.63,후면,5,track(5+p),-0.888,0.949,-53.4,1.3,1,0,0,1,1,3
1340,44.67,후면,5,track(5+p),-0.887,0.948,-53.4,1.3,1,0,0,1,1,3
1341,44.7,후면,5,track(5+p),-0.888,0.949,-53.4,1.3,1,0,0,1,1,3
1342,44.73,후면,5,track(5+p),-0.89,0.951,-53.4,1.3,1,0,0,1,1,3
1343,44.77,후면,5,track(5+p),-0.89,0.952,-53.4,1.3,1,0,0,1,1,2
1344,44.8,후면,5,track(5+p),-0.891,0.952,-53.4,1.3,1,0,0,1,1,3
1345,44.83,후면,5,track(5+p),-0.89,0.951,-53.4,1.3,1,0,0,1,1,3
1346,44.87,후면,5,track(5+p),-0.888,0.949,-53.5,1.3,1,0,0,1,1,3
1347,44.9,후면,5,track(5+p),-0.886,0.947,-53.5,1.3,1,0,0,1,1,3
1348,44.93,후면,5,track(5+p),-0.884,0.945,-53.5,1.29,1,0,0,1,1,3
1349,44.97,후면,5,track(5+p),-0.882,0.943,-53.5,1.29,1,0,0,1,1,3
1350,45.0,후면,5,track(5+p),-0.881,0.942,-53.5,1.29,1,0,0,1,1,3
1351,45.03,후면,5,track(5+p),-0.88,0.941,-53.6,1.29,1,0,0,1,1,3
1352,45.07,후면,5,track(5+p),-0.88,0.941,-53.6,1.29,1,0,0,1,1,3
1353,45.1,후면,5,track(5+p),-0.88,0.941,-53.6,1.29,1,0,0,1,1,3
1354,45.13,후면,5,track(5+p),-0.88,0.941,-53.6,1.29,1,0,0,1,1,3
1355,45.17,후면,5,track(5+p),-0.879,0.94,-53.7,1.29,1,0,0,1,1,3
1356,45.2,후면,5,track(5+p),-0.879,0.94,-53.7,1.29,1,0,0,1,1,3
1357,45.23,후면,5,track(5+p),-0.878,0.94,-53.7,1.29,1,0,0,1,1,3
1358,45.27,후면,5,track(5+p),-0.878,0.939,-53.7,1.28,1,0,0,1,1,3
1359,45.3,후면,5,track(5+p),-0.876,0.937,-53.8,1.28,1,0,0,1,1,3
1360,45.33,후면,5,track(5+p),-0.876,0.937,-53.8,1.28,1,0,0,1,1,3
1361,45.37,후면,5,track(5+p),-0.876,0.937,-53.8,1.28,1,0,0,1,1,3
1362,45.4,후면,5,track(5+p),-0.875,0.936,-53.9,1.28,1,0,0,1,1,3
1363,45.43,후면,5,track(5+p),-0.875,0.936,-53.9,1.28,1,0,0,1,1,3
1364,45.47,후면,5,track(5+p),-0.876,0.937,-53.9,1.28,1,0,0,1,1,3
1365,45.5,후면,5,track(5+p),-0.877,0.938,-54.0,1.28,1,0,0,1,1,3
1366,45.53,후면,5,track(5+p),-0.88,0.941,-54.0,1.29,1,0,0,1,1,3
1367,45.57,후면,5,track(5+p),-0.882,0.943,-54.0,1.29,1,0,0,1,1,3
1368,45.6,후면,5,track(5+p),-0.883,0.944,-54.1,1.29,1,0,0,1,1,3
1369,45.63,후면,5,track(5+p),-0.883,0.945,-54.1,1.29,1,0,0,1,1,3
1370,45.67,후면,5,track(5+p),-0.883,0.944,-54.2,1.29,1,0,0,1,1,3
1371,45.7,후면,5,track(5+p),-0.881,0.942,-54.2,1.29,1,0,0,1,1,3
1372,45.73,후면,5,track(5+p),-0.877,0.938,-54.4,1.28,1,0,0,1,1,3
1373,45.77,후면,5,track(5+p),-0.875,0.937,-54.4,1.28,1,0,0,1,1,3
1374,45.8,후면,5,track(5+p),-0.876,0.937,-54.6,1.28,1,0,0,1,1,3
1375,45.83,후면,5,track(5+p),-0.876,0.937,-54.6,1.28,1,0,0,1,1,3
1376,45.87,후면,5,track(5+p),-0.878,0.939,-54.7,1.29,1,0,0,1,1,3
1377,45.9,후면,5,track(5+p),-0.877,0.938,-54.8,1.28,1,0,0,1,1,3
1378,45.93,후면,5,track(5+p),-0.876,0.937,-54.9,1.28,1,0,0,1,1,3
1379,45.97,후면,5,track(5+p),-0.877,0.938,-55.0,1.28,1,0,0,1,1,3
1380,46.0,후면,5,track(5+p),-0.876,0.937,-55.2,1.28,1,0,0,1,1,3
1381,46.03,후면,5,track(5+p),-0.875,0.936,-55.3,1.28,1,0,0,1,1,3
1382,46.07,후면,5,track(5+p),-0.873,0.934,-55.4,1.28,1,0,0,1,1,3
1383,46.1,후면,5,track(5+p),-0.873,0.934,-55.6,1.28,1,0,0,1,1,3
1384,46.13,후면,5,track(5+p),-0.876,0.937,-55.7,1.28,1,0,0,1,1,3
1385,46.17,후면,5,track(5+p),-0.878,0.939,-55.8,1.29,1,0,0,1,1,3
1386,46.2,후면,5,track(5+p),-0.88,0.941,-55.9,1.29,1,0,0,1,1,3
1387,46.23,후면,5,track(5+p),-0.882,0.944,-56.0,1.29,1,0,0,1,1,3
1388,46.27,후면,5,track(5+p),-0.888,0.949,-56.1,1.3,1,0,0,1,1,3
1389,46.3,후면,5,track(5+p),-0.89,0.952,-56.2,1.3,1,0,0,1,1,3
1390,46.33,후면,5,track(5+p),-0.891,0.953,-56.3,1.3,1,0,0,1,1,3
1391,46.37,후면,5,track(5+p),-0.895,0.956,-56.5,1.31,1,0,0,1,1,3
1392,46.4,후면,5,track(5+p),-0.896,0.958,-56.6,1.31,1,0,0,1,1,3
1393,46.43,후면,5,track(5+p),-0.898,0.96,-56.7,1.31,1,0,0,1,1,3
1394,46.47,후면,5,track(5+p),-0.9,0.962,-56.9,1.32,1,0,0,1,1,3
1395,46.5,후면,5,track(5+p),-0.902,0.964,-57.0,1.32,1,0,0,1,1,3
1396,46.53,후면,5,track(5+p),-0.903,0.965,-57.2,1.32,1,0,0,1,1,3
1397,46.57,후면,5,track(5+p),-0.903,0.966,-57.3,1.32,1,0,0,1,1,4
1398,46.6,후면,5,track(5+p),-0.904,0.966,-57.5,1.32,1,0,0,1,1,4
1399,46.63,후면,5,track(5+p),-0.907,0.97,-57.7,1.33,1,0,0,1,1,4
1400,46.67,후면,5,track(5+p),-0.91,0.973,-57.8,1.33,1,0,0,1,1,4
1401,46.7,후면,5,track(5+p),-0.913,0.976,-57.9,1.34,1,0,0,1,1,4
1402,46.73,후면,5,track(5+p),-0.917,0.98,-58.1,1.34,1,0,0,1,1,4
1403,46.77,후면,5,track(5+p),-0.919,0.983,-58.2,1.35,1,0,0,1,1,4
1404,46.8,후면,5,track(5+p),-0.925,0.989,-58.3,1.35,1,0,0,1,1,4
1405,46.83,후면,5,track(5+p),-0.927,0.99,-58.4,1.36,1,0,0,1,1,4
1406,46.87,후면,5,track(5+p),-0.929,0.993,-58.5,1.36,1,0,0,1,1,4
1407,46.9,후면,5,track(5+p),-0.929,0.994,-58.6,1.36,1,0,0,1,1,4
1408,46.93,후면,5,track(5+p),-0.934,0.998,-58.6,1.37,1,0,0,1,1,4
1409,46.97,후면,5,track(5+p),-0.937,1.001,-58.7,1.37,1,0,0,1,1,4
1410,47.0,후면,5,track(5+p),-0.94,1.005,-58.8,1.38,1,0,0,1,1,4
1411,47.03,후면,5,track(5+p),-0.946,1.01,-58.8,1.38,1,0,0,1,1,4
1412,47.07,후면,5,track(5+p),-0.953,1.018,-58.8,1.4,1,0,0,1,1,4
1413,47.1,후면,5,track(5+p),-0.959,1.024,-58.8,1.4,1,0,0,1,1,4
1414,47.13,후면,5,track(5+p),-0.959,1.024,-58.9,1.4,1,0,0,1,1,4
1415,47.17,후면,5,track(5+p),-0.959,1.025,-58.9,1.4,1,0,0,1,1,4
1416,47.2,후면,5,track(5+p),-0.96,1.025,-59.0,1.41,1,0,0,1,1,4
1417,47.23,후면,5,track(5+p),-0.964,1.029,-59.1,1.41,1,0,0,1,1,4
1418,47.27,후면,5,track(5+p),-0.966,1.032,-59.1,1.41,1,0,0,1,1,4
1419,47.3,후면,5,track(5+p),-0.967,1.032,-59.2,1.41,1,0,0,1,1,4
1420,47.33,후면,5,track(5+p),-0.967,1.032,-59.2,1.41,1,0,0,1,1,4
1421,47.37,후면,5,track(5+p),-0.968,1.034,-59.3,1.42,1,0,0,1,1,4
1422,47.4,후면,5,track(5+p),-0.968,1.034,-59.3,1.42,1,0,0,1,1,4
1423,47.43,후면,5,track(5+p),-0.971,1.036,-59.4,1.42,1,0,0,1,1,4
1424,47.47,후면,5,track(5+p),-0.972,1.037,-59.4,1.42,1,0,0,1,1,4
1425,47.5,후면,5,track(5+p),-0.968,1.033,-59.5,1.42,1,0,0,1,1,4
1426,47.53,후면,5,track(5+p),-0.965,1.03,-59.5,1.41,1,0,0,1,1,4
1427,47.57,후면,5,track(5+p),-0.962,1.027,-59.5,1.41,1,0,0,1,1,4
1428,47.6,후면,5,track(5+p),-0.964,1.029,-59.5,1.41,1,0,0,1,1,4
1429,47.63,후면,5,track(5+p),-0.965,1.03,-59.5,1.41,1,0,0,1,1,4
1430,47.67,후면,5,track(5+p),-0.965,1.03,-59.5,1.41,1,0,0,1,1,4
1431,47.7,후면,5,track(5+p),-0.969,1.034,-59.5,1.42,1,0,0,1,1,4
1432,47.73,후면,5,track(5+p),-0.968,1.033,-59.5,1.42,1,0,0,1,1,4
1433,47.77,후면,5,track(5+p),-0.967,1.032,-59.4,1.42,1,0,0,1,1,4
1434,47.8,후면,5,track(5+p),-0.968,1.033,-59.4,1.42,1,0,0,1,1,4
1435,47.83,후면,5,track(5+p),-0.967,1.032,-59.4,1.42,1,0,0,1,1,4
1436,47.87,후면,5,track(5+p),-0.966,1.031,-59.3,1.41,1,0,0,1,1,4
1437,47.9,후면,5,track(5+p),-0.964,1.029,-59.3,1.41,1,0,0,1,1,4
1438,47.93,후면,5,track(5+p),-0.965,1.03,-59.2,1.41,1,0,0,1,1,4
1439,47.97,후면,5,track(5+p),-0.965,1.03,-59.1,1.41,1,0,0,1,1,4
1440,48.0,후면,5,track(5+p),-0.963,1.028,-59.0,1.41,1,0,0,1,1,4
1441,48.03,후면,5,track(5+p),-0.962,1.027,-58.9,1.41,1,0,0,1,1,4
1442,48.07,후면,5,track(5+p),-0.964,1.03,-58.7,1.41,1,0,0,1,1,4
1443,48.1,후면,5,track(5+p),-0.971,1.037,-58.4,1.42,2,0,0,1,1,4
1444,48.13,후면,5,track(5+p),-0.975,1.04,-58.1,1.43,2,0,0,1,1,4
1445,48.17,후면,5,track(5+p),-0.972,1.037,-57.8,1.42,1,0,0,1,1,4
1446,48.2,후면,5,track(5+p),-0.971,1.036,-57.6,1.42,1,0,0,1,1,4
1447,48.23,후면,5,track(5+p),-0.968,1.033,-57.4,1.42,1,0,0,1,1,4
1448,48.27,후면,5,track(5+p),-0.968,1.033,-57.1,1.42,1,0,0,1,1,4
1449,48.3,후면,5,track(5+p),-0.968,1.033,-56.9,1.42,1,0,0,1,1,4
1450,48.33,후면,5,track(5+p),-0.968,1.033,-56.7,1.42,1,0,0,1,1,4
1451,48.37,후면,5,track(5+p),-0.97,1.035,-56.4,1.42,1,0,0,1,1,4
1452,48.4,후면,5,track(5+p),-0.97,1.035,-56.2,1.42,1,0,0,1,1,4
1453,48.43,후면,5,track(5+p),-0.963,1.028,-55.9,1.41,1,0,0,1,1,3
1454,48.47,후면,5,track(5+p),-0.958,1.024,-55.7,1.4,1,0,0,1,1,3
1455,48.5,후면,5,track(5+p),-0.955,1.02,-55.4,1.4,1,0,0,1,1,3
1456,48.53,후면,5,track(5+p),-0.948,1.014,-55.2,1.39,1,0,0,1,1,3
1457,48.57,후면,5,track(5+p),-0.949,1.015,-54.8,1.39,1,0,0,1,1,3
1458,48.6,후면,5,track(5+p),-0.951,1.016,-54.5,1.39,1,0,0,1,1,3
1459,48.63,후면,5,track(5+p),-0.946,1.012,-54.3,1.38,1,0,0,1,1,3
1460,48.67,후면,5,track(5+p),-0.944,1.009,-54.0,1.38,1,0,0,1,1,3
1461,48.7,후면,5,track(5+p),-0.944,1.009,-53.7,1.38,1,0,0,1,1,3
1462,48.73,후면,5,track(5+p),-0.941,1.007,-53.3,1.38,1,0,0,1,1,3
1463,48.77,후면,5,track(5+p),-0.942,1.008,-52.9,1.38,1,0,0,1,1,3
1464,48.8,후면,5,track(5+p),-0.93,1.02,-53.1,1.38,2,0,0,1,1,3
1465,48.83,후면,5,track(5+p),-0.916,1.038,-53.3,1.38,2,0,0,1,1,3
1466,48.87,후면,5,track(5+p),-0.91,1.044,-53.0,1.38,2,0,0,1,1,3
1467,48.9,후면,5,track(5+p),-0.908,1.046,-52.5,1.39,2,0,0,1,1,3
1468,48.93,후면,5,track(5+p),-0.904,1.054,-52.2,1.39,2,0,0,1,1,3
1469,48.97,후면,5,track(5+p),-0.901,1.06,-51.7,1.39,2,0,0,1,1,3
1470,49.0,후면,5,track(5+p),-0.904,1.055,-51.0,1.39,2,0,0,1,1,3
1471,49.03,후면,5,track(5+p),-0.907,1.051,-50.5,1.39,2,0,0,1,1,3
1472,49.07,후면,5,track(5+p),-0.91,1.047,-49.8,1.39,1,0,0,1,1,3
1473,49.1,후면,5,track(5+p),-0.912,1.04,-49.1,1.38,1,0,0,1,1,3
1474,49.13,후면,5,track(5+p),-0.914,1.034,-48.5,1.38,2,0,0,1,1,3
1475,49.17,후면,5,track(5+p),-0.914,1.023,-47.8,1.37,2,0,0,1,1,3
1476,49.2,후면,5,track(5+p),-0.911,1.023,-47.4,1.37,1,0,0,1,1,3
1477,49.23,후면,5,track(5+p),-0.908,1.022,-47.0,1.37,1,0,0,1,1,3
1478,49.27,후면,5,track(5+p),-0.907,1.017,-46.4,1.36,1,0,0,1,1,3
1479,49.3,후면,5,track(5+p),-0.904,1.015,-45.9,1.36,1,0,0,1,1,3
1480,49.33,후면,5,track(5+p),-0.902,1.013,-45.4,1.35,1,0,0,1,1,3
1481,49.37,후면,4,track(4+p),-0.915,0.987,-42.4,1.35,1,0,0,1,0,3
1482,49.4,후면,4,track(4+p),-0.914,0.98,-40.4,1.34,1,0,0,1,0,3
1483,49.43,후면,4,track(4+p),-0.915,0.973,-39.4,1.33,1,0,0,1,0,3
1484,49.47,후면,4,track(4+p),-0.916,0.965,-38.6,1.33,1,0,0,1,0,3
1485,49.5,후면,4,track(4+p),-0.913,0.966,-38.1,1.33,1,0,0,1,0,3
1486,49.53,후면,4,track(4+p),-0.913,0.961,-37.4,1.32,1,0,0,1,0,3
1487,49.57,후면,4,track(4+p),-0.911,0.958,-36.7,1.32,1,0,0,1,0,3
1488,49.6,후면,4,track(4+p),-0.908,0.954,-36.1,1.31,2,0,0,1,0,3
1489,49.63,후면,4,track(4+p),-0.906,0.956,-35.6,1.31,1,0,0,1,0,3
1490,49.67,후면,3,track(3+p),-0.896,0.953,-34.0,1.31,1,0,0,1,0,2
1491,49.7,후면,3,track(3+p),-0.896,0.947,-32.8,1.3,1,0,0,1,0,2
1492,49.73,후면,3,track(3+p),-0.889,0.946,-32.0,1.3,1,0,0,1,0,2
1493,49.77,후면,3,track(3+p),-0.884,0.944,-31.2,1.29,1,0,0,1,0,2
1494,49.8,후면,3,track(3+p),-0.878,0.938,-30.4,1.29,1,0,0,1,0,2
1495,49.83,후면,3,track(3+p),-0.875,0.926,-29.3,1.27,1,0,0,1,0,2
1496,49.87,후면,3,track(3+p),-0.868,0.916,-28.5,1.26,1,0,0,1,0,2
1497,49.9,후면,3,track(3+p),-0.863,0.9,-27.4,1.25,1,0,0,1,0,2
1498,49.93,후면,3,track(3+p),-0.856,0.895,-26.7,1.24,1,0,0,1,0,2
1499,49.97,후면,3,track(3+p),-0.851,0.882,-25.7,1.23,1,0,0,1,0,2
1500,50.0,후면,3,track(3+p),-0.844,0.88,-25.1,1.22,1,0,0,1,0,2
1501,50.03,후면,3,track(3+p),-0.836,0.874,-24.5,1.21,1,0,0,1,0,2
1502,50.07,후면,3,track(3+p),-0.829,0.873,-23.8,1.2,1,0,0,1,0,2
1503,50.1,후면,3,track(3+p),-0.823,0.871,-23.2,1.2,1,0,0,1,0,2
1504,50.13,후면,3,track(3+p),-0.814,0.871,-22.9,1.19,1,0,0,1,0,2
1505,50.17,후면,3,track(3+p),-0.807,0.872,-22.4,1.19,1,0,0,1,0,2
1506,50.2,후면,3,track(3+p),-0.797,0.861,-21.6,1.17,1,0,0,1,0,2
1507,50.23,후면,3,track(3+p),-0.786,0.855,-21.0,1.16,1,0,0,1,0,2
1508,50.27,후면,3,track(3),-0.78,0.858,-20.6,1.16,1,0,0,1,0,2
1509,50.3,후면,3,track(3),-0.776,0.859,-20.1,1.16,1,0,0,1,0,2
1510,50.33,후면,3,track(3),-0.777,0.86,-19.5,1.16,1,0,0,1,0,2
1511,50.37,후면,3,track(3),-0.779,0.861,-18.9,1.16,1,0,0,1,0,2
1512,50.4,후면,3,track(3),-0.784,0.862,-18.1,1.16,1,0,0,1,0,2
1513,50.43,후면,3,track(3),-0.789,0.862,-17.4,1.16,1,0,0,1,0,2
1514,50.47,후면,3,track(3),-0.795,0.863,-16.6,1.16,1,0,0,1,0,2
1515,50.5,후면,3,track(3),-0.804,0.862,-15.8,1.16,1,0,0,1,0,2
1516,50.53,후면,3,track(3),-0.815,0.862,-14.9,1.16,1,0,0,1,0,2
1517,50.57,후면,3,track(3),-0.828,0.86,-14.1,1.16,1,0,0,1,0,2
1518,50.6,후면,3,track(3),-0.842,0.859,-13.1,1.16,1,0,0,1,0,2
1519,50.63,후면,3,track(3),-0.858,0.856,-12.1,1.16,1,0,0,1,0,2
1520,50.67,후면,3,track(3),-0.875,0.853,-11.1,1.16,1,0,0,1,0,2
1521,50.7,후면,3,track(3),-0.893,0.85,-10.1,1.16,1,0,0,1,0,2
1522,50.73,후면,3,track(3),-0.911,0.846,-9.0,1.16,1,0,0,1,0,2
1523,50.77,후면,2,weak(2),-0.911,0.846,-9.0,1.16,0,0,0,1,0,2
1524,50.8,후면,2,weak(2),-0.911,0.846,-9.0,1.16,0,0,0,1,0,2
1525,50.83,후면,2,weak(2),-0.911,0.846,-9.0,1.16,0,0,0,1,0,2
1526,50.87,후면,2,weak(2),-0.911,0.846,-9.0,1.16,0,0,0,1,0,2
1527,50.9,후면,2,weak(2),-0.911,0.846,-9.0,1.16,0,0,0,1,0,2
1528,50.93,후면,1,coast,-0.911,0.846,-9.0,1.16,0,0,0,0,0,2
1529,50.97,후면,1,coast,-0.911,0.846,-9.0,1.16,0,0,0,0,0,2
1530,51.0,후면,1,coast,-0.911,0.846,-9.0,1.16,0,0,0,0,0,2
1531,51.03,후면,1,coast,-0.911,0.846,-9.0,1.16,0,0,0,0,0,2
1532,51.07,후면,1,coast,-0.911,0.846,-9.0,1.16,0,0,0,0,0,2
1533,51.1,후면,2,weak(2),-0.911,0.846,-9.0,1.16,1,0,0,0,0,2
1534,51.13,후면,1,coast,-0.911,0.846,-9.0,1.16,0,0,0,0,0,2
1535,51.17,후면,1,coast,-0.911,0.846,-9.0,1.16,0,0,0,0,0,2
1536,51.2,후면,1,coast,-0.911,0.846,-9.0,1.16,0,0,0,0,0,2
1537,51.23,후면,2,weak(2),-0.911,0.846,-9.0,1.16,0,0,0,0,0,2
1538,51.27,후면,2,weak(2),-0.911,0.846,-9.0,1.16,0,0,0,0,0,2
1539,51.3,후면,2,weak(2),-0.911,0.846,-9.0,1.16,0,0,0,0,0,2
1540,51.33,후면,2,weak(2),-0.911,0.846,-9.0,1.16,0,0,0,0,0,2
1541,51.37,후면,2,weak(2),-0.911,0.846,-9.0,1.16,0,0,0,0,0,2
1542,51.4,후면,2,weak(2),-0.911,0.846,-9.0,1.16,0,0,0,0,0,2
1543,51.43,후면,1,coast,-0.911,0.846,-9.0,1.16,0,0,0,0,0,1
1544,51.47,후면,0,coast,-0.911,0.846,-9.0,1.16,0,0,0,0,0,0
1545,51.5,후면,0,coast,-0.911,0.846,-9.0,1.16,0,0,0,0,0,0
1546,51.53,후면,0,coast,-0.911,0.846,-9.0,1.16,0,1,0,0,0,0
1547,51.57,후면,0,coast,-0.911,0.846,-9.0,1.16,0,0,0,0,0,0
1548,51.6,후면,0,coast,-0.911,0.846,-9.0,1.16,0,0,0,0,0,0
1549,51.63,후면,0,coast,-0.911,0.846,-9.0,1.16,0,0,0,0,0,0
1550,51.67,후면,0,coast,-0.911,0.846,-9.0,1.16,0,0,0,0,0,0
1551,51.7,후면,0,coast,-0.911,0.846,-9.0,1.16,0,0,0,0,0,0
1552,51.73,후면,0,coast,-0.911,0.846,-9.0,1.16,0,0,0,0,0,0
1553,51.77,후면,0,coast,-0.911,0.846,-9.0,1.16,0,0,0,0,0,0
1554,51.8,후면,0,coast,-0.911,0.846,-9.0,1.16,0,0,0,0,0,0
1555,51.83,후면,0,coast,-0.911,0.846,-9.0,1.16,0,0,0,0,0,0
1556,51.87,후면,0,coast,-0.911,0.846,-9.0,1.16,0,0,0,0,0,0
1557,51.9,후면,0,coast,-0.911,0.846,-9.0,1.16,0,0,0,0,0,0
1558,51.93,후면,0,coast,-0.911,0.846,-9.0,1.16,0,0,0,0,0,0
1559,51.97,후면,0,coast,-0.911,0.846,-9.0,1.16,0,0,0,0,0,0
1560,52.0,후면,0,coast,-0.911,0.846,-9.0,1.16,0,0,0,0,0,0
1561,52.03,후면,0,coast,-0.911,0.846,-9.0,1.16,0,0,0,0,0,0
1562,52.07,미확인,0,lost,-0.911,0.846,-9.0,1.16,0,0,0,0,0,0
1563,52.1,미확인,0,lost,-0.911,0.846,-9.0,1.16,0,0,0,0,0,0
1564,52.13,미확인,0,lost,-0.911,0.846,-9.0,1.16,0,0,0,0,0,0
1565,52.17,미확인,0,lost,-0.911,0.846,-9.0,1.16,0,0,0,0,0,0
1566,52.2,미확인,0,lost,-0.911,0.846,-9.0,1.16,0,0,0,0,0,0
1567,52.23,미확인,0,lost,-0.911,0.846,-9.0,1.16,0,0,0,0,0,0
1568,52.27,미확인,0,lost,-0.911,0.846,-9.0,1.16,0,0,0,0,0,0
1569,52.3,미확인,0,lost,-0.911,0.846,-9.0,1.16,0,0,0,0,0,0
1570,52.33,미확인,0,lost,-0.911,0.846,-9.0,1.16,0,0,0,0,0,0
1571,52.37,미확인,0,lost,-0.911,0.846,-9.0,1.16,0,0,0,0,0,0
1572,52.4,미확인,0,lost,-0.911,0.846,-9.0,1.16,0,0,0,0,0,0
1573,52.43,미확인,0,lost,-0.911,0.846,-9.0,1.16,0,0,0,0,0,0
1574,52.47,미확인,0,lost,-0.911,0.846,-9.0,1.16,0,0,0,0,0,0
1575,52.5,미확인,0,lost,-0.911,0.846,-9.0,1.16,0,0,0,0,0,0
1576,52.53,미확인,0,lost,-0.911,0.846,-9.0,1.16,0,0,0,0,0,0
1577,52.57,미확인,0,lost,-0.911,0.846,-9.0,1.16,0,0,0,0,0,0
1578,52.6,미확인,0,lost,-0.911,0.846,-9.0,1.16,0,0,0,0,0,0
1579,52.63,미확인,0,lost,-0.911,0.846,-9.0,1.16,0,0,0,0,0,0
1580,52.67,미확인,0,lost,-0.911,0.846,-9.0,1.16,0,0,0,0,0,0
1581,52.7,미확인,0,lost,-0.911,0.846,-9.0,1.16,0,0,0,0,0,0
1582,52.73,미확인,0,lost,-0.911,0.846,-9.0,1.16,0,0,0,0,0,0
1583,52.77,미확인,0,lost,-0.911,0.846,-9.0,1.16,0,0,0,0,0,0
1584,52.8,미확인,0,lost,-0.911,0.846,-9.0,1.16,0,0,0,0,0,0
1585,52.83,미확인,0,lost,-0.911,0.846,-9.0,1.16,0,0,0,0,0,0
1586,52.87,미확인,0,lost,-0.911,0.846,-9.0,1.16,0,0,0,0,0,0
1587,52.9,미확인,0,lost,-0.911,0.846,-9.0,1.16,0,0,0,0,0,0
1588,52.93,미확인,0,lost,-0.911,0.846,-9.0,1.16,0,0,0,0,0,0
1589,52.97,미확인,0,lost,-0.911,0.846,-9.0,1.16,0,0,0,0,0,0
1590,53.0,미확인,0,lost,-0.911,0.846,-9.0,1.16,0,0,0,0,0,0
1591,53.03,미확인,0,lost,-0.911,0.846,-9.0,1.16,0,0,0,0,0,0
1592,53.07,미확인,0,lost,-0.911,0.846,-9.0,1.16,0,0,0,0,0,0
1593,53.1,미확인,0,lost,-0.911,0.846,-9.0,1.16,0,0,0,0,0,0
1594,53.13,미확인,0,lost,-0.911,0.846,-9.0,1.16,0,0,0,0,0,0
1595,53.17,미확인,0,lost,-0.911,0.846,-9.0,1.16,0,0,0,0,0,0
1596,53.2,미확인,0,lost,-0.911,0.846,-9.0,1.16,0,0,0,0,0,0
1597,53.23,미확인,0,lost,-0.911,0.846,-9.0,1.16,0,0,0,0,0,0
1598,53.27,미확인,0,lost,-0.911,0.846,-9.0,1.16,0,0,0,0,0,0
1599,53.3,미확인,0,lost,-0.911,0.846,-9.0,1.16,0,0,0,0,0,0
1600,53.33,미확인,0,lost,-0.911,0.846,-9.0,1.16,0,0,0,0,0,0
1601,53.37,미확인,0,lost,-0.911,0.846,-9.0,1.16,0,0,0,0,0,0
1602,53.4,미확인,0,lost,-0.911,0.846,-9.0,1.16,0,0,0,0,0,0
1603,53.43,미확인,0,lost,-0.911,0.846,-9.0,1.16,0,0,0,0,0,0
1604,53.47,미확인,0,lost,-0.911,0.846,-9.0,1.16,0,0,0,0,0,0
1605,53.5,미확인,0,lost,-0.911,0.846,-9.0,1.16,0,0,0,0,0,0
1606,53.53,미확인,0,lost,-0.911,0.846,-9.0,1.16,0,0,0,0,0,0
1607,53.57,미확인,0,lost,-0.911,0.846,-9.0,1.16,0,0,0,0,0,0
1608,53.6,미확인,0,lost,-0.911,0.846,-9.0,1.16,0,0,0,0,0,0
1609,53.63,미확인,0,lost,-0.911,0.846,-9.0,1.16,0,0,0,0,0,0
1610,53.67,미확인,0,lost,-0.911,0.846,-9.0,1.16,0,0,0,0,0,0
1611,53.7,미확인,0,lost,-0.911,0.846,-9.0,1.16,0,0,0,0,0,0
1612,53.73,미확인,0,lost,-0.911,0.846,-9.0,1.16,0,0,0,0,0,0
1613,53.77,미확인,0,lost,-0.911,0.846,-9.0,1.16,0,0,0,0,0,0
1614,53.8,미확인,0,lost,-0.911,0.846,-9.0,1.16,0,0,0,0,0,0
1615,53.83,미확인,0,lost,-0.911,0.846,-9.0,1.16,0,0,0,0,0,0
1616,53.87,미확인,2,weak(2),-0.911,0.846,-9.0,1.16,0,0,0,0,0,2
1617,53.9,미확인,2,weak(2),-0.911,0.846,-9.0,1.16,0,0,0,0,0,2
1618,53.93,미확인,2,weak(2),-0.911,0.846,-9.0,1.16,0,0,0,0,0,2
1619,53.97,미확인,2,weak(2),-0.911,0.846,-9.0,1.16,0,0,0,0,0,2
1620,54.0,미확인,2,weak(2),-0.911,0.846,-9.0,1.16,0,0,0,0,0,2
1621,54.03,미확인,2,weak(2),-0.911,0.846,-9.0,1.16,0,0,0,0,0,2
1622,54.07,미확인,2,weak(2),-0.911,0.846,-9.0,1.16,0,0,0,0,0,2
1623,54.1,미확인,2,weak(2),-0.911,0.846,-9.0,1.16,0,0,0,0,0,2
1624,54.13,미확인,2,weak(2),-0.911,0.846,-9.0,1.16,0,0,0,0,0,2
1625,54.17,미확인,2,weak(2),-0.911,0.846,-9.0,1.16,0,0,0,0,0,2
1626,54.2,미확인,2,weak(2),-0.911,0.846,-9.0,1.16,0,0,0,0,0,2
1627,54.23,미확인,2,weak(2),-0.911,0.846,-9.0,1.16,0,0,0,0,0,2
1628,54.27,미확인,2,weak(2),-0.911,0.846,-9.0,1.16,0,0,0,0,0,2
1629,54.3,미확인,2,weak(2),-0.911,0.846,-9.0,1.16,0,0,0,0,0,2
1630,54.33,미확인,2,weak(2),-0.911,0.846,-9.0,1.16,0,0,0,0,0,2
1631,54.37,미확인,2,weak(2),-0.911,0.846,-9.0,1.16,0,0,0,0,0,2
1632,54.4,미확인,2,weak(2),-0.911,0.846,-9.0,1.16,0,0,0,0,0,2
1633,54.43,미확인,2,weak(2),-0.911,0.846,-9.0,1.16,0,0,0,0,0,2
1634,54.47,미확인,2,weak(2),-0.911,0.846,-9.0,1.16,0,0,0,0,0,2
1635,54.5,미확인,3,track(3),-1.371,0.528,-0.2,1.16,0,0,0,1,0,2
1636,54.53,미확인,3,track(3),-1.397,0.486,2.8,1.16,0,0,0,1,0,2
1637,54.57,미확인,3,track(3),-1.426,0.445,5.8,1.16,0,0,0,1,0,2
1638,54.6,미확인,3,track(3),-1.461,0.409,8.8,1.16,0,0,0,1,0,2
1639,54.63,후면,3,track(3),-1.499,0.376,8.7,1.16,0,0,0,1,0,2
1640,54.67,후면,3,track(3),-1.54,0.349,8.1,1.16,0,0,0,1,0,2
1641,54.7,후면,3,track(3),-1.585,0.327,7.6,1.16,0,0,0,1,0,2
1642,54.73,후면,4,track(4),-1.634,0.314,10.6,1.16,1,0,0,1,0,2
1643,54.77,후면,4,track(4),-1.683,0.305,11.0,1.16,1,0,0,1,0,2
1644,54.8,후면,4,track(4),-1.733,0.3,10.6,1.16,1,0,0,1,0,2
1645,54.83,후면,4,track(4),-1.782,0.297,10.2,1.16,1,0,0,1,0,2
1646,54.87,후면,4,track(4),-1.832,0.296,9.7,1.16,1,0,0,1,0,2
1647,54.9,후면,4,track(4),-1.882,0.295,9.3,1.16,1,0,0,1,0,2
1648,54.93,후면,4,track(4),-1.932,0.295,8.8,1.16,1,0,0,1,0,2
1649,54.97,후면,4,track(4),-1.982,0.296,8.2,1.16,1,0,0,1,0,2
1650,55.0,후면,4,track(4),-2.032,0.296,7.7,1.16,1,0,0,1,0,2
1651,55.03,후면,4,track(4),-2.082,0.296,7.2,1.16,1,0,0,1,0,2
1652,55.07,후면,4,track(4),-2.132,0.296,6.6,1.16,1,0,0,1,0,2
1653,55.1,후면,3,track(3),-2.17,0.297,3.6,1.16,0,0,0,1,0,2
1654,55.13,후면,3,track(3),-2.205,0.297,0.6,1.16,0,0,0,1,0,2
1655,55.17,후면,3,track(3),-2.237,0.297,-0.3,1.16,0,0,0,1,0,2
1656,55.2,후면,3,track(3),-2.268,0.298,-1.0,1.16,0,0,0,1,0,2
1657,55.23,후면,4,track(4),-2.304,0.297,2.0,1.16,1,0,0,1,0,2
1658,55.27,후면,4,track(4),-2.339,0.297,2.4,1.16,1,0,0,1,0,2
1659,55.3,후면,4,track(4),-2.373,0.297,1.6,1.16,1,0,0,1,0,2
1660,55.33,후면,4,track(4),-2.405,0.297,0.8,1.16,1,0,0,1,0,2
1661,55.37,후면,4,track(4+p),-2.358,0.312,-2.2,1.1,1,0,0,1,0,2
1662,55.4,후면,4,track(4+p),-2.31,0.328,-5.2,1.06,1,0,0,1,0,2
1663,55.43,후면,4,track(4+p),-2.263,0.344,-8.2,1.03,1,0,0,1,0,2
1664,55.47,후면,4,track(4+p),-2.215,0.36,-11.2,1.02,1,0,0,1,0,2
1665,55.5,후면,4,track(4+p),-2.168,0.375,-14.2,1.01,1,0,0,1,0,2
1666,55.53,후면,4,track(4+p),-2.12,0.392,-17.2,1.0,1,0,0,1,0,2
1667,55.57,후면,4,track(4+p),-2.073,0.408,-20.2,1.0,1,0,0,1,0,2
1668,55.6,후면,4,track(4+p),-2.026,0.424,-23.2,1.01,1,0,0,1,0,2
1669,55.63,후면,4,track(4+p),-1.979,0.44,-26.2,1.01,1,0,0,1,0,2
1670,55.67,후면,4,track(4+p),-1.931,0.457,-29.2,1.02,1,0,0,1,0,2
1671,55.7,후면,4,track(4+p),-1.884,0.474,-32.2,1.02,1,0,0,1,0,2
1672,55.73,후면,4,track(4+p),-1.837,0.491,-35.2,1.03,1,0,0,1,0,2
1673,55.77,후면,4,track(4+p),-1.79,0.508,-38.2,1.04,1,0,0,1,0,2
1674,55.8,후면,4,track(4+p),-1.743,0.525,-41.2,1.04,1,0,0,1,0,2
1675,55.83,후면,4,track(4+p),-1.697,0.543,-44.2,1.05,1,0,0,1,0,2
1676,55.87,후면,4,track(4+p),-1.65,0.561,-47.2,1.06,1,0,0,1,0,2
1677,55.9,후면,4,track(4+p),-1.603,0.579,-50.2,1.06,1,0,0,1,0,2
1678,55.93,후면,4,track(4+p),-1.557,0.597,-53.2,1.07,1,0,0,1,0,2
1679,55.97,후면,4,track(4+p),-1.51,0.615,-56.2,1.08,1,0,0,1,0,2
1680,56.0,후면,4,track(4+p),-1.464,0.634,-59.2,1.08,1,0,0,1,0,4
1681,56.03,후면,3,track(3+p),-1.417,0.652,-62.2,1.08,1,0,0,1,0,2
1682,56.07,후면,3,track(3+p),-1.371,0.671,-65.2,1.09,1,0,0,1,0,2
1683,56.1,후면,3,track(3+p),-1.325,0.69,-68.2,1.09,1,0,0,1,0,2
1684,56.13,후면,3,track(3+p),-1.278,0.708,-71.2,1.09,1,0,0,1,0,2
1685,56.17,후면,3,track(3+p),-1.232,0.727,-74.2,1.09,1,0,0,1,0,2
1686,56.2,후면,3,track(3+p),-1.186,0.746,-77.2,1.1,1,0,0,1,0,2
1687,56.23,후면,3,track(3+p),-1.14,0.765,-80.2,1.1,1,0,0,1,0,2
1688,56.27,후면,3,track(3+p),-1.093,0.785,-83.2,1.1,1,0,0,1,0,2
1689,56.3,후면,3,track(3+p),-1.048,0.805,-86.2,1.11,1,0,0,1,0,2
1690,56.33,후면,3,track(3+p),-1.002,0.825,-87.1,1.11,1,0,0,1,0,2
1691,56.37,후면,3,track(3+p),-0.956,0.845,-87.5,1.11,1,0,0,1,0,2
1692,56.4,후면,3,track(3+p),-0.91,0.864,-87.7,1.11,1,0,0,1,0,2
1693,56.43,후면,3,track(3+p),-0.864,0.884,-88.1,1.11,1,0,0,1,0,2
1694,56.47,후면,3,track(3+p),-0.818,0.904,-88.5,1.11,1,0,0,1,0,2
1695,56.5,후면,3,track(3+p),-0.772,0.923,-88.8,1.11,1,0,0,1,0,2
1696,56.53,후면,3,track(3+p),-0.726,0.943,-89.1,1.11,1,0,0,1,0,2
1697,56.57,후면,3,track(3+p),-0.678,0.956,-86.1,1.11,1,0,0,1,0,2
1698,56.6,후면,3,track(3+p),-0.629,0.969,-83.1,1.11,1,0,0,1,0,2
1699,56.63,후면,3,track(3+p),-0.581,0.983,-80.1,1.11,1,0,0,1,0,2
1700,56.67,후면,4,track(4+p),-0.533,0.995,-77.1,1.11,1,0,0,1,0,2
1701,56.7,후면,4,track(4+p),-0.484,1.007,-74.1,1.11,1,0,0,1,0,2
1702,56.73,후면,4,track(4+p),-0.436,1.019,-71.1,1.11,1,0,0,1,0,2
1703,56.77,후면,4,track(4+p),-0.411,1.024,-71.2,1.11,1,0,0,1,0,2
1704,56.8,후면,4,track(4+p),-0.41,1.025,-71.4,1.11,1,0,0,1,0,2
1705,56.83,후면,4,track(4+p),-0.409,1.025,-71.4,1.11,1,0,0,1,0,2
1706,56.87,후면,4,track(4+p),-0.41,1.027,-71.5,1.11,1,0,0,1,0,2
1707,56.9,후면,4,track(4+p),-0.412,1.03,-71.6,1.11,1,0,0,1,0,2
1708,56.93,후면,4,track(4+p),-0.413,1.034,-71.7,1.12,1,0,0,1,0,2
1709,56.97,후면,4,track(4+p),-0.415,1.038,-71.7,1.12,1,0,0,1,0,2
1710,57.0,후면,4,track(4+p),-0.416,1.041,-71.8,1.13,1,0,0,1,0,2
1711,57.03,후면,4,track(4+p),-0.416,1.042,-71.8,1.13,1,0,0,1,0,2
1712,57.07,후면,4,track(4+p),-0.416,1.041,-72.0,1.13,1,0,0,1,0,2
1713,57.1,후면,5,track(5+p),-0.429,1.037,-70.0,1.13,1,0,0,1,1,3
1714,57.13,후면,5,track(5+p),-0.43,1.036,-70.1,1.13,1,0,0,1,1,3
1715,57.17,후면,5,track(5+p),-0.43,1.036,-70.1,1.13,1,0,0,1,1,3
1716,57.2,후면,5,track(5+p),-0.43,1.037,-70.2,1.13,1,0,0,1,1,3
1717,57.23,후면,5,track(5+p),-0.432,1.041,-70.3,1.13,1,0,0,1,1,3
1718,57.27,후면,5,track(5+p),-0.433,1.045,-70.3,1.14,1,0,0,1,1,3
1719,57.3,후면,5,track(5+p),-0.435,1.049,-70.4,1.14,1,0,0,1,1,3
1720,57.33,후면,5,track(5+p),-0.437,1.053,-70.4,1.15,1,0,0,1,1,3
1721,57.37,후면,5,track(5+p),-0.438,1.057,-70.5,1.15,1,0,0,1,1,3
1722,57.4,후면,5,track(5+p),-0.44,1.061,-70.5,1.16,1,0,0,1,1,3
1723,57.43,후면,5,track(5+p),-0.441,1.065,-70.5,1.16,1,0,0,1,1,3
1724,57.47,후면,5,track(5+p),-0.443,1.069,-70.5,1.16,1,0,0,1,1,3
1725,57.5,후면,5,track(5+p),-0.444,1.072,-70.6,1.17,1,0,0,1,1,3
1726,57.53,후면,5,track(5+p),-0.446,1.076,-70.6,1.17,1,0,0,1,1,3
1727,57.57,후면,5,track(5+p),-0.447,1.08,-70.6,1.18,1,0,0,1,1,3
1728,57.6,후면,5,track(5+p),-0.449,1.084,-70.6,1.18,1,0,0,1,1,3
1729,57.63,후면,5,track(5+p),-0.45,1.088,-70.5,1.18,1,0,0,1,1,3
1730,57.67,후면,5,track(5+p),-0.452,1.093,-70.5,1.19,1,0,0,1,1,3
1731,57.7,후면,5,track(5+p),-0.452,1.094,-70.4,1.19,1,0,0,1,1,3
1732,57.73,후면,5,track(5+p),-0.454,1.099,-70.4,1.2,1,0,0,1,1,3
1733,57.77,후면,5,track(5+p),-0.456,1.102,-70.5,1.2,1,0,0,1,1,3
1734,57.8,후면,5,track(5+p),-0.457,1.106,-70.5,1.2,1,0,0,1,1,2
1735,57.83,후면,5,track(5+p),-0.459,1.111,-70.5,1.21,1,0,0,1,1,2
1736,57.87,후면,5,track(5+p),-0.461,1.116,-70.4,1.21,1,0,0,1,1,3
1737,57.9,후면,5,track(5+p),-0.462,1.12,-70.4,1.22,1,0,0,1,1,3
1738,57.93,후면,5,track(5+p),-0.464,1.124,-70.3,1.22,1,0,0,1,1,3
1739,57.97,후면,5,track(5+p),-0.467,1.131,-70.3,1.23,1,0,0,1,1,3
1740,58.0,후면,5,track(5+p),-0.469,1.136,-70.2,1.24,1,0,0,1,1,3
1741,58.03,후면,5,track(5+p),-0.471,1.144,-70.2,1.24,1,0,0,1,1,3
1742,58.07,후면,5,track(5+p),-0.474,1.15,-70.1,1.25,1,0,0,1,1,3
1743,58.1,후면,5,track(5+p),-0.477,1.16,-70.0,1.26,1,0,0,1,1,3
1744,58.13,후면,5,track(5+p),-0.481,1.168,-69.9,1.27,1,0,0,1,1,3
1745,58.17,후면,5,track(5+p),-0.486,1.182,-69.6,1.28,1,0,0,1,1,3
1746,58.2,후면,5,track(5+p),-0.49,1.193,-69.4,1.3,1,0,0,1,1,3
1747,58.23,후면,5,track(5+p),-0.492,1.199,-69.1,1.3,1,0,0,1,1,3
1748,58.27,후면,5,track(5+p),-0.493,1.203,-69.0,1.31,1,0,0,1,1,3
1749,58.3,후면,5,track(5+p),-0.494,1.205,-68.8,1.31,1,0,0,1,1,3
1750,58.33,후면,5,track(5+p),-0.493,1.203,-68.8,1.31,1,0,0,1,1,3
1751,58.37,후면,5,track(5+p),-0.492,1.199,-68.7,1.3,1,0,0,1,1,3
1752,58.4,후면,5,track(5+p),-0.491,1.198,-68.7,1.3,1,0,0,1,1,3
1753,58.43,후면,5,track(5+p),-0.491,1.199,-68.6,1.3,1,0,0,1,1,3
1754,58.47,후면,5,track(5+p),-0.492,1.201,-68.6,1.3,1,0,0,1,1,3
1755,58.5,후면,5,track(5+p),-0.493,1.203,-68.6,1.31,1,0,0,1,1,3
1756,58.53,후면,5,track(5+p),-0.494,1.207,-68.5,1.31,1,0,0,1,1,3
1757,58.57,후면,5,track(5+p),-0.494,1.207,-68.5,1.31,1,0,0,1,1,3
1758,58.6,후면,5,track(5+p),-0.495,1.209,-68.5,1.31,1,0,0,1,1,3
1759,58.63,후면,5,track(5+p),-0.497,1.213,-68.5,1.32,1,0,0,1,1,3
1760,58.67,후면,5,track(5+p),-0.498,1.218,-68.4,1.32,1,0,0,1,1,3
1761,58.7,후면,5,track(5+p),-0.5,1.223,-68.4,1.33,1,0,0,1,1,3
1762,58.73,후면,5,track(5+p),-0.502,1.227,-68.4,1.33,1,0,0,1,1,4
1763,58.77,후면,5,track(5+p),-0.505,1.234,-68.4,1.34,1,0,0,1,1,4
1764,58.8,후면,5,track(5+p),-0.507,1.24,-68.4,1.35,1,0,0,1,1,4
1765,58.83,후면,5,track(5+p),-0.51,1.246,-68.3,1.35,1,0,0,1,1,4
1766,58.87,후면,5,track(5+p),-0.513,1.254,-68.3,1.36,1,0,0,1,1,4
1767,58.9,후면,5,track(5+p),-0.515,1.259,-68.3,1.37,1,0,0,1,1,4
1768,58.93,후면,5,track(5+p),-0.518,1.266,-68.2,1.37,1,0,0,1,1,4
1769,58.97,후면,5,track(5+p),-0.521,1.275,-68.2,1.38,1,0,0,1,1,4
1770,59.0,후면,5,track(5+p),-0.525,1.285,-68.2,1.39,1,0,0,1,1,4
1771,59.03,후면,5,track(5+p),-0.528,1.292,-68.2,1.4,1,0,0,1,1,4
1772,59.07,후면,5,track(5+p),-0.532,1.303,-68.2,1.41,1,0,0,1,1,4
1773,59.1,후면,5,track(5+p),-0.536,1.313,-68.1,1.42,1,0,0,1,1,4
1774,59.13,후면,5,track(5+p),-0.539,1.321,-68.1,1.43,1,0,0,1,1,4
1775,59.17,후면,5,track(5+p),-0.541,1.326,-68.1,1.44,1,0,0,1,1,4
1776,59.2,후면,5,track(5+p),-0.544,1.334,-68.1,1.45,1,0,0,1,1,4
1777,59.23,후면,5,track(5+p),-0.549,1.347,-68.1,1.46,1,0,0,1,1,4
1778,59.27,후면,5,track(5+p),-0.554,1.359,-68.1,1.47,1,0,0,1,1,4
1779,59.3,후면,5,track(5+p),-0.556,1.366,-68.1,1.48,1,0,0,1,1,4
1780,59.33,후면,5,track(5+p),-0.558,1.371,-68.1,1.49,1,0,0,1,1,4
1781,59.37,후면,5,track(5+p),-0.561,1.379,-68.1,1.49,1,0,0,1,1,4
1782,59.4,후면,5,track(5+p),-0.564,1.386,-68.1,1.5,1,0,0,1,1,4
1783,59.43,후면,5,track(5+p),-0.566,1.391,-68.1,1.51,1,0,0,1,1,4
1784,59.47,후면,5,track(5+p),-0.567,1.394,-68.2,1.51,1,0,0,1,1,4
1785,59.5,후면,5,track(5+p),-0.569,1.398,-68.2,1.51,1,0,0,1,1,4
1786,59.53,후면,5,track(5+p),-0.569,1.4,-68.2,1.52,1,0,0,1,1,4
1787,59.57,후면,5,track(5+p),-0.57,1.403,-68.3,1.52,1,0,0,1,1,4
1788,59.6,후면,5,track(5+p),-0.572,1.406,-68.3,1.52,1,0,0,1,1,4
1789,59.63,후면,5,track(5+p),-0.574,1.414,-68.4,1.53,1,0,0,1,1,4
1790,59.67,후면,5,track(5+p),-0.576,1.418,-68.4,1.53,1,0,0,1,1,4
1791,59.7,후면,5,track(5+p),-0.578,1.422,-68.4,1.54,1,0,0,1,1,4
1792,59.73,후면,5,track(5+p),-0.58,1.429,-68.4,1.55,1,0,0,1,1,4
1793,59.77,후면,5,track(5+p),-0.582,1.432,-68.5,1.55,1,0,0,1,1,4
1794,59.8,후면,5,track(5+p),-0.584,1.439,-68.5,1.56,1,0,0,1,1,4
1795,59.83,후면,5,track(5+p),-0.586,1.444,-68.6,1.56,1,0,0,1,1,4
1796,59.87,후면,5,track(5+p),-0.588,1.447,-68.7,1.57,1,0,0,1,1,4
1797,59.9,후면,5,track(5+p),-0.588,1.448,-68.8,1.57,1,0,0,1,1,4
1798,59.93,후면,5,track(5+p),-0.587,1.446,-68.9,1.56,1,0,0,1,1,4
1799,59.97,후면,5,track(5+p),-0.589,1.451,-68.9,1.57,1,0,0,1,1,4
1800,60.0,후면,5,track(5+p),-0.594,1.463,-69.0,1.58,1,0,0,1,1,4
1801,60.03,후면,5,track(5+p),-0.599,1.477,-69.1,1.6,1,0,0,1,1,4
1802,60.07,후면,5,track(5+p),-0.603,1.486,-69.2,1.61,1,0,0,1,1,4
1803,60.1,후면,5,track(5+p),-0.607,1.495,-69.3,1.62,1,0,0,1,1,4
1804,60.13,후면,5,track(5+p),-0.61,1.504,-69.4,1.63,1,0,0,1,1,4
1805,60.17,후면,5,track(5+p),-0.612,1.507,-69.5,1.63,1,0,0,1,1,4
1806,60.2,후면,5,track(5+p),-0.61,1.502,-69.7,1.63,1,0,0,1,1,4
1807,60.23,후면,5,track(5+p),-0.609,1.501,-69.8,1.62,1,0,0,1,1,4
1808,60.27,후면,5,track(5+p),-0.608,1.498,-70.0,1.62,1,0,0,1,1,4
1809,60.3,후면,5,track(5+p),-0.607,1.495,-70.2,1.62,1,0,0,1,1,4
1810,60.33,후면,5,track(5+p),-0.608,1.499,-70.4,1.62,1,0,0,1,1,4
1811,60.37,후면,5,track(5+p),-0.611,1.506,-70.6,1.63,1,0,0,1,1,4
1812,60.4,후면,5,track(5+p),-0.609,1.499,-70.8,1.62,1,0,0,1,1,4
1813,60.43,후면,5,track(5+p),-0.609,1.501,-71.0,1.62,1,0,0,1,1,4
1814,60.47,후면,5,track(5+p),-0.611,1.506,-71.2,1.63,1,0,0,1,1,4
1815,60.5,후면,5,track(5+p),-0.614,1.513,-71.4,1.64,1,0,0,1,1,4
1816,60.53,후면,5,track(5+p),-0.613,1.51,-71.7,1.63,1,0,0,1,1,4
1817,60.57,후면,5,track(5+p),-0.613,1.509,-71.9,1.63,1,0,0,1,1,4
1818,60.6,후면,5,track(5+p),-0.612,1.507,-72.1,1.63,1,0,0,1,1,4
1819,60.63,후면,5,track(5+p),-0.615,1.514,-72.4,1.64,1,0,0,1,1,4
1820,60.67,후면,5,track(5+p),-0.614,1.513,-72.6,1.64,1,0,0,1,1,4
1821,60.7,후면,5,track(5+p),-0.61,1.503,-72.9,1.63,1,0,0,1,1,4
1822,60.73,후면,5,track(5+p),-0.609,1.501,-73.2,1.62,1,0,0,1,1,4
1823,60.77,후면,5,track(5+p),-0.608,1.498,-73.5,1.62,1,0,0,1,1,4
1824,60.8,후면,5,track(5+p),-0.606,1.492,-73.8,1.61,1,0,0,1,1,4
1825,60.83,후면,5,track(5+p),-0.604,1.487,-74.1,1.61,1,0,0,1,1,4
1826,60.87,후면,5,track(5+p),-0.604,1.488,-74.4,1.61,1,0,0,1,1,4
1827,60.9,후면,5,track(5+p),-0.605,1.489,-74.7,1.61,1,0,0,1,1,4
1828,60.93,후면,5,track(5+p),-0.604,1.487,-75.0,1.61,1,0,0,1,1,4
1829,60.97,후면,5,track(5+p),-0.603,1.485,-75.4,1.61,1,0,0,1,1,4
1830,61.0,후면,5,track(5+p),-0.601,1.481,-75.8,1.6,1,0,0,1,1,4
1831,61.03,후면,5,track(5+p),-0.599,1.476,-76.1,1.6,1,0,0,1,1,4
1832,61.07,후면,5,track(5+p),-0.599,1.475,-76.5,1.6,1,0,0,1,1,4
1833,61.1,후면,5,track(5+p),-0.6,1.478,-76.8,1.6,1,0,0,1,1,4
1834,61.13,후면,5,track(5+p),-0.599,1.474,-77.2,1.59,1,0,0,1,1,4
1835,61.17,후면,5,track(5+p),-0.601,1.479,-77.7,1.6,1,0,0,1,2,4
1836,61.2,후면,5,track(5+p),-0.6,1.478,-78.2,1.6,1,0,0,1,1,4
1837,61.23,후면,5,track(5+p),-0.6,1.477,-78.6,1.6,1,0,0,1,1,4
1838,61.27,후면,5,track(5+p),-0.603,1.483,-79.1,1.61,1,0,0,1,1,4
1839,61.3,후면,5,track(5+p),-0.609,1.499,-79.5,1.62,1,0,0,1,1,3
1840,61.33,후면,5,track(5+p),-0.614,1.511,-80.0,1.64,1,0,0,1,1,3
1841,61.37,후면,5,track(5+p),-0.614,1.513,-80.4,1.64,1,0,0,1,1,3
1842,61.4,후면,5,track(5+p),-0.615,1.515,-80.9,1.64,1,0,0,1,1,3
1843,61.43,후면,5,track(5+p),-0.613,1.509,-81.3,1.63,1,0,0,1,1,3
1844,61.47,후면,4,track(4+p),-0.613,1.509,-80.7,1.63,1,0,0,1,1,2
1845,61.5,후면,4,track(4+p),-0.614,1.512,-81.1,1.63,1,0,0,1,1,2
1846,61.53,후면,4,track(4+p),-0.612,1.507,-81.5,1.63,1,0,0,1,1,2
1847,61.57,후면,4,track(4+p),-0.612,1.506,-82.0,1.63,1,0,0,1,1,2
1848,61.6,후면,4,track(4+p),-0.61,1.501,-82.4,1.62,1,0,0,1,1,2
1849,61.63,후면,4,track(4+p),-0.611,1.504,-82.9,1.63,1,0,0,1,1,2
1850,61.67,후면,4,track(4+p),-0.611,1.504,-83.3,1.63,1,0,0,1,1,2
1851,61.7,후면,4,track(4+p),-0.612,1.506,-83.8,1.63,1,0,0,1,1,2
1852,61.73,후면,4,track(4+p),-0.608,1.497,-84.3,1.62,1,0,0,1,1,2
1853,61.77,후면,4,track(4+p),-0.606,1.492,-84.9,1.61,1,0,0,1,1,2
1854,61.8,후면,4,track(4+p),-0.6,1.477,-85.4,1.6,1,0,0,1,1,2
1855,61.83,후면,5,track(5+p),-0.599,1.474,-85.7,1.59,1,0,0,1,1,3
1856,61.87,후면,5,track(5+p),-0.594,1.462,-86.2,1.58,1,0,0,1,2,3
1857,61.9,후면,4,track(4+p),-0.59,1.451,-87.2,1.57,1,0,0,1,1,2
1858,61.93,후면,4,track(4+p),-0.587,1.443,-87.8,1.56,1,0,0,1,1,2
1859,61.97,후면,4,track(4+p),-0.583,1.434,-88.4,1.55,1,0,0,1,1,2
1860,62.0,후면,4,track(4+p),-0.581,1.429,-88.9,1.54,1,0,0,1,1,2
1861,62.03,후면,4,track(4+p),-0.579,1.425,-89.5,1.54,1,0,0,1,1,2
1862,62.07,후면,4,track(4+p),-0.577,1.419,-90.1,1.53,1,0,0,1,1,2
1863,62.1,후면,4,track(4+p),-0.573,1.409,-90.7,1.52,1,0,0,1,1,2
1864,62.13,후면,4,track(4+p),-0.568,1.397,-91.3,1.51,1,0,0,1,1,2
1865,62.17,후면,4,track(4+p),-0.567,1.393,-91.8,1.5,1,0,0,1,1,2
1866,62.2,후면,4,track(4),-0.585,1.359,-91.6,1.5,1,0,0,1,1,2
1867,62.23,후면,4,track(4),-0.594,1.336,-91.6,1.5,1,0,0,1,1,2
1868,62.27,후면,4,track(4),-0.597,1.321,-91.9,1.5,1,0,0,1,1,2
1869,62.3,후면,4,track(4),-0.598,1.312,-92.3,1.5,1,0,0,1,1,2
1870,62.33,후면,4,track(4),-0.599,1.308,-92.9,1.5,1,0,0,1,1,2
1871,62.37,후면,4,track(4),-0.598,1.308,-93.4,1.5,1,0,0,1,1,2
1872,62.4,후면,4,track(4),-0.589,1.304,-93.9,1.5,1,0,0,1,1,2
1873,62.43,후면,4,track(4),-0.581,1.303,-94.6,1.5,1,0,0,1,1,2
1874,62.47,후면,4,track(4),-0.577,1.304,-95.3,1.5,1,0,0,1,1,2
1875,62.5,후면,4,track(4),-0.573,1.306,-95.9,1.5,1,0,0,1,1,2
1876,62.53,후면,4,track(4),-0.57,1.31,-96.4,1.5,1,0,0,1,1,2
1877,62.57,후면,4,track(4),-0.566,1.317,-97.0,1.5,1,0,0,1,1,2
1878,62.6,후면,4,track(4),-0.564,1.326,-97.5,1.5,1,0,0,1,1,2
1879,62.63,후면,4,track(4),-0.562,1.336,-98.1,1.5,1,0,0,1,1,2
1880,62.67,후면,4,track(4),-0.56,1.349,-98.6,1.5,1,0,0,1,1,2
1881,62.7,후면,4,track(4+p),-0.559,1.382,-99.2,1.49,1,0,0,1,1,2
1882,62.73,후면,4,track(4),-0.559,1.391,-99.6,1.49,1,0,0,1,1,2
1883,62.77,후면,4,track(4),-0.558,1.402,-100.1,1.49,1,0,0,1,1,2
1884,62.8,후면,4,track(4),-0.557,1.414,-100.6,1.49,1,0,0,1,1,2
1885,62.83,후면,4,track(4),-0.556,1.428,-101.2,1.49,1,0,0,1,1,2
1886,62.87,후면,4,track(4),-0.554,1.444,-101.8,1.49,1,0,0,1,1,2
1887,62.9,후면,4,track(4),-0.553,1.46,-102.3,1.49,1,0,0,1,1,2
1888,62.93,후면,4,track(4),-0.551,1.477,-102.9,1.49,1,0,0,1,1,2
1889,62.97,후면,3,track(3),-0.546,1.503,-103.2,1.49,0,0,0,1,1,2
1890,63.0,후면,3,track(3),-0.542,1.528,-103.9,1.49,0,0,0,1,1,2
1891,63.03,후면,3,track(3),-0.539,1.552,-104.5,1.49,0,0,0,1,1,2
1892,63.07,후면,3,track(3),-0.537,1.575,-105.0,1.49,0,0,0,1,1,2
1893,63.1,후면,3,track(3),-0.535,1.597,-105.5,1.49,0,0,0,1,1,2
1894,63.13,후면,3,track(3),-0.534,1.618,-106.0,1.49,0,0,0,1,1,2
1895,63.17,후면,3,track(3),-0.532,1.64,-106.6,1.49,0,0,0,1,1,2
1896,63.2,후면,3,track(3),-0.53,1.661,-107.0,1.49,0,0,0,1,1,2
1897,63.23,후면,3,track(3),-0.528,1.682,-107.6,1.49,0,0,0,1,1,2
1898,63.27,후면,3,track(3),-0.527,1.702,-108.1,1.49,0,0,0,1,1,2
1899,63.3,후면,2,weak(2),-0.527,1.702,-108.1,1.49,0,0,0,1,0,2
1900,63.33,후면,3,track(3),-0.525,1.725,-109.1,1.49,0,0,0,1,1,2
1901,63.37,후면,1,coast,-0.525,1.725,-109.1,1.49,0,0,0,0,0,2
1902,63.4,후면,1,coast,-0.525,1.725,-109.1,1.49,0,0,0,0,0,2
1903,63.43,후면,1,coast,-0.525,1.725,-109.1,1.49,0,0,0,0,0,2
1904,63.47,후면,1,coast,-0.525,1.725,-109.1,1.49,0,0,0,0,0,2
1905,63.5,후면,1,coast,-0.525,1.725,-109.1,1.49,0,0,0,0,0,2
1906,63.53,후면,1,coast,-0.525,1.725,-109.1,1.49,0,0,0,0,0,2
1907,63.57,후면,1,coast,-0.525,1.725,-109.1,1.49,0,0,0,0,0,2
1908,63.6,후면,1,coast,-0.525,1.725,-109.1,1.49,0,0,0,0,0,2
1909,63.63,후면,1,coast,-0.525,1.725,-109.1,1.49,0,0,0,0,0,2
1910,63.67,후면,2,weak(2),-0.525,1.725,-109.1,1.49,0,0,0,0,0,2
1911,63.7,후면,2,weak(2),-0.525,1.725,-109.1,1.49,0,0,0,0,0,2
1912,63.73,후면,2,weak(2),-0.525,1.725,-109.1,1.49,0,0,0,0,0,2
1913,63.77,후면,2,weak(2),-0.525,1.725,-109.1,1.49,0,0,0,0,0,2
1914,63.8,후면,2,weak(2),-0.525,1.725,-109.1,1.49,0,0,0,0,0,2
1915,63.83,후면,2,weak(2),-0.525,1.725,-109.1,1.49,0,0,0,0,0,2
1916,63.87,후면,2,weak(2),-0.525,1.725,-109.1,1.49,0,0,0,0,0,2
1917,63.9,후면,2,weak(2),-0.525,1.725,-109.1,1.49,0,0,0,0,0,2
1918,63.93,후면,2,weak(2),-0.525,1.725,-109.1,1.49,0,0,0,0,0,2
1919,63.97,후면,2,weak(2),-0.525,1.725,-109.1,1.49,0,0,0,0,0,2
1920,64.0,후면,2,weak(2),-0.525,1.725,-109.1,1.49,0,0,0,0,0,2
1921,64.03,후면,2,weak(2),-0.525,1.725,-109.1,1.49,0,0,0,0,0,2
1922,64.07,후면,2,weak(2),-0.525,1.725,-109.1,1.49,0,0,0,0,0,2
1923,64.1,후면,2,weak(2),-0.525,1.725,-109.1,1.49,0,0,0,0,0,2
1924,64.13,후면,2,weak(2),-0.525,1.725,-109.1,1.49,0,0,0,0,0,2
1925,64.17,후면,2,weak(2),-0.525,1.725,-109.1,1.49,0,0,0,0,0,2
1926,64.2,후면,2,weak(2),-0.525,1.725,-109.1,1.49,0,0,0,0,0,2
1927,64.23,후면,2,weak(2),-0.525,1.725,-109.1,1.49,0,0,0,0,0,2
1928,64.27,후면,1,coast,-0.525,1.725,-109.1,1.49,0,0,0,0,0,1
1929,64.3,후면,0,coast,-0.525,1.725,-109.1,1.49,0,0,0,0,0,0
1930,64.33,후면,0,coast,-0.525,1.725,-109.1,1.49,0,0,0,0,0,0
1931,64.37,후면,0,coast,-0.525,1.725,-109.1,1.49,0,0,0,0,0,0
1932,64.4,후면,1,coast,-0.525,1.725,-109.1,1.49,0,0,0,0,1,0
1933,64.43,후면,0,coast,-0.525,1.725,-109.1,1.49,0,0,0,0,0,0
1934,64.47,후면,1,coast,-0.525,1.725,-109.1,1.49,0,0,0,0,1,0
1935,64.5,후면,1,coast,-0.525,1.725,-109.1,1.49,0,0,0,0,1,0
1936,64.53,후면,0,coast,-0.525,1.725,-109.1,1.49,0,0,0,0,0,0
1937,64.57,후면,0,coast,-0.525,1.725,-109.1,1.49,0,0,0,0,0,0
1938,64.6,후면,0,coast,-0.525,1.725,-109.1,1.49,0,0,0,0,0,0
1939,64.63,후면,0,coast,-0.525,1.725,-109.1,1.49,0,0,0,0,0,0
1940,64.67,후면,0,coast,-0.525,1.725,-109.1,1.49,0,0,0,0,0,0
1941,64.7,후면,0,coast,-0.525,1.725,-109.1,1.49,0,0,0,0,0,0
1942,64.73,후면,0,coast,-0.525,1.725,-109.1,1.49,0,0,0,0,0,0
1943,64.77,후면,1,coast,-0.525,1.725,-109.1,1.49,0,0,0,0,1,0
1944,64.8,후면,0,coast,-0.525,1.725,-109.1,1.49,0,0,0,0,0,0
1945,64.83,후면,0,coast,-0.525,1.725,-109.1,1.49,0,0,0,0,0,0
1946,64.87,후면,0,coast,-0.525,1.725,-109.1,1.49,0,0,0,0,0,0
1947,64.9,후면,0,coast,-0.525,1.725,-109.1,1.49,0,0,0,0,0,0
1948,64.93,후면,0,coast,-0.525,1.725,-109.1,1.49,0,0,0,0,0,0
1949,64.97,후면,0,coast,-0.525,1.725,-109.1,1.49,0,0,0,0,0,0
1950,65.0,후면,0,coast,-0.525,1.725,-109.1,1.49,0,0,0,0,0,0
1951,65.03,후면,0,coast,-0.525,1.725,-109.1,1.49,0,0,0,0,0,0
1952,65.07,후면,0,coast,-0.525,1.725,-109.1,1.49,0,0,0,0,0,0
1953,65.1,후면,0,coast,-0.525,1.725,-109.1,1.49,0,0,0,0,0,0
1954,65.13,후면,0,coast,-0.525,1.725,-109.1,1.49,0,0,0,0,0,0
1955,65.17,후면,0,coast,-0.525,1.725,-109.1,1.49,0,0,0,0,0,0
1956,65.2,후면,0,coast,-0.525,1.725,-109.1,1.49,0,0,0,0,0,0
1957,65.23,후면,0,coast,-0.525,1.725,-109.1,1.49,0,0,0,0,0,0
1958,65.27,후면,0,coast,-0.525,1.725,-109.1,1.49,0,0,0,0,0,0
1959,65.3,미확인,0,lost,-0.525,1.725,-109.1,1.49,0,0,0,0,0,0
1960,65.33,미확인,0,lost,-0.525,1.725,-109.1,1.49,0,0,0,0,0,0
1961,65.37,미확인,0,lost,-0.525,1.725,-109.1,1.49,0,0,0,0,0,0
1962,65.4,미확인,0,lost,-0.525,1.725,-109.1,1.49,0,0,0,0,0,0
1963,65.43,미확인,0,lost,-0.525,1.725,-109.1,1.49,0,0,0,0,0,0
1964,65.47,미확인,0,lost,-0.525,1.725,-109.1,1.49,0,0,0,0,0,0
1965,65.5,미확인,1,coast,-0.525,1.725,-109.1,1.49,0,0,0,0,1,0
1966,65.53,미확인,0,coast,-0.525,1.725,-109.1,1.49,0,0,0,0,0,0
1967,65.57,미확인,0,coast,-0.525,1.725,-109.1,1.49,0,0,0,0,0,0
1968,65.6,미확인,0,coast,-0.525,1.725,-109.1,1.49,0,0,0,0,0,0
1969,65.63,미확인,1,coast,-0.525,1.725,-109.1,1.49,0,0,0,0,1,0
1970,65.67,미확인,0,coast,-0.525,1.725,-109.1,1.49,0,0,0,0,0,0
1971,65.7,미확인,0,coast,-0.525,1.725,-109.1,1.49,0,0,0,0,0,0
1972,65.73,미확인,1,coast,-0.525,1.725,-109.1,1.49,0,1,0,0,0,0
1973,65.77,미확인,1,coast,-0.525,1.725,-109.1,1.49,0,0,0,0,1,0
1974,65.8,미확인,1,coast,-0.525,1.725,-109.1,1.49,0,0,0,0,1,0
1975,65.83,미확인,1,coast,-0.525,1.725,-109.1,1.49,0,0,0,0,1,0
1976,65.87,측면(불확실),1,coast,-0.525,1.725,-109.1,1.49,0,0,0,0,1,0
1977,65.9,측면(불확실),1,coast,-0.525,1.725,-109.1,1.49,0,0,0,0,1,0
1978,65.93,측면(불확실),0,coast,-0.525,1.725,-109.1,1.49,0,0,0,0,0,0
1979,65.97,측면(불확실),0,coast,-0.525,1.725,-109.1,1.49,0,0,0,0,0,0
1980,66.0,측면(불확실),0,coast,-0.525,1.725,-109.1,1.49,0,0,0,0,0,0
1981,66.03,측면(불확실),1,coast,-0.525,1.725,-109.1,1.49,0,0,0,0,1,0
1982,66.07,측면(불확실),1,coast,-0.525,1.725,-109.1,1.49,0,0,0,0,1,0
1983,66.1,측면(불확실),0,coast,-0.525,1.725,-109.1,1.49,0,0,0,0,0,0
1984,66.13,측면(불확실),0,coast,-0.525,1.725,-109.1,1.49,0,0,0,0,0,0
1985,66.17,측면(불확실),0,coast,-0.525,1.725,-109.1,1.49,0,0,0,0,0,0
1986,66.2,측면(불확실),1,coast,-0.525,1.725,-109.1,1.49,0,0,0,0,1,0
1987,66.23,측면(불확실),0,coast,-0.525,1.725,-109.1,1.49,0,0,0,0,0,0
1988,66.27,측면(불확실),0,coast,-0.525,1.725,-109.1,1.49,0,0,0,0,0,0
1989,66.3,측면(불확실),1,coast,-0.525,1.725,-109.1,1.49,0,0,0,0,1,0
1990,66.33,측면(불확실),1,coast,-0.525,1.725,-109.1,1.49,0,0,0,0,1,0
1991,66.37,측면(불확실),0,coast,-0.525,1.725,-109.1,1.49,0,0,0,0,0,0
1992,66.4,측면(불확실),0,coast,-0.525,1.725,-109.1,1.49,0,0,0,0,0,0
1993,66.43,측면(불확실),0,coast,-0.525,1.725,-109.1,1.49,0,0,0,0,0,0
1994,66.47,측면(불확실),0,coast,-0.525,1.725,-109.1,1.49,0,0,0,0,0,0
1995,66.5,측면(불확실),0,coast,-0.525,1.725,-109.1,1.49,0,0,0,0,0,0
1996,66.53,측면(불확실),0,coast,-0.525,1.725,-109.1,1.49,0,0,0,0,0,0
1997,66.57,측면(불확실),0,coast,-0.525,1.725,-109.1,1.49,0,0,0,0,0,0
1998,66.6,측면(불확실),1,coast,-0.525,1.725,-109.1,1.49,0,0,0,0,1,0
1999,66.63,측면(불확실),0,coast,-0.525,1.725,-109.1,1.49,0,0,0,0,0,0
2000,66.67,측면(불확실),0,coast,-0.525,1.725,-109.1,1.49,0,0,0,0,0,0
2001,66.7,측면(불확실),0,coast,-0.525,1.725,-109.1,1.49,0,0,0,0,0,0
2002,66.73,측면(불확실),0,coast,-0.525,1.725,-109.1,1.49,0,0,0,0,0,0
2003,66.77,측면(불확실),0,coast,-0.525,1.725,-109.1,1.49,0,0,0,0,0,0
2004,66.8,측면(불확실),0,coast,-0.525,1.725,-109.1,1.49,0,0,0,0,0,0
2005,66.83,측면(불확실),0,coast,-0.525,1.725,-109.1,1.49,0,0,0,0,0,0
2006,66.87,측면(불확실),0,coast,-0.525,1.725,-109.1,1.49,0,0,0,0,0,0
2007,66.9,측면(불확실),0,coast,-0.525,1.725,-109.1,1.49,0,0,0,0,0,0
2008,66.93,측면(불확실),0,coast,-0.525,1.725,-109.1,1.49,0,0,0,0,0,0
2009,66.97,측면(불확실),0,coast,-0.525,1.725,-109.1,1.49,0,0,0,0,0,0
2010,67.0,측면(불확실),0,coast,-0.525,1.725,-109.1,1.49,0,0,0,0,0,0
2011,67.03,측면(불확실),0,coast,-0.525,1.725,-109.1,1.49,0,0,0,0,0,0
2012,67.07,측면(불확실),1,coast,-0.525,1.725,-109.1,1.49,0,0,0,0,1,0
2013,67.1,측면(불확실),0,coast,-0.525,1.725,-109.1,1.49,0,0,0,0,0,0
2014,67.13,측면(불확실),0,coast,-0.525,1.725,-109.1,1.49,0,0,0,0,0,0
2015,67.17,측면(불확실),0,coast,-0.525,1.725,-109.1,1.49,0,0,0,0,0,0
2016,67.2,측면(불확실),0,coast,-0.525,1.725,-109.1,1.49,0,0,0,0,0,0
2017,67.23,측면(불확실),0,coast,-0.525,1.725,-109.1,1.49,0,0,0,0,0,0
2018,67.27,측면(불확실),0,coast,-0.525,1.725,-109.1,1.49,0,0,0,0,0,0
2019,67.3,측면(불확실),0,coast,-0.525,1.725,-109.1,1.49,0,0,0,0,0,0
2020,67.33,측면(불확실),0,coast,-0.525,1.725,-109.1,1.49,0,0,0,0,0,0
2021,67.37,측면(불확실),0,coast,-0.525,1.725,-109.1,1.49,0,0,0,0,0,0
2022,67.4,측면(불확실),0,coast,-0.525,1.725,-109.1,1.49,0,0,0,0,0,0
2023,67.43,측면(불확실),0,coast,-0.525,1.725,-109.1,1.49,0,0,0,0,0,0
2024,67.47,측면(불확실),0,coast,-0.525,1.725,-109.1,1.49,0,0,0,0,0,0
2025,67.5,측면(불확실),0,coast,-0.525,1.725,-109.1,1.49,0,0,0,0,0,0
2026,67.53,측면(불확실),0,coast,-0.525,1.725,-109.1,1.49,0,0,0,0,0,0
2027,67.57,측면(불확실),0,coast,-0.525,1.725,-109.1,1.49,0,0,0,0,0,0
2028,67.6,미확인,0,lost,-0.525,1.725,-109.1,1.49,0,0,0,0,0,0
2029,67.63,미확인,0,lost,-0.525,1.725,-109.1,1.49,0,0,0,0,0,0
2030,67.67,미확인,0,lost,-0.525,1.725,-109.1,1.49,0,0,0,0,0,0
2031,67.7,미확인,0,lost,-0.525,1.725,-109.1,1.49,0,0,0,0,0,0
2032,67.73,미확인,0,lost,-0.525,1.725,-109.1,1.49,0,0,0,0,0,0
2033,67.77,미확인,0,lost,-0.525,1.725,-109.1,1.49,0,0,0,0,0,0
2034,67.8,미확인,0,lost,-0.525,1.725,-109.1,1.49,0,0,0,0,0,0
2035,67.83,미확인,0,lost,-0.525,1.725,-109.1,1.49,0,0,0,0,0,0
2036,67.87,미확인,0,lost,-0.525,1.725,-109.1,1.49,0,0,0,0,0,0
2037,67.9,미확인,0,lost,-0.525,1.725,-109.1,1.49,0,0,0,0,0,0
2038,67.93,미확인,0,lost,-0.525,1.725,-109.1,1.49,0,0,0,0,0,0
2039,67.97,미확인,0,lost,-0.525,1.725,-109.1,1.49,0,0,0,0,0,0
2040,68.0,미확인,0,lost,-0.525,1.725,-109.1,1.49,0,0,0,0,0,0
2041,68.03,미확인,0,lost,-0.525,1.725,-109.1,1.49,0,0,0,0,0,0
2042,68.07,미확인,0,lost,-0.525,1.725,-109.1,1.49,0,0,0,0,0,0
2043,68.1,미확인,0,lost,-0.525,1.725,-109.1,1.49,0,0,0,0,0,0
2044,68.13,미확인,0,lost,-0.525,1.725,-109.1,1.49,0,0,0,0,0,0
2045,68.17,미확인,0,lost,-0.525,1.725,-109.1,1.49,0,0,0,0,0,0
2046,68.2,미확인,0,lost,-0.525,1.725,-109.1,1.49,0,0,0,0,0,0
2047,68.23,미확인,0,lost,-0.525,1.725,-109.1,1.49,0,0,0,0,0,0
2048,68.27,미확인,0,lost,-0.525,1.725,-109.1,1.49,0,0,0,0,0,0
2049,68.3,미확인,0,lost,-0.525,1.725,-109.1,1.49,0,0,0,0,0,0
2050,68.33,미확인,0,lost,-0.525,1.725,-109.1,1.49,0,0,0,0,0,0
2051,68.37,미확인,0,lost,-0.525,1.725,-109.1,1.49,0,0,0,0,0,0
2052,68.4,미확인,0,lost,-0.525,1.725,-109.1,1.49,0,0,0,0,0,0
2053,68.43,미확인,0,lost,-0.525,1.725,-109.1,1.49,0,0,0,0,0,0
2054,68.47,미확인,0,lost,-0.525,1.725,-109.1,1.49,0,0,0,0,0,0
2055,68.5,미확인,0,lost,-0.525,1.725,-109.1,1.49,0,0,0,0,0,0
2056,68.53,미확인,0,lost,-0.525,1.725,-109.1,1.49,0,0,0,0,0,0
2057,68.57,미확인,0,lost,-0.525,1.725,-109.1,1.49,0,0,0,0,0,0
2058,68.6,미확인,0,lost,-0.525,1.725,-109.1,1.49,0,0,0,0,0,0
2059,68.63,미확인,0,lost,-0.525,1.725,-109.1,1.49,0,0,0,0,0,0
2060,68.67,미확인,0,lost,-0.525,1.725,-109.1,1.49,0,0,0,0,0,0
2061,68.7,미확인,0,lost,-0.525,1.725,-109.1,1.49,0,0,0,0,0,0
2062,68.73,미확인,1,coast,-0.525,1.725,-109.1,1.49,0,1,0,0,0,0
2063,68.77,미확인,0,coast,-0.525,1.725,-109.1,1.49,0,0,0,0,0,0
2064,68.8,미확인,0,coast,-0.525,1.725,-109.1,1.49,0,0,0,0,0,0
2065,68.83,미확인,0,coast,-0.525,1.725,-109.1,1.49,0,0,0,0,0,0
2066,68.87,미확인,0,coast,-0.525,1.725,-109.1,1.49,0,0,0,0,0,0
2067,68.9,미확인,0,coast,-0.525,1.725,-109.1,1.49,0,0,0,0,0,0
2068,68.93,미확인,0,coast,-0.525,1.725,-109.1,1.49,0,0,0,0,0,0
2069,68.97,미확인,0,coast,-0.525,1.725,-109.1,1.49,0,0,0,0,0,0
2070,69.0,미확인,0,coast,-0.525,1.725,-109.1,1.49,0,0,0,0,0,0
2071,69.03,미확인,0,coast,-0.525,1.725,-109.1,1.49,0,0,0,0,0,0
2072,69.07,미확인,0,coast,-0.525,1.725,-109.1,1.49,0,0,0,0,0,0
2073,69.1,미확인,0,coast,-0.525,1.725,-109.1,1.49,0,0,0,0,0,0
2074,69.13,미확인,0,coast,-0.525,1.725,-109.1,1.49,0,0,0,0,0,0
2075,69.17,미확인,0,coast,-0.525,1.725,-109.1,1.49,0,0,0,0,0,0
2076,69.2,미확인,0,coast,-0.525,1.725,-109.1,1.49,0,0,0,0,0,0
2077,69.23,미확인,0,coast,-0.525,1.725,-109.1,1.49,0,0,0,0,0,0
2078,69.27,미확인,0,lost,-0.525,1.725,-109.1,1.49,0,0,0,0,0,0
2079,69.3,미확인,0,lost,-0.525,1.725,-109.1,1.49,0,0,0,0,0,0
2080,69.33,미확인,1,coast,-0.525,1.725,-109.1,1.49,0,0,0,0,1,0
2081,69.37,미확인,1,coast,-0.525,1.725,-109.1,1.49,0,0,0,0,1,0
2082,69.4,미확인,1,coast,-0.525,1.725,-109.1,1.49,0,0,0,0,1,0
2083,69.43,미확인,1,coast,-0.525,1.725,-109.1,1.49,0,0,0,0,1,0
2084,69.47,측면(불확실),1,coast,-0.525,1.725,-109.1,1.49,0,0,0,0,1,0
2085,69.5,측면(불확실),1,coast,-0.525,1.725,-109.1,1.49,0,0,0,0,1,0
2086,69.53,측면(불확실),1,coast,-0.525,1.725,-109.1,1.49,0,0,0,0,1,0
2087,69.57,측면(불확실),1,coast,-0.525,1.725,-109.1,1.49,0,0,0,0,1,0
2088,69.6,측면(불확실),1,coast,-0.525,1.725,-109.1,1.49,0,0,0,0,1,0
2089,69.63,측면(불확실),1,coast,-0.525,1.725,-109.1,1.49,0,0,0,0,1,0
2090,69.67,측면(불확실),1,coast,-0.525,1.725,-109.1,1.49,0,0,0,0,1,0
2091,69.7,측면(불확실),1,coast,-0.525,1.725,-109.1,1.49,0,0,0,0,1,0
2092,69.73,측면(불확실),1,coast,-0.525,1.725,-109.1,1.49,0,0,0,0,1,0
2093,69.77,측면(불확실),1,coast,-0.525,1.725,-109.1,1.49,0,0,0,0,1,0
2094,69.8,측면(불확실),1,coast,-0.525,1.725,-109.1,1.49,0,0,0,0,1,0
2095,69.83,측면(불확실),1,coast,-0.525,1.725,-109.1,1.49,0,0,0,0,1,0
2096,69.87,측면(불확실),1,coast,-0.525,1.725,-109.1,1.49,0,0,0,0,1,0
2097,69.9,측면(불확실),2,weak(2),-0.525,1.725,-109.1,1.49,0,1,0,0,1,0
2098,69.93,측면(불확실),2,weak(2),-0.525,1.725,-109.1,1.49,0,1,0,0,1,0
2099,69.97,측면(불확실),2,weak(2),-0.525,1.725,-109.1,1.49,0,1,0,0,1,0
2100,70.0,측면(불확실),2,weak(2),-0.525,1.725,-109.1,1.49,0,1,0,0,1,0
2101,70.03,측면,2,weak(2),-0.525,1.725,-109.1,1.49,0,1,0,0,1,0
2102,70.07,측면,2,weak(2),-0.525,1.725,-109.1,1.49,0,1,0,0,1,0
2103,70.1,측면,2,weak(2),-0.525,1.725,-109.1,1.49,0,1,0,0,1,0
2104,70.13,측면,2,weak(2),-0.525,1.725,-109.1,1.49,0,1,0,0,1,0
2105,70.17,측면,2,weak(2),-0.525,1.725,-109.1,1.49,0,1,0,0,1,0
2106,70.2,측면,2,weak(2),-0.525,1.725,-109.1,1.49,0,1,0,0,1,0
2107,70.23,측면,2,weak(2),-0.525,1.725,-109.1,1.49,0,1,0,0,1,0
2108,70.27,측면,2,weak(2),-0.525,1.725,-109.1,1.49,0,1,0,0,1,0
2109,70.3,측면,2,weak(2),-0.525,1.725,-109.1,1.49,0,1,0,0,1,0
2110,70.33,측면,2,weak(2),-0.525,1.725,-109.1,1.49,0,1,0,0,1,0
2111,70.37,측면,2,weak(2),-0.525,1.725,-109.1,1.49,0,1,0,0,1,0
2112,70.4,측면,2,weak(2),-0.525,1.725,-109.1,1.49,0,1,0,0,1,0
2113,70.43,측면,2,weak(2),-0.525,1.725,-109.1,1.49,0,1,0,0,1,0
2114,70.47,측면,2,weak(2),-0.525,1.725,-109.1,1.49,0,1,0,0,1,0
2115,70.5,측면,2,weak(2),-0.525,1.725,-109.1,1.49,0,1,0,0,1,0
2116,70.53,측면,2,weak(2),-0.525,1.725,-109.1,1.49,0,1,0,0,1,0
2117,70.57,측면,2,weak(2),-0.525,1.725,-109.1,1.49,0,1,0,0,1,0
2118,70.6,측면,2,weak(2),-0.525,1.725,-109.1,1.49,0,1,0,0,1,0
2119,70.63,측면,2,weak(2),-0.525,1.725,-109.1,1.49,0,1,0,0,1,0
2120,70.67,측면,2,weak(2),-0.525,1.725,-109.1,1.49,0,1,0,0,1,0
2121,70.7,측면,2,weak(2),-0.525,1.725,-109.1,1.49,0,1,0,0,1,0
2122,70.73,측면,2,weak(2),-0.525,1.725,-109.1,1.49,0,1,0,0,1,0
2123,70.77,측면,2,weak(2),-0.525,1.725,-109.1,1.49,0,1,0,0,1,0
2124,70.8,측면,2,weak(2),-0.525,1.725,-109.1,1.49,0,1,0,0,1,0
2125,70.83,측면,2,weak(2),-0.525,1.725,-109.1,1.49,0,1,0,0,1,0
2126,70.87,측면,2,weak(2),-0.525,1.725,-109.1,1.49,0,1,0,0,1,0
2127,70.9,측면,2,weak(2),-0.525,1.725,-109.1,1.49,0,1,0,0,1,0
2128,70.93,측면,2,weak(2),-0.525,1.725,-109.1,1.49,0,1,0,0,1,0
2129,70.97,측면,2,weak(2),-0.525,1.725,-109.1,1.49,0,1,0,0,1,0
2130,71.0,측면,2,weak(2),-0.525,1.725,-109.1,1.49,0,1,0,0,1,0
2131,71.03,측면,2,weak(2),-0.525,1.725,-109.1,1.49,0,1,0,0,1,0
2132,71.07,측면,2,weak(2),-0.525,1.725,-109.1,1.49,0,1,0,0,1,0
2133,71.1,측면,2,weak(2),-0.525,1.725,-109.1,1.49,0,1,0,0,1,0
2134,71.13,측면,2,weak(2),-0.525,1.725,-109.1,1.49,0,1,0,0,1,0
2135,71.17,측면,2,weak(2),-0.525,1.725,-109.1,1.49,0,1,0,0,1,0
2136,71.2,측면,2,weak(2),-0.525,1.725,-109.1,1.49,0,1,0,0,1,0
2137,71.23,측면,2,weak(2),-0.525,1.725,-109.1,1.49,0,1,0,0,1,0
2138,71.27,측면,2,weak(2),-0.525,1.725,-109.1,1.49,0,1,0,0,1,0
2139,71.3,측면,2,weak(2),-0.525,1.725,-109.1,1.49,0,1,0,0,1,0
2140,71.33,측면,2,weak(2),-0.525,1.725,-109.1,1.49,0,1,0,0,1,0
2141,71.37,측면,2,weak(2),-0.525,1.725,-109.1,1.49,0,1,0,0,1,0
2142,71.4,측면,2,weak(2),-0.525,1.725,-109.1,1.49,0,1,0,0,1,0
2143,71.43,측면,2,weak(2),-0.525,1.725,-109.1,1.49,0,1,0,0,1,0
2144,71.47,측면,2,weak(2),-0.525,1.725,-109.1,1.49,0,1,0,0,1,0
2145,71.5,측면,2,weak(2),-0.525,1.725,-109.1,1.49,0,1,0,0,1,0
2146,71.53,측면,2,weak(2),-0.525,1.725,-109.1,1.49,0,1,0,0,1,0
2147,71.57,측면,2,weak(2),-0.525,1.725,-109.1,1.49,0,1,0,0,1,0
2148,71.6,측면,2,weak(2),-0.525,1.725,-109.1,1.49,0,1,0,0,1,0
2149,71.63,측면,2,weak(2),-0.525,1.725,-109.1,1.49,0,1,0,0,1,0
2150,71.67,측면,2,weak(2),-0.525,1.725,-109.1,1.49,0,1,0,0,1,0
2151,71.7,측면,2,weak(2),-0.525,1.725,-109.1,1.49,0,1,0,0,1,0
2152,71.73,측면,2,weak(2),-0.525,1.725,-109.1,1.49,0,1,0,0,1,0
2153,71.77,측면,2,weak(2),-0.525,1.725,-109.1,1.49,0,1,0,0,1,0
2154,71.8,측면,2,weak(2),-0.525,1.725,-109.1,1.49,0,1,0,0,1,0
2155,71.83,측면,2,weak(2),-0.525,1.725,-109.1,1.49,0,1,0,0,1,0
2156,71.87,측면,2,weak(2),-0.525,1.725,-109.1,1.49,0,1,0,0,1,0
2157,71.9,측면,2,weak(2),-0.525,1.725,-109.1,1.49,0,1,0,0,1,0
2158,71.93,측면,2,weak(2),-0.525,1.725,-109.1,1.49,0,1,0,0,1,0
2159,71.97,측면,2,weak(2),-0.525,1.725,-109.1,1.49,0,1,0,0,1,0
2160,72.0,측면,2,weak(2),-0.525,1.725,-109.1,1.49,0,1,0,0,1,0
2161,72.03,측면,2,weak(2),-0.525,1.725,-109.1,1.49,0,1,0,0,1,0
2162,72.07,측면,2,weak(2),-0.525,1.725,-109.1,1.49,0,1,0,0,1,0
2163,72.1,측면,2,weak(2),-0.525,1.725,-109.1,1.49,0,1,0,0,1,0
2164,72.13,측면,2,weak(2),-0.525,1.725,-109.1,1.49,0,1,0,0,1,0
2165,72.17,측면,2,weak(2),-0.525,1.725,-109.1,1.49,0,1,0,0,1,0
2166,72.2,측면,2,weak(2),-0.525,1.725,-109.1,1.49,0,1,0,0,1,0
2167,72.23,측면,2,weak(2),-0.525,1.725,-109.1,1.49,0,1,0,0,1,0
2168,72.27,측면,2,weak(2),-0.525,1.725,-109.1,1.49,0,1,0,0,1,0
2169,72.3,측면,2,weak(2),-0.525,1.725,-109.1,1.49,0,1,0,0,1,0
2170,72.33,측면,2,weak(2),-0.525,1.725,-109.1,1.49,0,1,0,0,1,0
2171,72.37,측면,2,weak(2),-0.525,1.725,-109.1,1.49,0,1,0,0,1,0
2172,72.4,측면,2,weak(2),-0.525,1.725,-109.1,1.49,0,1,0,0,1,0
2173,72.43,측면,2,weak(2),-0.525,1.725,-109.1,1.49,0,1,0,0,1,0
2174,72.47,측면,2,weak(2),-0.525,1.725,-109.1,1.49,0,1,0,0,1,0
2175,72.5,측면,2,weak(2),-0.525,1.725,-109.1,1.49,0,1,0,0,1,0
2176,72.53,측면,2,weak(2),-0.525,1.725,-109.1,1.49,0,1,0,0,1,0
2177,72.57,측면,2,weak(2),-0.525,1.725,-109.1,1.49,0,1,0,0,1,0
2178,72.6,측면,2,weak(2),-0.525,1.725,-109.1,1.49,0,1,0,0,1,0
2179,72.63,측면,2,weak(2),-0.525,1.725,-109.1,1.49,0,1,0,0,1,0
2180,72.67,측면,2,weak(2),-0.525,1.725,-109.1,1.49,0,1,0,0,1,0
2181,72.7,측면,2,weak(2),-0.525,1.725,-109.1,1.49,0,1,0,0,1,0
2182,72.73,측면,2,weak(2),-0.525,1.725,-109.1,1.49,0,1,0,0,1,0
2183,72.77,측면,2,weak(2),-0.525,1.725,-109.1,1.49,0,1,0,0,1,0
2184,72.8,측면,2,weak(2),-0.525,1.725,-109.1,1.49,0,1,0,0,1,0
2185,72.83,측면,2,weak(2),-0.525,1.725,-109.1,1.49,0,1,0,0,1,0
2186,72.87,측면,2,weak(2),-0.525,1.725,-109.1,1.49,0,1,0,0,1,0
2187,72.9,측면,2,weak(2),-0.525,1.725,-109.1,1.49,0,1,0,0,1,0
2188,72.93,측면,2,weak(2),-0.525,1.725,-109.1,1.49,0,1,0,0,1,0
2189,72.97,측면,2,weak(2),-0.525,1.725,-109.1,1.49,0,1,0,0,1,0
2190,73.0,측면,2,weak(2),-0.525,1.725,-109.1,1.49,0,1,0,0,1,0
2191,73.03,측면,2,weak(2),-0.525,1.725,-109.1,1.49,0,1,0,0,1,0
2192,73.07,측면,2,weak(2),-0.525,1.725,-109.1,1.49,0,1,0,0,1,0
2193,73.1,측면,2,weak(2),-0.525,1.725,-109.1,1.49,0,1,0,0,1,0
2194,73.13,측면,2,weak(2),-0.525,1.725,-109.1,1.49,0,1,0,0,1,0
2195,73.17,측면,2,weak(2),-0.525,1.725,-109.1,1.49,0,1,0,0,1,0
2196,73.2,측면,2,weak(2),-0.525,1.725,-109.1,1.49,0,1,0,0,1,0
2197,73.23,측면,2,weak(2),-0.525,1.725,-109.1,1.49,0,1,0,0,1,0
2198,73.27,측면,2,weak(2),-0.525,1.725,-109.1,1.49,0,1,0,0,1,0
2199,73.3,측면,2,weak(2),-0.525,1.725,-109.1,1.49,0,1,0,0,1,0
2200,73.33,측면,2,weak(2),-0.525,1.725,-109.1,1.49,0,1,0,0,1,0
2201,73.37,측면,2,weak(2),-0.525,1.725,-109.1,1.49,0,1,0,0,1,0
2202,73.4,측면,2,weak(2),-0.525,1.725,-109.1,1.49,0,1,0,0,1,0
2203,73.43,측면,2,weak(2),-0.525,1.725,-109.1,1.49,0,1,0,0,1,0
2204,73.47,측면,2,weak(2),-0.525,1.725,-109.1,1.49,0,1,0,0,1,0
2205,73.5,측면,2,weak(2),-0.525,1.725,-109.1,1.49,0,1,0,0,1,0
2206,73.53,측면,2,weak(2),-0.525,1.725,-109.1,1.49,0,1,0,0,1,0
2207,73.57,측면,2,weak(2),-0.525,1.725,-109.1,1.49,0,1,0,0,1,0
2208,73.6,측면,2,weak(2),-0.525,1.725,-109.1,1.49,0,1,0,0,1,0
2209,73.63,측면,2,weak(2),-0.525,1.725,-109.1,1.49,0,1,0,0,1,0
2210,73.67,측면,2,weak(2),-0.525,1.725,-109.1,1.49,0,1,0,0,1,0
2211,73.7,측면,2,weak(2),-0.525,1.725,-109.1,1.49,0,1,0,0,1,0
2212,73.73,측면,2,weak(2),-0.525,1.725,-109.1,1.49,0,1,0,0,1,0
2213,73.77,측면,2,weak(2),-0.525,1.725,-109.1,1.49,0,1,0,0,1,0
2214,73.8,측면,2,weak(2),-0.525,1.725,-109.1,1.49,0,1,0,0,1,0
2215,73.83,측면,2,weak(2),-0.525,1.725,-109.1,1.49,0,1,0,0,1,0
2216,73.87,측면,2,weak(2),-0.525,1.725,-109.1,1.49,0,1,0,0,1,0
2217,73.9,측면,2,weak(2),-0.525,1.725,-109.1,1.49,0,1,0,0,1,0
2218,73.93,측면,2,weak(2),-0.525,1.725,-109.1,1.49,0,1,0,0,1,0
2219,73.97,측면,2,weak(2),-0.525,1.725,-109.1,1.49,0,1,0,0,1,0
2220,74.0,측면,2,weak(2),-0.525,1.725,-109.1,1.49,0,1,0,0,1,0
2221,74.03,측면,2,weak(2),-0.525,1.725,-109.1,1.49,0,1,0,0,1,0
2222,74.07,측면,2,weak(2),-0.525,1.725,-109.1,1.49,0,1,0,0,1,0
2223,74.1,측면,2,weak(2),-0.525,1.725,-109.1,1.49,0,1,0,0,1,0
2224,74.13,측면,2,weak(2),-0.525,1.725,-109.1,1.49,0,1,0,0,1,0
2225,74.17,측면,2,weak(2),-0.525,1.725,-109.1,1.49,0,1,0,0,1,0
2226,74.2,측면,2,weak(2),-0.525,1.725,-109.1,1.49,0,1,0,0,1,0
2227,74.23,측면,2,weak(2),-0.525,1.725,-109.1,1.49,0,1,0,0,1,0
2228,74.27,측면,2,weak(2),-0.525,1.725,-109.1,1.49,0,1,0,0,1,0
2229,74.3,측면,2,weak(2),-0.525,1.725,-109.1,1.49,0,1,0,0,1,0
2230,74.33,측면,2,weak(2),-0.525,1.725,-109.1,1.49,0,1,0,0,1,0
2231,74.37,측면,2,weak(2),-0.525,1.725,-109.1,1.49,0,1,0,0,1,0
2232,74.4,측면,2,weak(2),-0.525,1.725,-109.1,1.49,0,1,0,0,1,0
2233,74.43,측면,2,weak(2),-0.525,1.725,-109.1,1.49,0,1,0,0,1,0
2234,74.47,측면,2,weak(2),-0.525,1.725,-109.1,1.49,0,1,0,0,1,0
2235,74.5,측면,2,weak(2),-0.525,1.725,-109.1,1.49,0,1,0,0,1,0
2236,74.53,측면,2,weak(2),-0.525,1.725,-109.1,1.49,0,1,0,0,1,0
2237,74.57,측면,2,weak(2),-0.525,1.725,-109.1,1.49,0,1,0,0,1,0
2238,74.6,측면,2,weak(2),-0.525,1.725,-109.1,1.49,0,1,0,0,1,0
2239,74.63,측면,2,weak(2),-0.525,1.725,-109.1,1.49,0,1,0,0,1,0
2240,74.67,측면,2,weak(2),-0.525,1.725,-109.1,1.49,0,1,0,0,1,0
2241,74.7,측면,2,weak(2),-0.525,1.725,-109.1,1.49,0,1,0,0,1,0
2242,74.73,측면,2,weak(2),-0.525,1.725,-109.1,1.49,0,1,0,0,1,0
2243,74.77,측면,2,weak(2),-0.525,1.725,-109.1,1.49,0,1,0,0,1,0
2244,74.8,측면,2,weak(2),-0.525,1.725,-109.1,1.49,0,1,0,0,1,0
2245,74.83,측면,2,weak(2),-0.525,1.725,-109.1,1.49,0,1,0,0,1,0
2246,74.87,측면,2,weak(2),-0.525,1.725,-109.1,1.49,0,1,0,0,1,0
2247,74.9,측면,2,weak(2),-0.525,1.725,-109.1,1.49,0,1,0,0,1,0
2248,74.93,측면,2,weak(2),-0.525,1.725,-109.1,1.49,0,1,0,0,1,0
2249,74.97,측면,2,weak(2),-0.525,1.725,-109.1,1.49,0,1,0,0,1,0
2250,75.0,측면,2,weak(2),-0.525,1.725,-109.1,1.49,0,1,0,0,1,0
2251,75.03,측면,2,weak(2),-0.525,1.725,-109.1,1.49,0,1,0,0,1,0
2252,75.07,측면,2,weak(2),-0.525,1.725,-109.1,1.49,0,1,0,0,1,0
2253,75.1,측면,2,weak(2),-0.525,1.725,-109.1,1.49,0,1,0,0,1,0
2254,75.13,측면,2,weak(2),-0.525,1.725,-109.1,1.49,0,1,0,0,1,0
2255,75.17,측면,2,weak(2),-0.525,1.725,-109.1,1.49,0,1,0,0,1,0
2256,75.2,측면,2,weak(2),-0.525,1.725,-109.1,1.49,0,1,0,0,1,0
2257,75.23,측면,2,weak(2),-0.525,1.725,-109.1,1.49,0,1,0,0,1,0
2258,75.27,측면,2,weak(2),-0.525,1.725,-109.1,1.49,0,1,0,0,1,0
2259,75.3,측면,2,weak(2),-0.525,1.725,-109.1,1.49,0,1,0,0,1,0
2260,75.33,측면,2,weak(2),-0.525,1.725,-109.1,1.49,0,1,0,0,1,0
2261,75.37,측면,2,weak(2),-0.525,1.725,-109.1,1.49,0,1,0,0,1,0
2262,75.4,측면,2,weak(2),-0.525,1.725,-109.1,1.49,0,1,0,0,1,0
2263,75.43,측면,2,weak(2),-0.525,1.725,-109.1,1.49,0,1,0,0,1,0
2264,75.47,측면,2,weak(2),-0.525,1.725,-109.1,1.49,0,1,0,0,1,0
2265,75.5,측면,2,weak(2),-0.525,1.725,-109.1,1.49,0,1,0,0,1,0
2266,75.53,측면,2,weak(2),-0.525,1.725,-109.1,1.49,0,1,0,0,1,0
2267,75.57,측면,2,weak(2),-0.525,1.725,-109.1,1.49,0,1,0,0,1,0
2268,75.6,측면,2,weak(2),-0.525,1.725,-109.1,1.49,0,1,0,0,1,0
2269,75.63,측면,2,weak(2),-0.525,1.725,-109.1,1.49,0,1,0,0,1,0
2270,75.67,측면,2,weak(2),-0.525,1.725,-109.1,1.49,0,1,0,0,1,0
2271,75.7,측면,2,weak(2),-0.525,1.725,-109.1,1.49,0,1,0,0,1,0
2272,75.73,측면,2,weak(2),-0.525,1.725,-109.1,1.49,0,1,0,0,1,0
2273,75.77,측면,2,weak(2),-0.525,1.725,-109.1,1.49,0,1,0,0,1,0
2274,75.8,측면,2,weak(2),-0.525,1.725,-109.1,1.49,0,1,0,0,1,0
2275,75.83,측면,2,weak(2),-0.525,1.725,-109.1,1.49,0,1,0,0,1,0
2276,75.87,측면,2,weak(2),-0.525,1.725,-109.1,1.49,0,1,0,0,1,0
2277,75.9,측면,2,weak(2),-0.525,1.725,-109.1,1.49,0,1,0,0,1,0
2278,75.93,측면,2,weak(2),-0.525,1.725,-109.1,1.49,0,1,0,0,1,0
2279,75.97,측면,2,weak(2),-0.525,1.725,-109.1,1.49,0,1,0,0,1,0
2280,76.0,측면,2,weak(2),-0.525,1.725,-109.1,1.49,0,1,0,0,1,0
2281,76.03,측면,2,weak(2),-0.525,1.725,-109.1,1.49,0,1,0,0,1,0
2282,76.07,측면,2,weak(2),-0.525,1.725,-109.1,1.49,0,1,0,0,1,0
2283,76.1,측면,2,weak(2),-0.525,1.725,-109.1,1.49,0,1,0,0,1,0
2284,76.13,측면,2,weak(2),-0.525,1.725,-109.1,1.49,0,1,0,0,1,0
2285,76.17,측면,2,weak(2),-0.525,1.725,-109.1,1.49,0,1,0,0,1,0
2286,76.2,측면,2,weak(2),-0.525,1.725,-109.1,1.49,0,1,0,0,1,0
2287,76.23,측면,1,coast,-0.525,1.725,-109.1,1.49,0,0,0,0,1,0
2288,76.27,측면,1,coast,-0.525,1.725,-109.1,1.49,0,0,0,0,1,0
2289,76.3,측면,1,coast,-0.525,1.725,-109.1,1.49,0,0,0,0,1,0
2290,76.33,측면,1,coast,-0.525,1.725,-109.1,1.49,0,0,0,0,1,0
2291,76.37,측면(불확실),1,coast,-0.525,1.725,-109.1,1.49,0,0,0,0,1,0
2292,76.4,측면(불확실),1,coast,-0.525,1.725,-109.1,1.49,0,0,0,0,1,0
2293,76.43,측면(불확실),1,coast,-0.525,1.725,-109.1,1.49,0,0,0,0,1,0
2294,76.47,측면(불확실),1,coast,-0.525,1.725,-109.1,1.49,0,0,0,0,1,0
2295,76.5,측면(불확실),1,coast,-0.525,1.725,-109.1,1.49,0,0,0,0,1,0
2296,76.53,측면(불확실),1,coast,-0.525,1.725,-109.1,1.49,0,0,0,0,1,0
2297,76.57,측면(불확실),1,coast,-0.525,1.725,-109.1,1.49,0,0,0,0,1,0
2298,76.6,측면(불확실),1,coast,-0.525,1.725,-109.1,1.49,0,0,0,0,1,0
2299,76.63,측면(불확실),1,coast,-0.525,1.725,-109.1,1.49,0,0,0,0,1,0
2300,76.67,측면(불확실),1,coast,-0.525,1.725,-109.1,1.49,0,0,0,0,1,0
2301,76.7,측면(불확실),1,coast,-0.525,1.725,-109.1,1.49,0,0,0,0,1,0
2302,76.73,측면(불확실),1,coast,-0.525,1.725,-109.1,1.49,0,0,0,0,1,0
2303,76.77,측면(불확실),1,coast,-0.525,1.725,-109.1,1.49,0,0,0,0,1,0
2304,76.8,측면(불확실),1,coast,-0.525,1.725,-109.1,1.49,0,0,0,0,1,0
2305,76.83,측면(불확실),1,coast,-0.525,1.725,-109.1,1.49,0,0,0,0,1,0
2306,76.87,측면(불확실),1,coast,-0.525,1.725,-109.1,1.49,0,0,0,0,1,0
2307,76.9,측면(불확실),1,coast,-0.525,1.725,-109.1,1.49,0,0,0,0,1,0
2308,76.93,측면(불확실),1,coast,-0.525,1.725,-109.1,1.49,0,0,0,0,1,0
2309,76.97,측면(불확실),1,coast,-0.525,1.725,-109.1,1.49,0,0,0,0,1,0
2310,77.0,측면(불확실),1,coast,-0.525,1.725,-109.1,1.49,0,0,0,0,1,0
2311,77.03,측면(불확실),1,coast,-0.525,1.725,-109.1,1.49,0,0,0,0,1,0
2312,77.07,측면(불확실),1,coast,-0.525,1.725,-109.1,1.49,0,0,0,0,1,0
2313,77.1,측면(불확실),1,coast,-0.525,1.725,-109.1,1.49,0,0,0,0,1,0
2314,77.13,측면(불확실),1,coast,-0.525,1.725,-109.1,1.49,0,0,0,0,1,0
2315,77.17,측면(불확실),1,coast,-0.525,1.725,-109.1,1.49,0,0,0,0,1,0
2316,77.2,측면(불확실),1,coast,-0.525,1.725,-109.1,1.49,0,0,0,0,1,0
2317,77.23,측면(불확실),1,coast,-0.525,1.725,-109.1,1.49,0,0,0,0,1,0
2318,77.27,측면(불확실),1,coast,-0.525,1.725,-109.1,1.49,0,0,0,0,1,0
2319,77.3,측면(불확실),1,coast,-0.525,1.725,-109.1,1.49,0,0,0,0,1,0
2320,77.33,측면(불확실),1,coast,-0.525,1.725,-109.1,1.49,0,0,0,0,1,0
2321,77.37,측면(불확실),1,coast,-0.525,1.725,-109.1,1.49,0,0,0,0,1,0
2322,77.4,측면(불확실),1,coast,-0.525,1.725,-109.1,1.49,0,0,0,0,1,0
2323,77.43,측면(불확실),1,coast,-0.525,1.725,-109.1,1.49,0,0,0,0,1,0
2324,77.47,측면(불확실),1,coast,-0.525,1.725,-109.1,1.49,0,0,0,0,1,0
2325,77.5,측면(불확실),1,coast,-0.525,1.725,-109.1,1.49,0,0,0,0,1,0
2326,77.53,측면(불확실),1,coast,-0.525,1.725,-109.1,1.49,0,0,0,0,1,0
2327,77.57,측면(불확실),1,coast,-0.525,1.725,-109.1,1.49,0,0,0,0,1,0
2328,77.6,측면(불확실),1,coast,-0.525,1.725,-109.1,1.49,0,0,0,0,1,0
2329,77.63,측면(불확실),1,coast,-0.525,1.725,-109.1,1.49,0,0,0,0,1,0
2330,77.67,측면(불확실),1,coast,-0.525,1.725,-109.1,1.49,0,0,0,0,1,0
2331,77.7,측면(불확실),1,coast,-0.525,1.725,-109.1,1.49,0,0,0,0,1,0
2332,77.73,측면(불확실),1,coast,-0.525,1.725,-109.1,1.49,0,0,0,0,1,0
2333,77.77,측면(불확실),1,coast,-0.525,1.725,-109.1,1.49,0,0,0,0,1,0
2334,77.8,측면(불확실),1,coast,-0.525,1.725,-109.1,1.49,0,0,0,0,1,0
2335,77.83,측면(불확실),1,coast,-0.525,1.725,-109.1,1.49,0,0,0,0,1,0
2336,77.87,측면(불확실),1,coast,-0.525,1.725,-109.1,1.49,0,0,0,0,1,0
2337,77.9,측면(불확실),1,coast,-0.525,1.725,-109.1,1.49,0,0,0,0,1,0
2338,77.93,측면(불확실),1,coast,-0.525,1.725,-109.1,1.49,0,0,0,0,1,0
2339,77.97,측면(불확실),1,coast,-0.525,1.725,-109.1,1.49,0,0,0,0,1,0
2340,78.0,측면(불확실),1,coast,-0.525,1.725,-109.1,1.49,0,0,0,0,1,0
2341,78.03,측면(불확실),1,coast,-0.525,1.725,-109.1,1.49,0,0,0,0,1,0
2342,78.07,측면(불확실),1,coast,-0.525,1.725,-109.1,1.49,0,0,0,0,1,0
2343,78.1,측면(불확실),1,coast,-0.525,1.725,-109.1,1.49,0,0,0,0,1,0
2344,78.13,측면(불확실),1,coast,-0.525,1.725,-109.1,1.49,0,0,0,0,1,0
2345,78.17,측면(불확실),1,coast,-0.525,1.725,-109.1,1.49,0,0,0,0,1,0
2346,78.2,측면(불확실),1,coast,-0.525,1.725,-109.1,1.49,0,0,0,0,1,0
2347,78.23,측면(불확실),1,coast,-0.525,1.725,-109.1,1.49,0,0,0,0,1,0
2348,78.27,측면(불확실),1,coast,-0.525,1.725,-109.1,1.49,0,0,0,0,1,0
2349,78.3,측면(불확실),1,coast,-0.525,1.725,-109.1,1.49,0,0,0,0,1,0
2350,78.33,측면(불확실),1,coast,-0.525,1.725,-109.1,1.49,0,0,0,0,1,0
2351,78.37,측면(불확실),1,coast,-0.525,1.725,-109.1,1.49,0,0,0,0,1,0
2352,78.4,측면(불확실),1,coast,-0.525,1.725,-109.1,1.49,0,0,0,0,1,0
2353,78.43,측면(불확실),1,coast,-0.525,1.725,-109.1,1.49,0,0,0,0,1,0
2354,78.47,측면(불확실),1,coast,-0.525,1.725,-109.1,1.49,0,0,0,0,1,0
2355,78.5,측면(불확실),1,coast,-0.525,1.725,-109.1,1.49,0,0,0,0,1,0
2356,78.53,측면(불확실),1,coast,-0.525,1.725,-109.1,1.49,0,0,0,0,1,0
2357,78.57,측면(불확실),1,coast,-0.525,1.725,-109.1,1.49,0,0,0,0,1,0
2358,78.6,측면(불확실),1,coast,-0.525,1.725,-109.1,1.49,0,0,0,0,1,0
2359,78.63,측면(불확실),1,coast,-0.525,1.725,-109.1,1.49,0,0,0,0,1,0
2360,78.67,측면(불확실),1,coast,-0.525,1.725,-109.1,1.49,0,0,0,0,1,0
2361,78.7,측면(불확실),1,coast,-0.525,1.725,-109.1,1.49,0,0,0,0,1,0
2362,78.73,측면(불확실),1,coast,-0.525,1.725,-109.1,1.49,0,0,0,0,1,0
2363,78.77,측면(불확실),1,coast,-0.525,1.725,-109.1,1.49,0,0,0,0,1,0
2364,78.8,측면(불확실),1,coast,-0.525,1.725,-109.1,1.49,0,0,0,0,1,0
2365,78.83,측면(불확실),1,coast,-0.525,1.725,-109.1,1.49,0,0,0,0,1,0
2366,78.87,측면(불확실),1,coast,-0.525,1.725,-109.1,1.49,0,0,0,0,1,0
2367,78.9,측면(불확실),1,coast,-0.525,1.725,-109.1,1.49,0,0,0,0,1,0
2368,78.93,측면(불확실),1,coast,-0.525,1.725,-109.1,1.49,0,0,0,0,1,0
2369,78.97,측면(불확실),1,coast,-0.525,1.725,-109.1,1.49,0,0,0,0,1,0
2370,79.0,측면(불확실),1,coast,-0.525,1.725,-109.1,1.49,0,0,0,0,1,0
2371,79.03,측면(불확실),1,coast,-0.525,1.725,-109.1,1.49,0,0,0,0,1,0
2372,79.07,측면(불확실),1,coast,-0.525,1.725,-109.1,1.49,0,0,0,0,1,0
2373,79.1,측면(불확실),1,coast,-0.525,1.725,-109.1,1.49,0,0,0,0,1,0
2374,79.13,측면(불확실),1,coast,-0.525,1.725,-109.1,1.49,0,0,0,0,1,0
2375,79.17,측면(불확실),1,coast,-0.525,1.725,-109.1,1.49,0,0,0,0,1,0
2376,79.2,측면(불확실),1,coast,-0.525,1.725,-109.1,1.49,0,0,0,0,1,0
2377,79.23,측면(불확실),1,coast,-0.525,1.725,-109.1,1.49,0,0,0,0,1,0
2378,79.27,측면(불확실),1,coast,-0.525,1.725,-109.1,1.49,0,0,0,0,1,0
2379,79.3,측면(불확실),1,coast,-0.525,1.725,-109.1,1.49,0,0,0,0,1,0
2380,79.33,측면(불확실),1,coast,-0.525,1.725,-109.1,1.49,0,0,0,0,1,0
2381,79.37,측면(불확실),1,coast,-0.525,1.725,-109.1,1.49,0,0,0,0,1,0
2382,79.4,측면(불확실),1,coast,-0.525,1.725,-109.1,1.49,0,0,0,0,1,0
2383,79.43,측면(불확실),1,coast,-0.525,1.725,-109.1,1.49,0,0,0,0,1,0
2384,79.47,측면(불확실),1,coast,-0.525,1.725,-109.1,1.49,0,0,0,0,1,0
2385,79.5,측면(불확실),1,coast,-0.525,1.725,-109.1,1.49,0,0,0,0,1,0
2386,79.53,측면(불확실),1,coast,-0.525,1.725,-109.1,1.49,0,0,0,0,1,0
2387,79.57,측면(불확실),1,coast,-0.525,1.725,-109.1,1.49,0,0,0,0,1,0
2388,79.6,측면(불확실),1,coast,-0.525,1.725,-109.1,1.49,0,0,0,0,1,0
2389,79.63,측면(불확실),1,coast,-0.525,1.725,-109.1,1.49,0,0,0,0,1,0
2390,79.67,측면(불확실),1,coast,-0.525,1.725,-109.1,1.49,0,0,0,0,1,0
2391,79.7,측면(불확실),1,coast,-0.525,1.725,-109.1,1.49,0,0,0,0,1,0
2392,79.73,측면(불확실),1,coast,-0.525,1.725,-109.1,1.49,0,0,0,0,1,0
2393,79.77,측면(불확실),1,coast,-0.525,1.725,-109.1,1.49,0,0,0,0,1,0
2394,79.8,측면(불확실),1,coast,-0.525,1.725,-109.1,1.49,0,0,0,0,1,0
2395,79.83,측면(불확실),1,coast,-0.525,1.725,-109.1,1.49,0,0,0,0,1,0
2396,79.87,측면(불확실),1,coast,-0.525,1.725,-109.1,1.49,0,0,0,0,1,0
2397,79.9,측면(불확실),1,coast,-0.525,1.725,-109.1,1.49,0,0,0,0,1,0
2398,79.93,측면(불확실),1,coast,-0.525,1.725,-109.1,1.49,0,0,0,0,1,0
2399,79.97,측면(불확실),1,coast,-0.525,1.725,-109.1,1.49,0,0,0,0,1,0
2400,80.0,측면(불확실),1,coast,-0.525,1.725,-109.1,1.49,0,0,0,0,1,0
2401,80.03,측면(불확실),1,coast,-0.525,1.725,-109.1,1.49,0,0,0,0,1,0
2402,80.07,측면(불확실),1,coast,-0.525,1.725,-109.1,1.49,0,0,0,0,1,0
2403,80.1,측면(불확실),1,coast,-0.525,1.725,-109.1,1.49,0,0,0,0,1,0
2404,80.13,측면(불확실),1,coast,-0.525,1.725,-109.1,1.49,0,0,0,0,1,0
2405,80.17,측면(불확실),1,coast,-0.525,1.725,-109.1,1.49,0,0,0,0,1,0
2406,80.2,측면(불확실),1,coast,-0.525,1.725,-109.1,1.49,0,0,0,0,1,0
2407,80.23,측면(불확실),1,coast,-0.525,1.725,-109.1,1.49,0,0,0,0,1,0
2408,80.27,측면(불확실),1,coast,-0.525,1.725,-109.1,1.49,0,0,0,0,1,0
2409,80.3,측면(불확실),1,coast,-0.525,1.725,-109.1,1.49,0,0,0,0,1,0
2410,80.33,측면(불확실),1,coast,-0.525,1.725,-109.1,1.49,0,0,0,0,1,0
2411,80.37,측면(불확실),1,coast,-0.525,1.725,-109.1,1.49,0,0,0,0,1,0
2412,80.4,측면(불확실),1,coast,-0.525,1.725,-109.1,1.49,0,0,0,0,1,0
2413,80.43,측면(불확실),1,coast,-0.525,1.725,-109.1,1.49,0,0,0,0,1,0
2414,80.47,측면(불확실),1,coast,-0.525,1.725,-109.1,1.49,0,0,0,0,1,0
2415,80.5,측면(불확실),1,coast,-0.525,1.725,-109.1,1.49,0,0,0,0,1,0
2416,80.53,측면(불확실),1,coast,-0.525,1.725,-109.1,1.49,0,0,0,0,1,0
2417,80.57,측면(불확실),1,coast,-0.525,1.725,-109.1,1.49,0,0,0,0,1,0
2418,80.6,측면(불확실),1,coast,-0.525,1.725,-109.1,1.49,0,0,0,0,1,0
2419,80.63,측면(불확실),1,coast,-0.525,1.725,-109.1,1.49,0,0,0,0,1,0
2420,80.67,측면(불확실),1,coast,-0.525,1.725,-109.1,1.49,0,0,0,0,1,0
2421,80.7,측면(불확실),1,coast,-0.525,1.725,-109.1,1.49,0,0,0,0,1,0
2422,80.73,측면(불확실),1,coast,-0.525,1.725,-109.1,1.49,0,0,0,0,1,0
2423,80.77,측면(불확실),1,coast,-0.525,1.725,-109.1,1.49,0,0,0,0,1,0
2424,80.8,측면(불확실),1,coast,-0.525,1.725,-109.1,1.49,0,0,0,0,1,0
2425,80.83,측면(불확실),1,coast,-0.525,1.725,-109.1,1.49,0,0,0,0,1,0
2426,80.87,측면(불확실),1,coast,-0.525,1.725,-109.1,1.49,0,0,0,0,1,0
2427,80.9,측면(불확실),1,coast,-0.525,1.725,-109.1,1.49,0,0,0,0,1,0
2428,80.93,측면(불확실),1,coast,-0.525,1.725,-109.1,1.49,0,0,0,0,1,0
2429,80.97,측면(불확실),1,coast,-0.525,1.725,-109.1,1.49,0,0,0,0,1,0
2430,81.0,측면(불확실),1,coast,-0.525,1.725,-109.1,1.49,0,0,0,0,1,0
2431,81.03,측면(불확실),1,coast,-0.525,1.725,-109.1,1.49,0,0,0,0,1,0
2432,81.07,측면(불확실),1,coast,-0.525,1.725,-109.1,1.49,0,0,0,0,1,0
2433,81.1,측면(불확실),1,coast,-0.525,1.725,-109.1,1.49,0,0,0,0,1,0
2434,81.13,측면(불확실),1,coast,-0.525,1.725,-109.1,1.49,0,0,0,0,1,0
2435,81.17,측면(불확실),1,coast,-0.525,1.725,-109.1,1.49,0,0,0,0,1,0
2436,81.2,측면(불확실),1,coast,-0.525,1.725,-109.1,1.49,0,0,0,0,1,0
2437,81.23,측면(불확실),1,coast,-0.525,1.725,-109.1,1.49,0,0,0,0,1,0
2438,81.27,측면(불확실),1,coast,-0.525,1.725,-109.1,1.49,0,0,0,0,1,0
2439,81.3,측면(불확실),1,coast,-0.525,1.725,-109.1,1.49,0,0,0,0,1,0
2440,81.33,측면(불확실),1,coast,-0.525,1.725,-109.1,1.49,0,0,0,0,1,0
2441,81.37,측면(불확실),1,coast,-0.525,1.725,-109.1,1.49,0,0,0,0,1,0
2442,81.4,측면(불확실),1,coast,-0.525,1.725,-109.1,1.49,0,0,0,0,1,0
2443,81.43,측면(불확실),1,coast,-0.525,1.725,-109.1,1.49,0,0,0,0,1,0
2444,81.47,측면(불확실),1,coast,-0.525,1.725,-109.1,1.49,0,0,0,0,1,0
2445,81.5,측면(불확실),1,coast,-0.525,1.725,-109.1,1.49,0,0,0,0,1,0
2446,81.53,측면(불확실),1,coast,-0.525,1.725,-109.1,1.49,0,0,0,0,1,0
2447,81.57,측면(불확실),1,coast,-0.525,1.725,-109.1,1.49,0,0,0,0,1,0
2448,81.6,측면(불확실),1,coast,-0.525,1.725,-109.1,1.49,0,0,0,0,1,0
2449,81.63,측면(불확실),1,coast,-0.525,1.725,-109.1,1.49,0,0,0,0,1,0
2450,81.67,측면(불확실),1,coast,-0.525,1.725,-109.1,1.49,0,0,0,0,1,0
2451,81.7,측면(불확실),1,coast,-0.525,1.725,-109.1,1.49,0,0,0,0,1,0
2452,81.73,측면(불확실),1,coast,-0.525,1.725,-109.1,1.49,0,0,0,0,1,0
2453,81.77,측면(불확실),1,coast,-0.525,1.725,-109.1,1.49,0,0,0,0,1,0
2454,81.8,측면(불확실),1,coast,-0.525,1.725,-109.1,1.49,0,0,0,0,1,0
2455,81.83,측면(불확실),1,coast,-0.525,1.725,-109.1,1.49,0,0,0,0,1,0
2456,81.87,측면(불확실),1,coast,-0.525,1.725,-109.1,1.49,0,0,0,0,1,0
2457,81.9,측면(불확실),1,coast,-0.525,1.725,-109.1,1.49,0,0,0,0,1,0
2458,81.93,측면(불확실),1,coast,-0.525,1.725,-109.1,1.49,0,0,0,0,1,0
2459,81.97,측면(불확실),1,coast,-0.525,1.725,-109.1,1.49,0,0,0,0,1,0
2460,82.0,측면(불확실),1,coast,-0.525,1.725,-109.1,1.49,0,0,0,0,1,0
2461,82.03,측면(불확실),1,coast,-0.525,1.725,-109.1,1.49,0,0,0,0,1,0
2462,82.07,측면(불확실),1,coast,-0.525,1.725,-109.1,1.49,0,0,0,0,1,0
2463,82.1,측면(불확실),1,coast,-0.525,1.725,-109.1,1.49,0,0,0,0,1,0
2464,82.13,측면(불확실),1,coast,-0.525,1.725,-109.1,1.49,0,0,0,0,1,0
2465,82.17,측면(불확실),1,coast,-0.525,1.725,-109.1,1.49,0,0,0,0,1,0
2466,82.2,측면(불확실),1,coast,-0.525,1.725,-109.1,1.49,0,0,0,0,1,0
2467,82.23,측면(불확실),1,coast,-0.525,1.725,-109.1,1.49,0,0,0,0,1,0
2468,82.27,측면(불확실),1,coast,-0.525,1.725,-109.1,1.49,0,0,0,0,1,0
2469,82.3,측면(불확실),1,coast,-0.525,1.725,-109.1,1.49,0,0,0,0,1,0
2470,82.33,측면(불확실),1,coast,-0.525,1.725,-109.1,1.49,0,0,0,0,1,0
2471,82.37,측면(불확실),1,coast,-0.525,1.725,-109.1,1.49,0,0,0,0,1,0
2472,82.4,측면(불확실),1,coast,-0.525,1.725,-109.1,1.49,0,0,0,0,1,0
2473,82.43,측면(불확실),1,coast,-0.525,1.725,-109.1,1.49,0,0,0,0,1,0
2474,82.47,측면(불확실),1,coast,-0.525,1.725,-109.1,1.49,0,0,0,0,1,0
2475,82.5,측면(불확실),1,coast,-0.525,1.725,-109.1,1.49,0,0,0,0,1,0
2476,82.53,측면(불확실),1,coast,-0.525,1.725,-109.1,1.49,0,0,0,0,1,0
2477,82.57,측면(불확실),1,coast,-0.525,1.725,-109.1,1.49,0,0,0,0,1,0
2478,82.6,측면(불확실),1,coast,-0.525,1.725,-109.1,1.49,0,0,0,0,1,0
2479,82.63,측면(불확실),1,coast,-0.525,1.725,-109.1,1.49,0,0,0,0,1,0
2480,82.67,측면(불확실),1,coast,-0.525,1.725,-109.1,1.49,0,0,0,0,1,0
2481,82.7,측면(불확실),1,coast,-0.525,1.725,-109.1,1.49,0,0,0,0,1,0
2482,82.73,측면(불확실),1,coast,-0.525,1.725,-109.1,1.49,0,0,0,0,1,0
2483,82.77,측면(불확실),1,coast,-0.525,1.725,-109.1,1.49,0,0,0,0,1,0
2484,82.8,측면(불확실),1,coast,-0.525,1.725,-109.1,1.49,0,0,0,0,1,0
2485,82.83,측면(불확실),1,coast,-0.525,1.725,-109.1,1.49,0,0,0,0,1,0
2486,82.87,측면(불확실),1,coast,-0.525,1.725,-109.1,1.49,0,0,0,0,1,0
2487,82.9,측면(불확실),1,coast,-0.525,1.725,-109.1,1.49,0,0,0,0,1,0
2488,82.93,측면(불확실),1,coast,-0.525,1.725,-109.1,1.49,0,0,0,0,1,0
2489,82.97,측면(불확실),1,coast,-0.525,1.725,-109.1,1.49,0,0,0,0,1,0
2490,83.0,측면(불확실),1,coast,-0.525,1.725,-109.1,1.49,0,0,0,0,1,0
2491,83.03,측면(불확실),1,coast,-0.525,1.725,-109.1,1.49,0,0,0,0,1,0
2492,83.07,측면(불확실),1,coast,-0.525,1.725,-109.1,1.49,0,0,0,0,1,0
2493,83.1,측면(불확실),1,coast,-0.525,1.725,-109.1,1.49,0,0,0,0,1,0
2494,83.13,측면(불확실),1,coast,-0.525,1.725,-109.1,1.49,0,0,0,0,1,0
2495,83.17,측면(불확실),1,coast,-0.525,1.725,-109.1,1.49,0,0,0,0,1,0
2496,83.2,측면(불확실),1,coast,-0.525,1.725,-109.1,1.49,0,0,0,0,1,0
2497,83.23,측면(불확실),1,coast,-0.525,1.725,-109.1,1.49,0,0,0,0,1,0
2498,83.27,측면(불확실),1,coast,-0.525,1.725,-109.1,1.49,0,0,0,0,1,0
2499,83.3,측면(불확실),1,coast,-0.525,1.725,-109.1,1.49,0,0,0,0,1,0
2500,83.33,측면(불확실),1,coast,-0.525,1.725,-109.1,1.49,0,0,0,0,1,0
2501,83.37,측면(불확실),1,coast,-0.525,1.725,-109.1,1.49,0,0,0,0,1,0
2502,83.4,측면(불확실),1,coast,-0.525,1.725,-109.1,1.49,0,0,0,0,1,0
2503,83.43,측면(불확실),1,coast,-0.525,1.725,-109.1,1.49,0,0,0,0,1,0
2504,83.47,측면(불확실),1,coast,-0.525,1.725,-109.1,1.49,0,0,0,0,1,0
2505,83.5,측면(불확실),1,coast,-0.525,1.725,-109.1,1.49,0,0,0,0,1,0
2506,83.53,측면(불확실),1,coast,-0.525,1.725,-109.1,1.49,0,0,0,0,1,0
2507,83.57,측면(불확실),1,coast,-0.525,1.725,-109.1,1.49,0,0,0,0,1,0
2508,83.6,측면(불확실),1,coast,-0.525,1.725,-109.1,1.49,0,0,0,0,1,0
2509,83.63,측면(불확실),1,coast,-0.525,1.725,-109.1,1.49,0,0,0,0,1,0
2510,83.67,측면(불확실),1,coast,-0.525,1.725,-109.1,1.49,0,0,0,0,1,0
2511,83.7,측면(불확실),1,coast,-0.525,1.725,-109.1,1.49,0,0,0,0,1,0
2512,83.73,측면(불확실),1,coast,-0.525,1.725,-109.1,1.49,0,0,0,0,1,0
2513,83.77,측면(불확실),1,coast,-0.525,1.725,-109.1,1.49,0,0,0,0,1,0
