frame,t,car_emblem,door_handle,fuel_cap,license_plate,side_mirror,tail_light,zone,yaw_fresh,dist,yaw,bearing,x,y,alpha_deg
1,0.03,0,2,1,0,0,1,미확인,0,,,,,,
2,0.07,0,2,1,0,0,1,미확인,0,,,,,,
3,0.1,0,2,1,0,0,1,미확인,0,,,,,,
4,0.13,0,2,1,0,0,1,미확인,0,,,,,,
5,0.17,0,2,1,0,0,1,후측면,0,,,,,,
6,0.2,0,2,1,0,0,1,후측면,0,,,,,,
7,0.23,0,2,1,0,0,1,후측면,0,,,,,,
8,0.27,0,2,1,0,0,1,후측면,0,,,,,,
9,0.3,0,2,1,0,0,1,후측면,0,,,,,,
10,0.33,0,2,1,0,0,1,후측면,0,,,,,,
11,0.37,0,2,1,0,0,1,후측면,0,,,,,,
12,0.4,0,2,1,0,0,1,후측면,0,,,,,,
13,0.43,0,2,1,0,0,1,후측면,0,,,,,,
14,0.47,0,2,1,0,0,1,후측면,0,,,,,,
15,0.5,0,2,1,0,0,1,후측면,0,,,,,,
16,0.53,0,2,1,0,0,1,후측면,0,,,,,,
17,0.57,0,2,1,0,0,1,후측면,0,,,,,,
18,0.6,0,2,1,0,0,1,후측면,0,,,,,,
19,0.63,0,2,1,0,0,1,후측면,0,,,,,,
20,0.67,0,2,1,0,0,1,후측면,0,,,,,,
21,0.7,0,2,1,0,0,1,후측면,0,,,,,,
22,0.73,0,2,1,0,0,1,후측면,0,,,,,,
23,0.77,0,2,1,0,0,1,후측면,0,,,,,,
24,0.8,0,2,1,0,0,1,후측면,0,,,,,,
25,0.83,0,2,1,0,0,1,후측면,0,,,,,,
26,0.87,0,2,1,0,0,1,후측면,0,,,,,,
27,0.9,0,2,1,0,0,1,후측면,0,,,,,,
28,0.93,0,2,1,0,0,1,후측면,0,,,,,,
29,0.97,0,2,1,0,0,1,후측면,0,,,,,,
30,1.0,0,2,1,0,0,1,후측면,0,,,,,,
31,1.03,0,2,1,0,0,1,후측면,0,,,,,,
32,1.07,0,2,1,0,0,1,후측면,0,,,,,,
33,1.1,0,2,1,0,0,1,후측면,0,,,,,,
34,1.13,0,2,1,0,0,1,후측면,0,,,,,,
35,1.17,0,2,1,0,0,1,후측면,0,,,,,,
36,1.2,0,2,1,0,0,1,후측면,0,,,,,,
37,1.23,0,2,1,0,0,1,후측면,0,,,,,,
38,1.27,0,2,1,0,0,1,후측면,0,,,,,,
39,1.3,0,2,1,0,0,1,후측면,0,,,,,,
40,1.33,0,2,1,0,0,1,후측면,0,,,,,,
41,1.37,0,2,1,0,0,1,후측면,0,,,,,,
42,1.4,0,2,1,0,0,1,후측면,0,,,,,,
43,1.43,0,2,1,0,0,1,후측면,0,,,,,,
44,1.47,0,2,1,0,0,1,후측면,0,,,,,,
45,1.5,0,2,1,0,0,1,후측면,0,,,,,,
46,1.53,0,2,1,0,0,1,후측면,0,,,,,,
47,1.57,0,2,1,0,0,1,후측면,0,,,,,,
48,1.6,0,2,1,0,0,1,후측면,0,,,,,,
49,1.63,0,2,1,0,0,1,후측면,0,,,,,,
50,1.67,0,2,1,0,0,1,후측면,0,,,,,,
51,1.7,0,2,1,0,0,1,후측면,0,,,,,,
52,1.73,0,2,1,0,0,1,후측면,0,,,,,,
53,1.77,0,2,1,0,0,1,후측면,0,,,,,,
54,1.8,0,2,1,0,0,1,후측면,0,,,,,,
55,1.83,0,2,1,0,0,1,후측면,0,,,,,,
56,1.87,0,2,1,0,0,1,후측면,0,,,,,,
57,1.9,0,2,1,0,0,1,후측면,0,,,,,,
58,1.93,0,2,1,0,0,1,후측면,0,,,,,,
59,1.97,0,2,1,0,0,1,후측면,0,,,,,,
60,2.0,0,2,1,0,0,1,후측면,0,,,,,,
61,2.03,0,2,1,0,0,1,후측면,0,,,,,,
62,2.07,0,2,1,0,0,1,후측면,0,,,,,,
63,2.1,0,2,1,0,0,1,후측면,0,,,,,,
64,2.13,0,2,1,0,0,1,후측면,0,,,,,,
65,2.17,0,2,1,0,0,1,후측면,0,,,,,,
66,2.2,0,2,1,0,0,1,후측면,0,,,,,,
67,2.23,0,2,1,0,0,1,후측면,0,,,,,,
68,2.27,0,2,1,0,0,1,후측면,0,,,,,,
69,2.3,0,2,1,0,0,1,후측면,0,,,,,,
70,2.33,0,2,1,0,0,1,후측면,0,,,,,,
71,2.37,0,2,1,0,0,1,후측면,0,,,,,,
72,2.4,0,2,1,0,0,1,후측면,0,,,,,,
73,2.43,0,2,1,0,0,1,후측면,0,,,,,,
74,2.47,0,2,1,0,0,1,후측면,0,,,,,,
75,2.5,0,2,1,0,0,1,후측면,0,,,,,,
76,2.53,0,2,1,0,0,1,후측면,0,,,,,,
77,2.57,0,2,1,0,0,1,후측면,0,,,,,,
78,2.6,0,2,1,0,0,1,후측면,0,,,,,,
79,2.63,0,2,1,0,0,1,후측면,0,,,,,,
80,2.67,0,2,1,0,0,1,후측면,0,,,,,,
81,2.7,0,2,1,0,0,1,후측면,0,,,,,,
82,2.73,0,2,1,0,0,1,후측면,0,,,,,,
83,2.77,0,2,1,0,0,1,후측면,0,,,,,,
84,2.8,0,2,1,0,0,1,후측면,0,,,,,,
85,2.83,0,2,1,0,0,1,후측면,0,,,,,,
86,2.87,0,2,1,0,0,1,후측면,0,,,,,,
87,2.9,0,2,1,0,0,1,후측면,0,,,,,,
88,2.93,0,2,1,0,0,1,후측면,0,,,,,,
89,2.97,0,2,1,0,0,1,후측면,0,,,,,,
90,3.0,0,2,1,0,0,1,후측면,0,,,,,,
91,3.03,0,2,1,0,0,1,후측면,0,,,,,,
92,3.07,0,2,1,0,0,1,후측면,0,,,,,,
93,3.1,0,2,1,0,0,1,후측면,0,,,,,,
94,3.13,0,2,1,0,0,1,후측면,0,,,,,,
95,3.17,0,2,1,0,0,1,후측면,0,,,,,,
96,3.2,0,2,1,0,0,1,후측면,0,,,,,,
97,3.23,0,2,1,0,0,1,후측면,0,,,,,,
98,3.27,0,2,1,0,0,1,후측면,0,,,,,,
99,3.3,0,2,1,0,0,1,후측면,0,,,,,,
100,3.33,0,2,1,0,0,1,후측면,0,,,,,,
101,3.37,0,2,1,0,0,1,후측면,0,,,,,,
102,3.4,0,2,1,0,0,1,후측면,0,,,,,,
103,3.43,0,2,1,0,0,1,후측면,0,,,,,,
104,3.47,0,2,1,0,0,1,후측면,0,,,,,,
105,3.5,0,2,1,0,0,1,후측면,0,,,,,,
106,3.53,0,2,1,0,0,1,후측면,0,,,,,,
107,3.57,0,2,1,0,0,1,후측면,0,,,,,,
108,3.6,0,2,1,0,0,1,후측면,0,,,,,,
109,3.63,0,2,1,0,0,1,후측면,0,,,,,,
110,3.67,0,2,1,0,0,1,후측면,0,,,,,,
111,3.7,0,2,1,0,0,1,후측면,0,,,,,,
112,3.73,0,2,1,0,0,1,후측면,0,,,,,,
113,3.77,0,2,1,0,0,1,후측면,0,,,,,,
114,3.8,0,2,1,0,0,1,후측면,0,,,,,,
115,3.83,0,2,1,0,0,1,후측면,0,,,,,,
116,3.87,0,2,1,0,0,1,후측면,0,,,,,,
117,3.9,0,2,1,0,0,1,후측면,0,,,,,,
118,3.93,0,2,1,0,0,1,후측면,0,,,,,,
119,3.97,0,2,1,0,0,1,후측면,0,,,,,,
120,4.0,0,2,1,0,1,1,후측면,0,,,,,,
121,4.03,0,2,1,0,1,1,후측면,0,,,,,,
122,4.07,0,2,1,0,1,1,후측면,0,,,,,,
123,4.1,0,2,1,0,1,1,후측면,0,,,,,,
124,4.13,0,2,1,0,1,1,후측면,0,,,,,,
125,4.17,0,2,1,0,1,1,후측면,0,,,,,,
126,4.2,0,2,1,0,1,1,후측면,0,,,,,,
127,4.23,0,2,1,0,1,1,후측면,0,,,,,,
128,4.27,0,2,1,0,1,1,후측면,0,,,,,,
129,4.3,0,2,1,0,1,1,후측면,0,,,,,,
130,4.33,0,2,1,0,1,1,후측면,0,,,,,,
131,4.37,0,2,1,0,1,1,후측면,0,,,,,,
132,4.4,0,2,1,0,1,1,후측면,0,,,,,,
133,4.43,0,2,1,0,1,1,후측면,0,,,,,,
134,4.47,0,2,1,0,1,1,후측면,0,,,,,,
135,4.5,0,2,1,0,1,1,후측면,0,,,,,,
136,4.53,0,2,1,0,1,1,후측면,0,,,,,,
137,4.57,0,2,1,0,1,1,후측면,0,,,,,,
138,4.6,0,2,1,0,1,1,후측면,0,,,,,,
139,4.63,0,2,1,0,1,1,후측면,0,,,,,,
140,4.67,0,2,1,0,1,1,후측면,0,,,,,,
141,4.7,0,2,1,0,1,1,후측면,0,,,,,,
142,4.73,0,2,1,0,1,1,후측면,0,,,,,,
143,4.77,0,2,1,0,1,1,후측면,0,,,,,,
144,4.8,0,2,1,0,1,1,후측면,0,,,,,,
145,4.83,0,2,1,0,1,1,후측면,0,,,,,,
146,4.87,0,2,1,0,1,1,후측면,0,,,,,,
147,4.9,0,2,1,0,1,1,후측면,0,,,,,,
148,4.93,0,2,1,0,1,1,후측면,0,,,,,,
149,4.97,0,2,1,0,1,1,후측면,0,,,,,,
150,5.0,0,2,1,0,1,1,후측면,0,,,,,,
151,5.03,0,2,1,0,1,1,후측면,0,,,,,,
152,5.07,0,2,1,0,1,1,후측면,0,,,,,,
153,5.1,0,2,1,0,1,1,후측면,0,,,,,,
154,5.13,0,2,1,0,1,1,후측면,0,,,,,,
155,5.17,0,2,1,0,1,1,후측면,0,,,,,,
156,5.2,0,2,1,0,1,1,후측면,0,,,,,,
157,5.23,0,2,1,0,1,1,후측면,0,,,,,,
158,5.27,0,2,1,0,1,1,후측면,0,,,,,,
159,5.3,0,2,1,0,1,1,후측면,0,,,,,,
160,5.33,0,2,1,0,1,1,후측면,0,,,,,,
161,5.37,0,2,1,0,1,1,후측면,0,,,,,,
162,5.4,0,2,1,0,1,1,후측면,0,,,,,,
163,5.43,0,2,1,0,1,1,후측면,0,,,,,,
164,5.47,0,2,1,0,1,1,후측면,0,,,,,,
165,5.5,0,2,1,0,1,1,후측면,0,,,,,,
166,5.53,0,2,1,0,1,1,후측면,0,,,,,,
167,5.57,0,2,1,0,1,1,후측면,0,,,,,,
168,5.6,0,2,1,0,1,1,후측면,0,,,,,,
169,5.63,0,2,1,0,1,1,후측면,0,,,,,,
170,5.67,0,2,1,0,1,1,후측면,0,,,,,,
171,5.7,0,2,1,0,1,1,후측면,0,,,,,,
172,5.73,0,2,1,0,1,1,후측면,0,,,,,,
173,5.77,0,2,1,0,1,1,후측면,0,,,,,,
174,5.8,0,2,1,0,1,1,후측면,0,,,,,,
175,5.83,0,2,1,0,1,1,후측면,0,,,,,,
176,5.87,0,2,1,0,1,1,후측면,0,,,,,,
177,5.9,0,2,1,0,1,1,후측면,0,,,,,,
178,5.93,0,2,1,0,1,1,후측면,0,,,,,,
179,5.97,0,2,1,0,1,1,후측면,0,,,,,,
180,6.0,0,2,1,0,1,1,후측면,0,,,,,,
181,6.03,0,2,1,0,1,1,후측면,0,,,,,,
182,6.07,0,2,1,0,1,1,후측면,0,,,,,,
183,6.1,0,2,1,0,1,1,후측면,0,,,,,,
184,6.13,0,2,1,0,1,1,후측면,0,,,,,,
185,6.17,0,2,1,0,1,1,후측면,0,,,,,,
186,6.2,0,2,1,0,1,1,후측면,0,,,,,,
187,6.23,0,2,1,0,1,1,후측면,0,,,,,,
188,6.27,0,2,1,0,1,1,후측면,0,,,,,,
189,6.3,0,2,1,0,1,1,후측면,0,,,,,,
190,6.33,0,2,1,0,1,1,후측면,0,,,,,,
191,6.37,0,2,1,0,1,1,후측면,0,,,,,,
192,6.4,0,2,1,0,1,1,후측면,0,,,,,,
193,6.43,0,2,1,0,1,1,후측면,0,,,,,,
194,6.47,0,2,1,0,1,1,후측면,0,,,,,,
195,6.5,0,2,1,0,1,0,후측면,0,,,,,,
196,6.53,0,2,1,0,1,0,후측면,0,,,,,,
197,6.57,0,2,1,0,1,0,후측면,0,,,,,,
198,6.6,0,2,0,0,1,0,후측면,0,,,,,,
199,6.63,0,2,0,0,1,0,측면,0,,,,,,
200,6.67,0,2,0,0,1,0,측면,0,,,,,,
201,6.7,0,2,0,0,1,0,측면,0,,,,,,
202,6.73,0,2,0,0,1,0,측면,0,,,,,,
203,6.77,0,2,0,0,1,0,측면,0,,,,,,
204,6.8,0,2,0,0,1,0,측면,0,,,,,,
205,6.83,0,2,0,0,1,0,측면,0,,,,,,
206,6.87,0,2,0,0,1,0,측면,0,,,,,,
207,6.9,0,2,0,0,1,0,측면,0,,,,,,
208,6.93,0,2,0,0,1,0,측면,0,,,,,,
209,6.97,0,2,0,0,1,0,측면,0,,,,,,
210,7.0,0,2,0,0,1,0,측면,0,,,,,,
211,7.03,0,2,0,0,1,0,측면,0,,,,,,
212,7.07,0,2,0,0,1,0,측면,0,,,,,,
213,7.1,0,2,0,0,1,0,측면,0,,,,,,
214,7.13,0,2,0,0,1,0,측면,0,,,,,,
215,7.17,0,2,0,0,1,0,측면,0,,,,,,
216,7.2,0,2,0,0,1,0,측면,0,,,,,,
217,7.23,0,2,0,0,1,0,측면,0,,,,,,
218,7.27,0,2,0,0,1,0,측면,0,,,,,,
219,7.3,0,2,0,0,1,0,측면,0,,,,,,
220,7.33,0,2,0,0,1,0,측면,0,,,,,,
221,7.37,0,2,0,0,1,0,측면,0,,,,,,
222,7.4,0,2,0,0,1,0,측면,0,,,,,,
223,7.43,0,2,0,0,1,0,측면,0,,,,,,
224,7.47,0,2,0,0,1,0,측면,0,,,,,,
225,7.5,0,2,0,0,1,0,측면,0,,,,,,
226,7.53,0,2,0,0,1,0,측면,0,,,,,,
227,7.57,0,2,0,0,1,0,측면,0,,,,,,
228,7.6,0,2,0,0,1,0,측면,0,,,,,,
229,7.63,0,2,0,0,1,0,측면,0,,,,,,
230,7.67,0,1,0,0,1,0,측면,0,,,,,,
231,7.7,0,1,0,0,1,0,측면,0,,,,,,
232,7.73,0,1,0,0,1,0,측면,0,,,,,,
233,7.77,0,1,0,0,1,0,측면,0,,,,,,
234,7.8,0,1,0,0,1,0,측면,0,,,,,,
235,7.83,0,1,0,0,1,0,측면,0,,,,,,
236,7.87,0,1,0,0,1,0,측면,0,,,,,,
237,7.9,0,1,0,0,1,0,측면,0,,,,,,
238,7.93,0,1,0,0,1,0,측면,0,,,,,,
239,7.97,0,1,0,0,1,0,측면,0,,,,,,
240,8.0,0,1,0,0,1,0,측면,0,,,,,,
241,8.03,0,1,0,0,1,0,측면,0,,,,,,
242,8.07,0,1,0,0,1,0,측면,0,,,,,,
243,8.1,0,1,0,0,1,0,측면,0,,,,,,
244,8.13,0,1,0,0,1,0,측면,0,,,,,,
245,8.17,0,1,0,0,1,0,측면,0,,,,,,
246,8.2,0,1,0,0,1,0,측면,0,,,,,,
247,8.23,0,1,0,0,1,0,측면,0,,,,,,
248,8.27,0,1,0,0,1,0,측면,0,,,,,,
249,8.3,0,1,0,0,1,0,측면,0,,,,,,
250,8.33,0,1,0,0,1,0,측면,0,,,,,,
251,8.37,0,1,0,0,1,0,측면,0,,,,,,
252,8.4,0,1,0,0,1,0,측면,0,,,,,,
253,8.43,0,1,0,0,1,0,측면,0,,,,,,
254,8.47,0,1,0,0,1,0,측면,0,,,,,,
255,8.5,0,1,0,0,1,0,측면,0,,,,,,
256,8.53,0,1,0,0,1,0,측면,0,,,,,,
257,8.57,0,1,0,0,1,0,측면,0,,,,,,
258,8.6,0,1,0,0,1,0,측면,0,,,,,,
259,8.63,0,1,0,0,1,0,측면,0,,,,,,
260,8.67,0,1,0,0,1,0,측면,0,,,,,,
261,8.7,0,1,0,0,1,0,측면,0,,,,,,
262,8.73,0,1,0,0,1,0,측면,0,,,,,,
263,8.77,0,1,0,0,1,0,측면,0,,,,,,
264,8.8,0,1,0,0,1,0,측면,0,,,,,,
265,8.83,0,1,0,0,1,0,측면,0,,,,,,
266,8.87,0,1,0,0,1,0,측면,0,,,,,,
267,8.9,0,1,0,0,1,0,측면,0,,,,,,
268,8.93,0,1,0,0,1,0,측면,0,,,,,,
269,8.97,0,1,0,0,1,0,측면,0,,,,,,
270,9.0,0,1,0,0,1,0,측면,0,,,,,,
271,9.03,0,1,0,0,1,0,측면,0,,,,,,
272,9.07,0,1,0,0,1,0,측면,0,,,,,,
273,9.1,0,1,0,0,1,0,측면,0,,,,,,
274,9.13,0,1,0,0,1,0,측면,0,,,,,,
275,9.17,0,1,0,0,1,0,측면,0,,,,,,
276,9.2,0,1,0,0,1,0,측면,0,,,,,,
277,9.23,0,1,0,0,1,0,측면,0,,,,,,
278,9.27,0,1,0,0,1,0,측면,0,,,,,,
279,9.3,0,1,0,0,1,0,측면,0,,,,,,
280,9.33,0,1,0,0,1,0,측면,0,,,,,,
281,9.37,0,1,0,0,1,0,측면,0,,,,,,
282,9.4,0,1,0,0,1,0,측면,0,,,,,,
283,9.43,0,1,0,0,1,0,측면,0,,,,,,
284,9.47,0,1,0,0,1,0,측면,0,,,,,,
285,9.5,0,1,0,0,1,0,측면,0,,,,,,
286,9.53,0,1,0,0,1,0,측면,0,,,,,,
287,9.57,0,1,0,0,1,0,측면,0,,,,,,
288,9.6,0,1,0,0,1,0,측면,0,,,,,,
289,9.63,0,1,0,0,1,0,측면,0,,,,,,
290,9.67,0,1,0,0,1,0,측면,0,,,,,,
291,9.7,0,1,0,0,1,0,측면,0,,,,,,
292,9.73,0,1,0,0,1,0,측면,0,,,,,,
293,9.77,0,1,0,0,1,0,측면,0,,,,,,
294,9.8,0,1,0,0,1,0,측면,0,,,,,,
295,9.83,0,1,0,0,1,0,측면,0,,,,,,
296,9.87,0,1,0,0,1,0,측면,0,,,,,,
297,9.9,0,1,0,0,1,0,측면,0,,,,,,
298,9.93,0,1,0,0,1,0,측면,0,,,,,,
299,9.97,0,1,0,0,1,0,측면,0,,,,,,
300,10.0,0,1,0,0,1,0,측면,0,,,,,,
301,10.03,0,1,0,0,1,0,측면,0,,,,,,
302,10.07,0,1,0,0,1,0,측면,0,,,,,,
303,10.1,0,1,0,0,1,0,측면,0,,,,,,
304,10.13,0,1,0,0,1,0,측면,0,,,,,,
305,10.17,0,2,0,0,1,0,측면,0,,,,,,
306,10.2,0,2,0,0,1,0,측면,0,,,,,,
307,10.23,0,2,0,0,1,0,측면,0,,,,,,
308,10.27,0,2,0,0,1,0,측면,0,,,,,,
309,10.3,0,2,0,0,1,0,측면,0,,,,,,
310,10.33,0,2,0,0,1,0,측면,0,,,,,,
311,10.37,0,2,0,0,1,0,측면,0,,,,,,
312,10.4,0,2,0,0,1,0,측면,0,,,,,,
313,10.43,0,2,0,0,1,0,측면,0,,,,,,
314,10.47,0,2,0,0,1,0,측면,0,,,,,,
315,10.5,0,2,0,0,1,0,측면,0,,,,,,
316,10.53,0,2,0,0,1,0,측면,0,,,,,,
317,10.57,0,2,0,0,1,0,측면,0,,,,,,
318,10.6,0,2,0,0,1,0,측면,0,,,,,,
319,10.63,0,2,0,0,1,0,측면,0,,,,,,
320,10.67,0,2,0,0,1,0,측면,0,,,,,,
321,10.7,0,2,0,0,1,0,측면,0,,,,,,
322,10.73,0,2,1,0,1,0,측면,0,,,,,,
323,10.77,0,2,1,0,1,1,측면,0,,,,,,
324,10.8,0,2,1,0,1,1,측면,0,,,,,,
325,10.83,0,2,1,0,1,1,측면,0,,,,,,
326,10.87,0,2,1,0,1,1,측면,0,,,,,,
327,10.9,0,2,1,0,1,1,후측면,0,,,,,,
328,10.93,0,2,1,0,1,1,후측면,0,,,,,,
329,10.97,0,2,1,0,1,1,후측면,0,,,,,,
330,11.0,0,2,1,0,1,1,후측면,0,,,,,,
331,11.03,0,2,1,0,1,1,후측면,0,,,,,,
332,11.07,0,2,1,0,1,1,후측면,0,,,,,,
333,11.1,0,2,1,0,1,1,후측면,0,,,,,,
334,11.13,0,2,1,0,1,1,후측면,0,,,,,,
335,11.17,0,2,1,0,1,1,후측면,0,,,,,,
336,11.2,0,2,1,0,1,1,후측면,0,,,,,,
337,11.23,0,2,1,0,1,1,후측면,0,,,,,,
338,11.27,0,2,1,0,1,1,후측면,0,,,,,,
339,11.3,0,2,1,0,1,1,후측면,0,,,,,,
340,11.33,0,2,1,0,1,1,후측면,0,,,,,,
341,11.37,0,2,1,0,1,1,후측면,0,,,,,,
342,11.4,0,2,1,0,1,1,후측면,0,,,,,,
343,11.43,0,2,1,0,1,1,후측면,0,,,,,,
344,11.47,0,2,1,0,1,1,후측면,0,,,,,,
345,11.5,0,2,1,0,0,1,후측면,0,,,,,,
346,11.53,0,2,1,0,0,1,후측면,0,,,,,,
347,11.57,0,2,1,0,0,1,후측면,0,,,,,,
348,11.6,0,2,1,0,0,1,후측면,0,,,,,,
349,11.63,0,2,1,0,0,1,후측면,0,,,,,,
350,11.67,0,2,1,0,0,1,후측면,0,,,,,,
351,11.7,0,2,1,0,0,1,후측면,0,,,,,,
352,11.73,0,2,1,0,0,1,후측면,0,,,,,,
353,11.77,0,2,1,0,0,1,후측면,0,,,,,,
354,11.8,0,2,1,0,0,1,후측면,0,,,,,,
355,11.83,0,2,1,0,0,1,후측면,0,,,,,,
356,11.87,0,2,1,0,0,1,후측면,0,,,,,,
357,11.9,0,2,1,0,0,1,후측면,0,,,,,,
358,11.93,0,2,1,0,0,1,후측면,0,,,,,,
359,11.97,0,2,1,0,0,1,후측면,0,,,,,,
360,12.0,0,2,1,0,0,1,후측면,0,,,,,,
361,12.03,0,2,1,0,0,1,후측면,0,,,,,,
362,12.07,0,2,1,0,0,1,후측면,0,,,,,,
363,12.1,0,2,1,0,0,1,후측면,0,,,,,,
364,12.13,0,2,1,0,0,1,후측면,0,,,,,,
365,12.17,0,2,1,0,0,1,후측면,0,,,,,,
366,12.2,0,2,1,0,0,1,후측면,0,,,,,,
367,12.23,0,2,1,0,0,1,후측면,0,,,,,,
368,12.27,0,2,1,0,0,1,후측면,0,,,,,,
369,12.3,0,2,1,0,0,1,후측면,0,,,,,,
370,12.33,0,2,1,0,0,1,후측면,0,,,,,,
371,12.37,0,2,1,0,0,1,후측면,0,,,,,,
372,12.4,0,2,1,0,0,1,후측면,0,,,,,,
373,12.43,0,2,1,0,0,1,후측면,0,,,,,,
374,12.47,0,2,1,0,0,1,후측면,0,,,,,,
375,12.5,0,2,1,0,0,1,후측면,0,,,,,,
376,12.53,0,2,1,0,0,1,후측면,0,,,,,,
377,12.57,0,2,1,0,0,1,후측면,0,,,,,,
378,12.6,0,2,1,0,0,1,후측면,0,,,,,,
379,12.63,0,2,1,0,0,1,후측면,0,,,,,,
380,12.67,0,2,1,0,0,1,후측면,0,,,,,,
381,12.7,0,2,1,0,0,1,후측면,0,,,,,,
382,12.73,0,2,1,0,0,1,후측면,0,,,,,,
383,12.77,0,2,1,0,0,1,후측면,0,,,,,,
384,12.8,0,2,1,0,0,1,후측면,0,,,,,,
385,12.83,0,2,1,0,0,1,후측면,0,,,,,,
386,12.87,0,2,1,0,0,1,후측면,0,,,,,,
387,12.9,0,2,1,0,0,1,후측면,0,,,,,,
388,12.93,0,2,1,0,0,1,후측면,0,,,,,,
389,12.97,0,2,1,0,0,1,후측면,0,,,,,,
390,13.0,0,2,1,0,0,1,후측면,0,,,,,,
391,13.03,0,2,1,0,0,1,후측면,0,,,,,,
392,13.07,0,2,1,0,0,1,후측면,0,,,,,,
393,13.1,0,2,1,0,0,1,후측면,0,,,,,,
394,13.13,0,2,1,0,0,1,후측면,0,,,,,,
395,13.17,0,2,1,0,0,1,후측면,0,,,,,,
396,13.2,0,2,1,0,0,1,후측면,0,,,,,,
397,13.23,0,2,1,0,0,1,후측면,0,,,,,,
398,13.27,0,2,1,0,0,1,후측면,0,,,,,,
399,13.3,0,2,1,0,0,1,후측면,0,,,,,,
400,13.33,0,2,1,0,0,1,후측면,0,,,,,,
401,13.37,0,2,1,0,0,1,후측면,0,,,,,,
402,13.4,0,2,1,0,0,1,후측면,0,,,,,,
403,13.43,0,2,1,0,0,1,후측면,0,,,,,,
404,13.47,0,2,1,0,0,1,후측면,0,,,,,,
405,13.5,0,2,1,0,0,1,후측면,0,,,,,,
406,13.53,0,2,1,0,0,1,후측면,0,,,,,,
407,13.57,0,2,1,0,0,1,후측면,0,,,,,,
408,13.6,0,2,1,0,0,1,후측면,0,,,,,,
409,13.63,0,2,1,0,0,1,후측면,0,,,,,,
410,13.67,0,2,1,0,0,1,후측면,0,,,,,,
411,13.7,0,2,1,0,0,1,후측면,0,,,,,,
412,13.73,0,2,1,0,0,1,후측면,0,,,,,,
413,13.77,0,2,1,0,0,1,후측면,0,,,,,,
414,13.8,0,2,1,0,0,1,후측면,0,,,,,,
415,13.83,0,2,1,0,0,1,후측면,0,,,,,,
416,13.87,0,2,1,0,0,1,후측면,0,,,,,,
417,13.9,0,2,1,0,0,1,후측면,0,,,,,,
418,13.93,0,2,1,0,0,1,후측면,0,,,,,,
419,13.97,0,2,1,0,0,1,후측면,0,,,,,,
420,14.0,0,2,1,0,0,1,후측면,0,,,,,,
421,14.03,0,2,1,0,0,1,후측면,0,,,,,,
422,14.07,0,2,1,0,0,1,후측면,0,,,,,,
423,14.1,0,2,1,0,0,1,후측면,0,,,,,,
424,14.13,0,2,1,0,0,1,후측면,0,,,,,,
425,14.17,0,2,1,0,0,1,후측면,0,,,,,,
426,14.2,0,2,1,0,0,1,후측면,0,,,,,,
427,14.23,0,2,1,0,0,1,후측면,0,,,,,,
428,14.27,0,2,1,0,0,1,후측면,0,,,,,,
429,14.3,0,2,1,0,0,1,후측면,0,,,,,,
430,14.33,0,2,1,0,0,1,후측면,0,,,,,,
431,14.37,0,2,1,0,0,1,후측면,0,,,,,,
432,14.4,0,2,1,0,0,1,후측면,0,,,,,,
433,14.43,0,2,1,0,0,1,후측면,0,,,,,,
434,14.47,0,2,1,0,0,1,후측면,0,,,,,,
435,14.5,0,2,1,0,0,1,후측면,0,,,,,,
436,14.53,0,2,1,0,0,1,후측면,0,,,,,,
437,14.57,0,2,1,0,0,1,후측면,0,,,,,,
438,14.6,0,2,1,0,0,1,후측면,0,,,,,,
439,14.63,0,2,1,0,0,1,후측면,0,,,,,,
440,14.67,0,2,1,0,0,1,후측면,0,,,,,,
441,14.7,0,2,1,0,0,1,후측면,0,,,,,,
442,14.73,0,2,1,0,0,1,후측면,0,,,,,,
443,14.77,0,2,1,0,0,1,후측면,0,,,,,,
444,14.8,0,2,1,0,0,1,후측면,0,,,,,,
445,14.83,0,2,1,0,0,1,후측면,0,,,,,,
446,14.87,0,2,1,0,0,1,후측면,0,,,,,,
447,14.9,0,2,1,0,0,1,후측면,0,,,,,,
448,14.93,0,2,1,0,0,1,후측면,0,,,,,,
449,14.97,0,2,1,0,0,1,후측면,0,,,,,,
450,15.0,0,2,1,0,0,1,후측면,0,,,,,,
451,15.03,0,2,1,0,0,1,후측면,0,,,,,,
452,15.07,0,2,1,0,0,1,후측면,0,,,,,,
453,15.1,0,2,1,0,0,1,후측면,0,,,,,,
454,15.13,0,2,1,0,0,1,후측면,0,,,,,,
455,15.17,0,2,1,0,0,1,후측면,0,,,,,,
456,15.2,0,2,1,0,0,1,후측면,0,,,,,,
457,15.23,0,2,1,0,0,1,후측면,0,,,,,,
458,15.27,0,2,1,0,0,1,후측면,0,,,,,,
459,15.3,0,1,1,0,0,1,후측면,0,,,,,,
460,15.33,0,1,1,0,0,1,후측면,0,,,,,,
461,15.37,0,1,1,0,0,1,후측면,0,,,,,,
462,15.4,0,1,1,0,0,1,후측면,0,,,,,,
463,15.43,0,1,1,0,0,1,후측면,0,,,,,,
464,15.47,0,1,1,0,0,1,후측면,0,,,,,,
465,15.5,0,1,1,0,0,1,후측면,0,,,,,,
466,15.53,0,1,1,0,0,1,후측면,0,,,,,,
467,15.57,0,1,1,0,0,1,후측면,0,,,,,,
468,15.6,0,1,1,0,0,1,후측면,0,,,,,,
469,15.63,0,1,1,0,0,1,후측면,0,,,,,,
470,15.67,0,1,1,0,0,1,후측면,0,,,,,,
471,15.7,0,1,1,0,0,1,후측면,0,,,,,,
472,15.73,0,1,1,0,0,1,후측면,0,,,,,,
473,15.77,0,1,1,0,0,1,후측면,0,,,,,,
474,15.8,0,1,1,0,0,1,후측면,0,,,,,,
475,15.83,0,1,1,0,0,1,후측면,0,,,,,,
476,15.87,0,1,1,0,0,1,후측면,0,,,,,,
477,15.9,0,1,1,0,0,1,후측면,0,,,,,,
478,15.93,0,1,1,0,0,1,후측면,0,,,,,,
479,15.97,0,1,1,0,0,1,후측면,0,,,,,,
480,16.0,0,1,1,0,0,1,후측면,0,,,,,,
481,16.03,0,1,1,0,0,1,후측면,0,,,,,,
482,16.07,0,1,1,0,0,1,후측면,0,,,,,,
483,16.1,0,1,1,0,0,1,후측면,0,,,,,,
484,16.13,0,1,1,0,0,1,후측면,0,,,,,,
485,16.17,0,1,1,0,0,1,후측면,0,,,,,,
486,16.2,0,1,1,0,0,1,후측면,0,,,,,,
487,16.23,0,1,1,0,0,1,후측면,0,,,,,,
488,16.27,0,1,1,0,0,1,후측면,0,,,,,,
489,16.3,0,1,1,0,0,1,후측면,0,,,,,,
490,16.33,0,1,1,0,0,1,후측면,0,,,,,,
491,16.37,0,2,1,0,0,1,후측면,0,,,,,,
492,16.4,0,1,1,0,0,1,후측면,0,,,,,,
493,16.43,0,1,1,0,0,1,후측면,0,,,,,,
494,16.47,0,1,1,0,0,1,후측면,0,,,,,,
495,16.5,0,1,1,0,0,1,후측면,0,,,,,,
496,16.53,0,1,1,0,0,1,후측면,0,,,,,,
497,16.57,0,1,1,0,0,1,후측면,0,,,,,,
498,16.6,0,1,1,0,0,1,후측면,0,,,,,,
499,16.63,0,1,1,0,0,1,후측면,0,,,,,,
500,16.67,0,1,1,0,0,1,후측면,0,,,,,,
501,16.7,0,1,1,0,0,1,후측면,0,,,,,,
502,16.73,0,1,1,0,0,1,후측면,0,,,,,,
503,16.77,0,1,1,0,0,1,후측면,0,,,,,,
504,16.8,0,1,1,0,0,1,후측면,0,,,,,,
505,16.83,0,1,1,0,0,1,후측면,0,,,,,,
506,16.87,0,1,1,0,0,1,후측면,0,,,,,,
507,16.9,0,1,1,0,0,1,후측면,0,,,,,,
508,16.93,0,1,1,0,0,1,후측면,0,,,,,,
509,16.97,0,1,1,0,0,1,후측면,0,,,,,,
510,17.0,0,1,1,0,0,1,후측면,0,,,,,,
511,17.03,0,1,1,0,0,1,후측면,0,,,,,,
512,17.07,0,1,1,0,0,1,후측면,0,,,,,,
513,17.1,0,1,1,0,0,1,후측면,0,,,,,,
514,17.13,0,1,1,0,0,1,후측면,0,,,,,,
515,17.17,0,1,1,0,0,1,후측면,0,,,,,,
516,17.2,0,1,1,0,0,1,후측면,0,,,,,,
517,17.23,0,1,1,0,0,1,후측면,0,,,,,,
518,17.27,0,1,1,0,0,1,후측면,0,,,,,,
519,17.3,0,1,1,0,0,1,후측면,0,,,,,,
520,17.33,0,1,1,0,0,1,후측면,0,,,,,,
521,17.37,0,1,1,0,0,1,후측면,0,,,,,,
522,17.4,0,1,1,0,0,1,후측면,0,,,,,,
523,17.43,0,1,1,0,0,1,후측면,0,,,,,,
524,17.47,0,1,1,0,0,1,후측면,0,,,,,,
525,17.5,0,1,1,0,0,1,후측면,0,,,,,,
526,17.53,0,1,1,0,0,1,후측면,0,,,,,,
527,17.57,0,1,1,0,0,1,후측면,0,,,,,,
528,17.6,0,1,1,0,0,1,후측면,0,,,,,,
529,17.63,0,1,1,0,0,1,후측면,0,,,,,,
530,17.67,0,1,1,0,0,1,후측면,0,,,,,,
531,17.7,0,1,1,0,0,1,후측면,0,,,,,,
532,17.73,0,1,1,0,0,1,후측면,0,,,,,,
533,17.77,0,1,1,0,0,1,후측면,0,,,,,,
534,17.8,0,1,1,0,0,1,후측면,0,,,,,,
535,17.83,0,1,1,0,0,1,후측면,0,,,,,,
536,17.87,0,1,1,0,0,1,후측면,0,,,,,,
537,17.9,0,1,1,0,0,1,후측면,0,,,,,,
538,17.93,0,1,1,0,0,1,후측면,0,,,,,,
539,17.97,0,1,1,0,0,1,후측면,0,,,,,,
540,18.0,0,1,1,0,0,1,후측면,0,,,,,,
541,18.03,0,1,1,0,0,1,후측면,0,,,,,,
542,18.07,0,1,1,0,0,1,후측면,0,,,,,,
543,18.1,0,1,1,0,0,1,후측면,0,,,,,,
544,18.13,0,1,1,0,0,1,후측면,0,,,,,,
545,18.17,0,1,1,0,0,1,후측면,0,,,,,,
546,18.2,0,1,1,0,0,1,후측면,0,,,,,,
547,18.23,0,1,1,0,0,1,후측면,0,,,,,,
548,18.27,0,1,1,0,0,1,후측면,0,,,,,,
549,18.3,0,1,1,0,0,1,후측면,0,,,,,,
550,18.33,0,1,1,0,0,1,후측면,0,,,,,,
551,18.37,0,1,1,0,0,1,후측면,0,,,,,,
552,18.4,0,1,1,0,0,1,후측면,0,,,,,,
553,18.43,0,0,1,0,0,1,후측면,0,,,,,,
554,18.47,0,0,1,0,0,1,후측면,0,,,,,,
555,18.5,0,0,1,0,0,1,후측면,0,,,,,,
556,18.53,0,0,1,0,0,1,후측면,0,,,,,,
557,18.57,0,0,1,0,0,1,후측면,0,,,,,,
558,18.6,0,0,1,0,0,1,후측면,0,,,,,,
559,18.63,0,0,1,0,0,1,후측면,0,,,,,,
560,18.67,0,0,1,0,0,1,후측면,0,,,,,,
561,18.7,0,0,1,0,0,1,후측면,0,,,,,,
562,18.73,0,0,1,0,0,1,후측면,0,,,,,,
563,18.77,0,0,1,0,0,1,후측면,0,,,,,,
564,18.8,0,0,1,0,0,1,후측면,0,,,,,,
565,18.83,0,0,1,0,0,1,후측면,0,,,,,,
566,18.87,0,0,1,0,0,1,후측면,0,,,,,,
567,18.9,0,0,1,0,0,1,후측면,0,,,,,,
568,18.93,0,0,1,0,0,1,후측면,0,,,,,,
569,18.97,0,0,1,0,0,1,후측면,0,,,,,,
570,19.0,0,0,1,0,0,1,후측면,0,,,,,,
571,19.03,0,0,1,0,0,1,후측면,0,,,,,,
572,19.07,0,0,1,0,0,1,후측면,0,,,,,,
573,19.1,0,0,1,0,0,1,후측면,0,,,,,,
574,19.13,0,0,1,0,0,1,후측면,0,,,,,,
575,19.17,0,0,1,0,0,1,후측면,0,,,,,,
576,19.2,0,0,1,0,0,1,후측면,0,,,,,,
577,19.23,0,0,1,0,0,1,후측면,0,,,,,,
578,19.27,0,0,1,0,0,1,후측면,0,,,,,,
579,19.3,0,0,1,0,0,1,후측면,0,,,,,,
580,19.33,0,0,1,0,0,1,후측면,0,,,,,,
581,19.37,0,0,1,0,0,1,후측면,0,,,,,,
582,19.4,0,0,0,0,0,1,후측면,0,,,,,,
583,19.43,0,0,0,0,0,1,후측면,0,,,,,,
584,19.47,0,0,0,0,0,1,후측면,0,,,,,,
585,19.5,0,0,0,0,0,1,후측면,0,,,,,,
586,19.53,0,0,0,0,0,1,후측면,0,,,,,,
587,19.57,0,0,0,0,0,1,후측면,0,,,,,,
588,19.6,0,0,0,0,0,1,후측면,0,,,,,,
589,19.63,0,0,0,0,0,0,후측면,0,,,,,,
590,19.67,0,0,0,0,0,0,후측면,0,,,,,,
591,19.7,0,0,0,0,0,0,후측면,0,,,,,,
592,19.73,0,0,0,0,0,0,후측면,0,,,,,,
593,19.77,0,0,0,0,0,0,후측면,0,,,,,,
594,19.8,0,0,0,0,0,0,후측면,0,,,,,,
595,19.83,0,0,0,0,0,0,후측면,0,,,,,,
596,19.87,0,0,0,0,0,0,후측면,0,,,,,,
597,19.9,0,0,0,0,0,0,후측면,0,,,,,,
598,19.93,0,0,0,0,0,0,후측면,0,,,,,,
599,19.97,0,0,0,0,0,0,후측면,0,,,,,,
600,20.0,0,0,0,0,0,0,후측면,0,,,,,,
601,20.03,0,0,0,0,0,0,후측면,0,,,,,,
602,20.07,0,0,0,0,0,0,후측면,0,,,,,,
603,20.1,0,0,0,0,0,0,후측면,0,,,,,,
604,20.13,0,0,0,0,0,0,후측면,0,,,,,,
605,20.17,0,0,0,0,0,0,후측면,0,,,,,,
606,20.2,0,0,0,0,0,0,후측면,0,,,,,,
607,20.23,0,0,0,0,0,0,후측면,0,,,,,,
608,20.27,0,0,0,0,0,0,후측면,0,,,,,,
609,20.3,0,0,0,0,0,0,후측면,0,,,,,,
610,20.33,0,0,0,0,0,0,후측면,0,,,,,,
611,20.37,0,0,0,0,0,0,후측면,0,,,,,,
612,20.4,0,0,0,0,0,0,후측면,0,,,,,,
613,20.43,0,0,0,0,0,0,후측면,0,,,,,,
614,20.47,0,0,0,0,0,0,후측면,0,,,,,,
615,20.5,0,0,0,0,0,0,후측면,0,,,,,,
616,20.53,0,0,0,0,0,0,후측면,0,,,,,,
617,20.57,0,0,0,0,0,0,후측면,0,,,,,,
618,20.6,0,0,0,0,0,0,후측면,0,,,,,,
619,20.63,0,0,0,0,0,0,후측면,0,,,,,,
620,20.67,0,0,0,0,0,0,후측면,0,,,,,,
621,20.7,0,0,0,0,0,0,후측면,0,,,,,,
622,20.73,0,0,0,0,0,0,후측면,0,,,,,,
623,20.77,0,0,0,0,0,0,후측면,0,,,,,,
624,20.8,0,0,0,0,0,0,후측면,0,,,,,,
625,20.83,0,0,0,0,0,0,후측면,0,,,,,,
626,20.87,0,0,0,0,0,0,후측면,0,,,,,,
627,20.9,0,0,0,0,0,0,후측면,0,,,,,,
628,20.93,0,0,0,0,0,0,후측면,0,,,,,,
629,20.97,0,0,0,0,0,0,후측면,0,,,,,,
630,21.0,0,0,0,0,0,0,후측면,0,,,,,,
631,21.03,0,0,0,0,0,0,후측면,0,,,,,,
632,21.07,0,0,0,0,0,0,후측면,0,,,,,,
633,21.1,0,0,0,0,0,0,후측면,0,,,,,,
634,21.13,0,0,0,0,0,0,후측면,0,,,,,,
635,21.17,0,0,0,0,0,0,후측면,0,,,,,,
636,21.2,0,0,0,0,0,0,후측면,0,,,,,,
637,21.23,0,0,0,0,0,0,후측면,0,,,,,,
638,21.27,0,0,0,0,0,0,후측면,0,,,,,,
639,21.3,0,0,1,0,0,0,후측면,0,,,,,,
640,21.33,0,0,1,0,0,0,후측면,0,,,,,,
641,21.37,0,0,1,0,0,0,후측면,0,,,,,,
642,21.4,0,0,0,0,0,0,후측면,0,,,,,,
643,21.43,0,0,0,0,1,0,후측면,0,,,,,,
644,21.47,0,0,0,0,1,0,후측면,0,,,,,,
645,21.5,0,0,0,0,0,0,후측면,0,,,,,,
646,21.53,0,0,0,0,0,0,후측면,0,,,,,,
647,21.57,0,0,0,0,0,0,후측면,0,,,,,,
648,21.6,0,0,0,0,0,0,후측면,0,,,,,,
649,21.63,0,0,0,0,0,0,후측면,0,,,,,,
650,21.67,0,0,0,0,0,0,후측면,0,,,,,,
651,21.7,0,0,0,0,0,0,후측면,0,,,,,,
652,21.73,0,0,0,0,0,0,후측면,0,,,,,,
653,21.77,0,0,0,0,0,0,후측면,0,,,,,,
654,21.8,0,0,0,0,0,0,후측면,0,,,,,,
655,21.83,0,0,0,0,0,0,후측면,0,,,,,,
656,21.87,0,0,0,0,0,0,후측면,0,,,,,,
657,21.9,0,0,0,0,0,0,후측면,0,,,,,,
658,21.93,0,0,0,0,0,0,후측면,0,,,,,,
659,21.97,0,0,0,0,0,0,후측면,0,,,,,,
660,22.0,0,0,0,0,0,0,후측면,0,,,,,,
661,22.03,0,0,0,0,0,0,후측면,0,,,,,,
662,22.07,0,0,0,0,0,0,후측면,0,,,,,,
663,22.1,0,0,0,0,0,0,후측면,0,,,,,,
664,22.13,0,0,0,0,0,0,후측면,0,,,,,,
665,22.17,0,0,0,0,0,0,후측면,0,,,,,,
666,22.2,0,0,0,0,0,0,후측면,0,,,,,,
667,22.23,0,0,0,0,0,0,후측면,0,,,,,,
668,22.27,0,0,0,0,0,0,후측면,0,,,,,,
669,22.3,0,0,0,0,0,0,후측면,0,,,,,,
670,22.33,0,0,0,0,0,0,후측면,0,,,,,,
671,22.37,0,0,0,0,0,0,후측면,0,,,,,,
672,22.4,0,0,0,0,0,0,후측면,0,,,,,,
673,22.43,0,0,0,0,0,0,후측면,0,,,,,,
674,22.47,0,0,0,0,0,0,후측면,0,,,,,,
675,22.5,0,0,0,0,0,0,후측면,0,,,,,,
676,22.53,0,0,0,0,0,0,후측면,0,,,,,,
677,22.57,0,0,0,0,0,0,후측면,0,,,,,,
678,22.6,0,0,0,0,0,0,후측면,0,,,,,,
679,22.63,0,0,0,0,0,0,후측면,0,,,,,,
680,22.67,0,0,0,0,0,0,후측면,0,,,,,,
681,22.7,0,0,0,0,0,0,후측면,0,,,,,,
682,22.73,0,0,0,0,0,0,후측면,0,,,,,,
683,22.77,0,0,0,0,0,0,후측면,0,,,,,,
684,22.8,0,0,0,0,0,0,후측면,0,,,,,,
685,22.83,0,0,0,0,0,0,후측면,0,,,,,,
686,22.87,0,0,0,0,0,0,후측면,0,,,,,,
687,22.9,0,0,0,0,0,0,후측면,0,,,,,,
688,22.93,0,0,0,0,0,0,후측면,0,,,,,,
689,22.97,0,0,0,0,0,0,후측면,0,,,,,,
690,23.0,0,0,0,0,0,0,후측면,0,,,,,,
691,23.03,0,0,0,0,0,0,후측면,0,,,,,,
692,23.07,0,0,0,0,0,0,후측면,0,,,,,,
693,23.1,0,0,0,0,0,0,후측면,0,,,,,,
694,23.13,0,0,0,0,0,0,후측면,0,,,,,,
695,23.17,0,0,0,0,0,0,후측면,0,,,,,,
696,23.2,0,0,0,0,0,0,후측면,0,,,,,,
697,23.23,0,0,0,0,0,0,후측면,0,,,,,,
698,23.27,0,0,0,0,0,0,후측면,0,,,,,,
699,23.3,0,0,0,0,0,0,후측면,0,,,,,,
700,23.33,0,0,0,0,0,0,후측면,0,,,,,,
701,23.37,0,0,0,0,0,0,후측면,0,,,,,,
702,23.4,0,0,0,0,0,0,후측면,0,,,,,,
703,23.43,0,0,0,0,0,0,후측면,0,,,,,,
704,23.47,0,0,0,0,0,0,후측면,0,,,,,,
705,23.5,0,0,0,0,0,0,후측면,0,,,,,,
706,23.53,0,0,0,0,0,0,후측면,0,,,,,,
707,23.57,0,0,0,0,0,0,후측면,0,,,,,,
708,23.6,0,0,0,0,0,0,후측면,0,,,,,,
709,23.63,0,0,0,0,0,0,후측면,0,,,,,,
710,23.67,0,0,0,0,0,0,후측면,0,,,,,,
711,23.7,0,0,0,0,0,0,후측면,0,,,,,,
712,23.73,0,0,0,0,0,0,후측면,0,,,,,,
713,23.77,0,0,0,0,0,0,후측면,0,,,,,,
714,23.8,0,0,0,0,0,0,후측면,0,,,,,,
715,23.83,0,0,0,0,0,0,후측면,0,,,,,,
716,23.87,0,0,0,0,0,0,후측면,0,,,,,,
717,23.9,0,0,0,0,0,0,후측면,0,,,,,,
718,23.93,0,0,0,0,0,0,후측면,0,,,,,,
719,23.97,0,0,0,0,0,0,후측면,0,,,,,,
720,24.0,0,0,0,0,0,0,후측면,0,,,,,,
721,24.03,0,0,0,0,0,0,후측면,0,,,,,,
722,24.07,0,0,0,0,0,0,후측면,0,,,,,,
723,24.1,0,0,0,0,0,0,후측면,0,,,,,,
724,24.13,0,0,0,0,0,0,후측면,0,,,,,,
725,24.17,0,0,0,0,0,0,후측면,0,,,,,,
726,24.2,0,0,0,0,0,0,후측면,0,,,,,,
727,24.23,0,0,0,0,0,0,후측면,0,,,,,,
728,24.27,0,0,0,0,0,0,후측면,0,,,,,,
729,24.3,0,0,0,0,0,0,후측면,0,,,,,,
730,24.33,0,0,0,0,0,0,후측면,0,,,,,,
731,24.37,0,0,0,0,0,0,후측면,0,,,,,,
732,24.4,0,0,0,0,0,0,후측면,0,,,,,,
733,24.43,0,0,0,0,0,0,후측면,0,,,,,,
734,24.47,0,0,0,0,0,0,후측면,0,,,,,,
735,24.5,0,0,0,0,0,0,후측면,0,,,,,,
736,24.53,0,0,0,0,0,0,후측면,0,,,,,,
737,24.57,0,0,0,0,0,0,후측면,0,,,,,,
738,24.6,0,0,0,0,0,0,후측면,0,,,,,,
739,24.63,0,0,0,0,0,0,후측면,0,,,,,,
740,24.67,0,0,0,0,0,0,후측면,0,,,,,,
741,24.7,0,0,0,0,0,0,후측면,0,,,,,,
742,24.73,0,0,0,0,0,0,후측면,0,,,,,,
743,24.77,0,0,0,0,0,0,후측면,0,,,,,,
744,24.8,0,0,0,0,0,0,후측면,0,,,,,,
745,24.83,0,0,0,0,0,0,후측면,0,,,,,,
746,24.87,0,0,0,0,0,0,후측면,0,,,,,,
747,24.9,0,0,0,0,0,0,후측면,0,,,,,,
748,24.93,0,0,0,0,0,0,후측면,0,,,,,,
749,24.97,0,0,0,0,0,0,후측면,0,,,,,,
750,25.0,0,0,0,0,0,0,후측면,0,,,,,,
751,25.03,0,1,0,0,0,0,후측면,0,,,,,,
752,25.07,0,0,0,0,0,0,후측면,0,,,,,,
753,25.1,0,0,0,0,0,0,후측면,0,,,,,,
754,25.13,0,0,0,0,0,0,후측면,0,,,,,,
755,25.17,0,0,0,0,0,0,후측면,0,,,,,,
756,25.2,0,0,0,0,0,0,후측면,0,,,,,,
757,25.23,0,0,0,0,0,0,후측면,0,,,,,,
758,25.27,0,0,0,0,0,0,후측면,0,,,,,,
759,25.3,0,0,0,0,0,0,후측면,0,,,,,,
760,25.33,0,0,0,0,0,0,후측면,0,,,,,,
761,25.37,0,0,0,0,0,0,후측면,0,,,,,,
762,25.4,0,0,0,0,0,0,후측면,0,,,,,,
763,25.43,0,0,0,0,0,0,후측면,0,,,,,,
764,25.47,0,1,0,0,0,0,후측면,0,,,,,,
765,25.5,0,2,0,0,0,0,후측면,0,,,,,,
766,25.53,0,2,0,0,0,0,후측면,0,,,,,,
767,25.57,0,1,0,0,0,0,후측면,0,,,,,,
768,25.6,0,0,0,0,0,0,후측면,0,,,,,,
769,25.63,0,0,0,0,0,0,후측면,0,,,,,,
770,25.67,0,0,0,0,0,0,후측면,0,,,,,,
771,25.7,0,0,0,0,0,0,후측면,0,,,,,,
772,25.73,0,0,0,0,0,0,후측면,0,,,,,,
773,25.77,0,0,0,0,0,0,후측면,0,,,,,,
774,25.8,0,0,0,0,0,0,후측면,0,,,,,,
775,25.83,0,0,0,0,0,0,후측면,0,,,,,,
776,25.87,0,1,0,0,0,0,후측면,0,,,,,,
777,25.9,0,0,0,0,0,0,후측면,0,,,,,,
778,25.93,0,0,0,0,0,0,후측면,0,,,,,,
779,25.97,0,0,0,0,0,0,후측면,0,,,,,,
780,26.0,0,0,0,0,0,0,후측면,0,,,,,,
781,26.03,0,0,0,0,0,0,후측면,0,,,,,,
782,26.07,0,0,0,0,0,0,후측면,0,,,,,,
783,26.1,0,0,0,0,0,0,후측면,0,,,,,,
784,26.13,0,0,0,0,0,0,후측면,0,,,,,,
785,26.17,0,0,0,0,0,0,후측면,0,,,,,,
786,26.2,0,0,0,0,0,0,후측면,0,,,,,,
787,26.23,0,0,0,0,0,0,후측면,0,,,,,,
788,26.27,0,0,0,0,0,0,후측면,0,,,,,,
789,26.3,0,0,0,0,0,0,후측면,0,,,,,,
790,26.33,0,0,0,0,0,0,후측면,0,,,,,,
791,26.37,0,0,0,0,0,0,후측면,0,,,,,,
792,26.4,0,0,0,0,0,0,후측면,0,,,,,,
793,26.43,0,0,0,0,0,0,후측면,0,,,,,,
794,26.47,0,0,0,0,0,0,후측면,0,,,,,,
795,26.5,0,0,0,0,0,0,후측면,0,,,,,,
796,26.53,0,0,0,0,0,0,후측면,0,,,,,,
797,26.57,0,0,0,0,0,0,후측면,0,,,,,,
798,26.6,0,0,0,0,0,0,후측면,0,,,,,,
799,26.63,0,0,0,0,0,0,후측면,0,,,,,,
800,26.67,0,0,0,0,0,0,후측면,0,,,,,,
801,26.7,0,0,0,0,0,0,후측면,0,,,,,,
802,26.73,0,0,0,0,0,0,후측면,0,,,,,,
803,26.77,0,0,0,0,0,0,후측면,0,,,,,,
804,26.8,0,0,0,0,0,0,후측면,0,,,,,,
805,26.83,0,0,0,0,0,0,후측면,0,,,,,,
806,26.87,0,0,0,0,0,0,후측면,0,,,,,,
807,26.9,0,0,0,0,0,0,후측면,0,,,,,,
808,26.93,0,0,0,0,0,0,후측면,0,,,,,,
809,26.97,0,0,0,0,0,0,후측면,0,,,,,,
810,27.0,0,0,0,0,0,0,후측면,0,,,,,,
811,27.03,0,0,0,0,0,0,후측면,0,,,,,,
812,27.07,0,0,0,0,0,0,후측면,0,,,,,,
813,27.1,0,0,0,0,0,0,후측면,0,,,,,,
814,27.13,0,0,0,0,0,0,후측면,0,,,,,,
815,27.17,0,0,0,0,0,0,후측면,0,,,,,,
816,27.2,0,0,0,0,0,0,후측면,0,,,,,,
817,27.23,0,0,0,0,0,0,후측면,0,,,,,,
818,27.27,0,0,0,0,0,0,후측면,0,,,,,,
819,27.3,0,0,0,0,0,0,후측면,0,,,,,,
820,27.33,0,0,0,0,0,0,후측면,0,,,,,,
821,27.37,0,0,0,0,2,0,후측면,0,,,,,,
822,27.4,0,0,0,0,0,1,후측면,0,,,,,,
823,27.43,0,0,0,0,0,1,후측면,0,,,,,,
824,27.47,0,0,0,0,0,1,후측면,0,,,,,,
825,27.5,0,0,0,0,0,0,후측면,0,,,,,,
826,27.53,0,0,0,0,0,0,후측면,0,,,,,,
827,27.57,0,0,0,0,0,0,후측면,0,,,,,,
828,27.6,0,0,0,0,0,1,후측면,0,,,,,,
829,27.63,0,0,0,0,0,0,후측면,0,,,,,,
830,27.67,0,0,0,1,0,1,후측면,0,,,,,,
831,27.7,0,0,0,0,0,0,후측면,0,,,,,,
832,27.73,0,0,0,1,0,0,후측면,1,1.072,-72.2,-31.6,-1.021,0.327,-49.3
833,27.77,0,0,0,1,0,0,후측면,0,,,,,,
834,27.8,0,0,0,1,0,0,후측면,1,1.074,-72.1,-31.1,-1.022,0.331,-49.1
835,27.83,0,0,0,1,0,1,후측면,1,1.084,-71.9,-30.7,-0.975,0.511,-48.7
836,27.87,0,0,0,1,0,1,후측면,1,1.092,-71.8,-30.1,-0.982,0.517,-48.3
837,27.9,0,0,0,1,0,1,후측면,1,1.1,-71.8,-29.6,-0.988,0.521,-47.8
838,27.93,0,0,0,1,0,1,후측면,1,1.108,-72.0,-29.1,-0.997,0.521,-47.1
839,27.97,0,0,0,1,0,1,후측면,1,1.117,-72.0,-28.6,-1.005,0.526,-46.6
840,28.0,0,0,0,1,0,1,후측면,1,1.123,-71.7,-28.0,-1.007,0.534,-46.3
841,28.03,0,0,0,1,0,1,후측면,1,1.131,-71.8,-27.5,-1.015,0.536,-45.7
842,28.07,0,0,0,1,0,1,후측면,1,1.14,-71.9,-27.0,-1.025,0.539,-45.1
843,28.1,0,0,0,1,0,1,후측면,1,1.152,-71.8,-26.4,-1.034,0.544,-44.6
844,28.13,0,0,0,1,0,1,후측면,1,1.161,-72.0,-25.9,-1.045,0.545,-43.9
845,28.17,0,0,0,1,0,1,후측면,1,1.165,-72.2,-25.4,-1.05,0.544,-43.2
846,28.2,0,0,0,1,0,3,후측면,1,1.167,-72.0,-24.8,-1.139,0.318,-42.8
847,28.23,1,0,0,1,0,3,후측면,1,1.167,-72.2,-24.3,-1.08,0.475,-42.1
848,28.27,1,0,0,1,0,2,후측면,1,1.172,-72.5,-23.8,-1.116,0.386,-41.3
849,28.3,0,0,0,1,0,2,후측면,1,1.179,-72.4,-23.3,-1.122,0.389,-40.8
850,28.33,0,0,0,1,0,3,후면,1,1.182,-72.7,-22.8,-1.096,0.472,-40.1
851,28.37,1,0,0,1,0,2,후면,1,1.183,-72.8,-22.2,-1.127,0.382,-39.4
852,28.4,1,0,0,1,2,2,후면,1,1.186,-72.9,-21.7,-1.131,0.38,-38.8
853,28.43,1,0,0,1,2,3,후면,0,1.177,-72.9,-21.2,-1.093,0.465,-38.2
854,28.47,1,0,0,1,1,3,후면,1,1.178,-72.7,-20.6,-1.092,0.47,-37.9
855,28.5,1,0,0,1,1,2,후면,1,1.183,-72.5,-20.0,-1.126,0.386,-37.5
856,28.53,1,0,0,1,1,2,후면,1,1.18,-72.6,-19.5,-1.122,0.385,-36.9
857,28.57,1,0,0,1,1,3,후면,1,1.185,-72.0,-18.9,-1.095,0.483,-36.8
858,28.6,1,0,0,1,1,2,후면,1,1.18,-72.0,-18.3,-1.121,0.393,-36.3
859,28.63,1,0,0,1,1,1,후면,1,1.184,-72.3,-17.9,-1.186,0.211,-35.6
860,28.67,1,0,0,1,1,3,후면,1,1.184,-72.3,-17.4,-1.095,0.478,-35.1
861,28.7,1,0,0,1,1,2,후면,1,1.187,-72.1,-16.9,-1.127,0.395,-34.8
862,28.73,1,0,0,1,1,1,후면,1,1.187,-71.7,-16.3,-1.189,0.22,-34.6
863,28.77,1,0,0,1,1,2,후면,1,1.197,-71.9,-15.8,-1.135,0.401,-33.9
864,28.8,1,0,0,1,1,3,후면,1,1.203,-71.8,-15.3,-1.107,0.496,-33.5
865,28.83,1,0,0,1,1,2,후면,1,1.203,-71.4,-14.8,-1.138,0.411,-33.3
866,28.87,1,0,0,1,1,2,후면,1,1.205,-71.3,-14.2,-1.139,0.416,-32.9
867,28.9,1,0,0,1,1,2,후면,1,1.204,-71.8,-13.8,-1.14,0.406,-32.0
868,28.93,0,0,0,1,1,2,후면,1,1.221,-71.6,-13.2,-1.154,0.415,-31.6
869,28.97,1,0,0,1,1,1,후면,1,1.22,-71.7,-12.7,-1.22,0.225,-30.9
870,29.0,1,0,0,1,1,3,후면,0,1.229,-71.7,-12.2,-1.13,0.51,-30.5
871,29.03,1,0,0,1,1,3,후면,0,1.235,-71.7,-11.8,-1.135,0.511,-30.1
872,29.07,1,0,0,1,1,2,후면,1,1.236,-71.7,-11.3,-1.17,0.416,-29.6
873,29.1,1,0,0,1,1,2,후면,1,1.234,-71.6,-10.9,-1.168,0.416,-29.3
874,29.13,1,0,0,1,1,1,후면,1,1.234,-71.8,-10.5,-1.234,0.225,-28.7
875,29.17,1,0,0,1,1,1,후면,1,1.231,-71.7,-10.1,-1.231,0.226,-28.4
876,29.2,1,0,0,1,1,2,후면,1,1.231,-71.9,-9.8,-1.168,0.406,-27.9
877,29.23,1,0,0,1,1,2,후면,1,1.224,-72.4,-9.6,-1.164,0.393,-27.2
878,29.27,1,0,0,1,1,2,후면,1,1.222,-72.7,-9.4,-1.164,0.387,-26.7
879,29.3,1,0,0,1,1,2,후면,0,1.221,-72.7,-9.2,-1.164,0.385,-26.5
880,29.33,1,0,0,0,1,2,후면,0,,,,,,
881,29.37,1,0,0,1,1,2,후면,1,1.231,-72.2,-8.9,-1.17,0.399,-26.7
882,29.4,1,0,0,1,1,3,후면,1,1.231,-72.0,-8.6,-1.139,0.491,-26.6
883,29.43,1,0,0,0,1,2,후면,0,,,,,,
884,29.47,1,0,0,0,1,2,후면,0,,,,,,
885,29.5,1,0,0,1,1,2,후면,1,1.22,-71.5,-8.2,-1.157,0.405,-26.6
886,29.53,1,0,0,0,1,2,후면,0,,,,,,
887,29.57,1,0,0,1,1,2,후면,1,1.223,-71.9,-8.0,-1.163,0.398,-26.1
888,29.6,1,0,0,1,1,2,후면,1,1.225,-72.2,-7.9,-1.167,0.389,-25.7
889,29.63,1,0,0,1,1,2,후면,0,1.224,-72.2,-7.8,-1.167,0.388,-25.6
890,29.67,1,0,0,1,1,2,후면,0,1.222,-72.2,-7.8,-1.165,0.386,-25.5
891,29.7,1,0,0,1,1,2,후면,1,1.224,-72.0,-7.7,-1.166,0.39,-25.7
892,29.73,1,0,0,0,1,2,후면,0,,,,,,
893,29.77,1,0,0,1,1,2,후면,1,1.229,-72.2,-7.8,-1.173,0.385,-25.5
894,29.8,1,0,0,1,1,3,후면,1,1.228,-72.4,-7.9,-1.143,0.469,-25.5
895,29.83,1,0,0,1,1,2,후면,1,1.232,-72.2,-8.0,-1.175,0.387,-25.8
896,29.87,1,0,0,1,1,2,후면,1,1.228,-72.1,-8.1,-1.172,0.385,-26.0
897,29.9,1,0,0,1,1,3,후면,0,1.222,-72.1,-8.3,-1.138,0.47,-26.2
898,29.93,1,0,0,1,1,2,후면,1,1.233,-72.4,-8.5,-1.178,0.38,-26.1
899,29.97,1,0,0,1,1,2,후면,1,1.231,-72.4,-8.7,-1.176,0.38,-26.3
900,30.0,1,0,0,1,1,1,후면,1,1.227,-72.2,-8.9,-1.228,0.21,-26.7
901,30.03,1,0,0,1,1,2,후면,1,1.216,-72.0,-9.1,-1.161,0.38,-27.1
902,30.07,1,0,0,1,1,2,후면,1,1.217,-71.7,-9.4,-1.161,0.385,-27.6
903,30.1,1,0,0,0,1,3,후면,0,,,,,,
904,30.13,1,0,0,1,1,2,후면,0,1.211,-71.7,-9.8,-1.157,0.379,-28.1
905,30.17,1,0,0,1,1,1,후면,1,1.205,-72.1,-10.3,-1.207,0.205,-28.1
906,30.2,1,0,0,1,1,2,후면,1,1.206,-72.1,-10.7,-1.154,0.371,-28.6
907,30.23,1,0,0,1,1,3,후면,1,1.206,-72.1,-11.1,-1.127,0.452,-29.0
908,30.27,1,0,0,1,1,2,후면,0,1.208,-72.1,-11.7,-1.156,0.37,-29.6
909,30.3,1,0,0,1,1,2,후면,1,1.206,-71.9,-12.1,-1.155,0.37,-30.2
910,30.33,1,0,0,1,1,2,후면,1,1.211,-72.1,-12.7,-1.161,0.367,-30.6
911,30.37,1,0,0,1,1,1,후면,0,1.214,-72.1,-13.3,-1.217,0.206,-31.2
912,30.4,0,0,0,1,1,1,후면,0,1.218,-72.1,-13.9,-1.22,0.205,-31.8
913,30.43,1,0,0,1,1,2,후면,0,1.218,-72.1,-14.6,-1.169,0.365,-32.5
914,30.47,1,0,0,1,1,1,후면,0,1.218,-72.1,-15.4,-1.22,0.206,-33.3
915,30.5,1,0,0,1,1,2,후면,0,1.226,-72.1,-16.2,-1.177,0.366,-34.1
916,30.53,1,0,0,1,2,1,후면,0,1.232,-72.1,-16.9,-1.233,0.209,-34.8
917,30.57,1,0,0,1,2,2,후면,0,1.236,-72.1,-17.7,-1.187,0.367,-35.6
918,30.6,1,0,0,1,1,1,후면,0,1.235,-72.1,-18.5,-1.236,0.211,-36.4
919,30.63,1,0,0,1,0,2,후면,0,1.235,-72.1,-19.3,-1.186,0.368,-37.2
920,30.67,1,0,0,1,0,1,후면,0,1.23,-72.1,-20.2,-1.231,0.215,-38.1
921,30.7,1,0,0,1,0,1,후면,0,1.227,-72.1,-21.1,-1.227,0.217,-39.0
922,30.73,1,0,0,1,0,3,후면,0,1.218,-72.1,-21.9,-1.249,0.138,-39.8
923,30.77,1,0,0,1,0,0,후면,0,1.21,-72.1,-22.7,-1.152,0.372,-40.6
924,30.8,1,0,0,1,0,0,후면,0,1.205,-72.1,-23.6,-1.146,0.37,-41.5
925,30.83,1,0,0,1,0,0,후면,0,1.192,-72.1,-24.4,-1.134,0.366,-42.3
926,30.87,1,0,0,1,0,0,후면,0,1.18,-72.1,-25.2,-1.123,0.362,-43.1
927,30.9,1,0,0,1,0,0,후면,0,1.164,-72.1,-26.1,-1.107,0.357,-44.0
928,30.93,0,0,0,1,0,0,후면,0,1.15,-72.1,-26.9,-1.094,0.353,-44.8
929,30.97,0,0,0,1,0,0,후면,0,1.139,-72.1,-27.7,-1.084,0.35,-45.6
930,31.0,0,0,0,1,0,0,후면,1,1.123,-72.6,-28.5,-1.072,0.335,-45.9
931,31.03,0,0,0,1,0,1,후면,1,1.11,-72.8,-29.4,-1.023,0.464,-46.6
932,31.07,1,0,0,1,0,0,후면,0,,,,,,
933,31.1,1,0,0,1,0,1,후면,0,,,,,,
934,31.13,0,0,0,1,0,1,후면,0,,,,,,
935,31.17,0,0,0,1,0,0,후면,0,,,,,,
936,31.2,0,0,0,0,0,0,후면,0,,,,,,
937,31.23,1,0,0,0,0,0,후면,0,,,,,,
938,31.27,0,0,0,0,0,1,후면,0,,,,,,
939,31.3,0,0,0,0,0,0,후면,0,,,,,,
940,31.33,0,0,0,0,0,1,후면,0,,,,,,
941,31.37,0,0,0,0,0,1,후면,0,,,,,,
942,31.4,0,0,0,0,0,1,후면,0,,,,,,
943,31.43,0,0,0,0,0,1,후면,0,,,,,,
944,31.47,0,0,0,0,0,1,후면,0,,,,,,
945,31.5,0,0,0,0,0,0,후면,0,,,,,,
946,31.53,0,0,0,0,0,0,후면,0,,,,,,
947,31.57,0,0,0,0,0,0,후면,0,,,,,,
948,31.6,0,0,0,0,0,0,후면,0,,,,,,
949,31.63,0,0,0,0,0,0,후면,0,,,,,,
950,31.67,0,0,0,0,0,0,후면,0,,,,,,
951,31.7,0,0,0,0,0,0,후면,0,,,,,,
952,31.73,0,0,0,0,0,0,후면,0,,,,,,
953,31.77,0,0,0,0,0,0,후면,0,,,,,,
954,31.8,0,0,0,0,0,0,후면,0,,,,,,
955,31.83,0,0,0,0,0,0,후면,0,,,,,,
956,31.87,0,0,0,0,0,0,후면,0,,,,,,
957,31.9,0,0,0,0,0,0,후면,0,,,,,,
958,31.93,0,0,0,0,0,0,후면,0,,,,,,
959,31.97,0,0,0,0,0,0,후면,0,,,,,,
960,32.0,0,0,0,0,0,0,후면,0,,,,,,
961,32.03,0,0,0,0,0,0,후면,0,,,,,,
962,32.07,0,0,0,0,0,0,후면,0,,,,,,
963,32.1,0,0,0,0,0,0,후면,0,,,,,,
964,32.13,0,0,0,0,0,0,후면,0,,,,,,
965,32.17,0,0,0,0,0,0,후면,0,,,,,,
966,32.2,0,0,0,0,0,0,후면,0,,,,,,
967,32.23,0,0,0,0,0,0,후면,0,,,,,,
968,32.27,0,0,0,0,0,0,후면,0,,,,,,
969,32.3,0,0,0,0,0,0,후면,0,,,,,,
970,32.33,0,0,0,0,0,0,후면,0,,,,,,
971,32.37,0,0,0,0,0,0,후면,0,,,,,,
972,32.4,0,0,0,0,0,0,후면,0,,,,,,
973,32.43,0,0,0,0,0,0,후면,0,,,,,,
974,32.47,0,0,0,0,0,0,후면,0,,,,,,
975,32.5,0,0,0,0,0,0,후면,0,,,,,,
976,32.53,0,0,0,0,0,0,후면,0,,,,,,
977,32.57,0,0,0,0,0,0,후면,0,,,,,,
978,32.6,0,0,0,0,0,0,후면,0,,,,,,
979,32.63,0,0,0,0,0,0,후면,0,,,,,,
980,32.67,0,0,0,0,0,0,후면,0,,,,,,
981,32.7,0,0,0,0,0,0,후면,0,,,,,,
982,32.73,0,0,0,0,0,0,후면,0,,,,,,
983,32.77,0,0,0,0,0,0,후면,0,,,,,,
984,32.8,0,0,0,0,0,0,후면,0,,,,,,
985,32.83,0,0,0,0,0,0,후면,0,,,,,,
986,32.87,0,0,0,0,0,0,후면,0,,,,,,
987,32.9,0,0,0,0,0,0,후면,0,,,,,,
988,32.93,0,0,0,0,0,0,후면,0,,,,,,
989,32.97,0,0,0,0,0,0,후면,0,,,,,,
990,33.0,0,0,0,0,0,0,후면,0,,,,,,
991,33.03,0,0,0,0,0,0,후면,0,,,,,,
992,33.07,0,0,0,0,0,0,후면,0,,,,,,
993,33.1,0,0,0,0,0,0,후면,0,,,,,,
994,33.13,0,0,0,0,0,0,후면,0,,,,,,
995,33.17,0,0,0,0,0,0,후면,0,,,,,,
996,33.2,0,0,0,0,0,0,후면,0,,,,,,
997,33.23,0,0,0,0,0,0,후면,0,,,,,,
998,33.27,0,0,0,0,0,0,후면,0,,,,,,
999,33.3,0,0,0,0,0,0,후면,0,,,,,,
1000,33.33,0,0,0,0,0,0,후면,0,,,,,,
1001,33.37,0,0,0,0,0,0,후면,0,,,,,,
1002,33.4,0,0,0,0,0,0,후면,0,,,,,,
1003,33.43,0,0,0,0,0,0,후면,0,,,,,,
1004,33.47,0,0,0,0,0,0,후면,0,,,,,,
1005,33.5,0,0,0,0,0,0,후면,0,,,,,,
1006,33.53,0,0,0,0,0,0,후면,0,,,,,,
1007,33.57,0,0,0,0,0,0,후면,0,,,,,,
1008,33.6,0,0,0,0,0,0,후면,0,,,,,,
1009,33.63,0,0,0,0,0,0,후면,0,,,,,,
1010,33.67,0,0,0,0,0,0,후면,0,,,,,,
1011,33.7,0,0,0,0,0,0,후면,0,,,,,,
1012,33.73,0,0,0,0,0,0,후면,0,,,,,,
1013,33.77,0,0,0,0,0,0,후면,0,,,,,,
1014,33.8,0,0,0,0,0,0,후면,0,,,,,,
1015,33.83,0,0,0,0,0,0,후면,0,,,,,,
1016,33.87,0,0,0,0,0,0,후면,0,,,,,,
1017,33.9,0,0,0,0,0,0,후면,0,,,,,,
1018,33.93,0,0,0,0,0,0,후면,0,,,,,,
1019,33.97,0,0,0,0,0,0,후면,0,,,,,,
1020,34.0,0,0,0,0,0,0,후면,0,,,,,,
1021,34.03,0,0,0,0,0,0,후면,0,,,,,,
1022,34.07,0,0,0,0,0,0,후면,0,,,,,,
1023,34.1,0,0,0,0,0,0,후면,0,,,,,,
1024,34.13,0,0,0,0,0,0,후면,0,,,,,,
1025,34.17,0,0,0,0,0,0,후면,0,,,,,,
1026,34.2,0,0,0,0,0,0,후면,0,,,,,,
1027,34.23,0,0,0,0,0,0,후면,0,,,,,,
1028,34.27,0,0,0,0,0,0,후면,0,,,,,,
1029,34.3,0,0,0,0,0,0,후면,0,,,,,,
1030,34.33,0,0,0,0,0,0,후면,0,,,,,,
1031,34.37,0,1,0,0,0,0,후면,0,,,,,,
1032,34.4,0,2,0,0,0,0,후면,0,,,,,,
1033,34.43,0,2,0,0,0,0,후면,0,,,,,,
1034,34.47,0,1,0,0,0,0,후면,0,,,,,,
1035,34.5,0,2,0,0,0,0,측면(불확실),0,,,,,,
1036,34.53,0,0,0,0,0,0,측면(불확실),0,,,,,,
1037,34.57,0,0,0,0,0,0,측면(불확실),0,,,,,,
1038,34.6,0,0,0,0,0,0,측면(불확실),0,,,,,,
1039,34.63,0,0,0,0,0,0,측면(불확실),0,,,,,,
1040,34.67,0,0,0,0,0,0,측면(불확실),0,,,,,,
1041,34.7,0,0,0,0,0,0,측면(불확실),0,,,,,,
1042,34.73,0,0,0,0,0,0,측면(불확실),0,,,,,,
1043,34.77,0,0,0,0,0,0,측면(불확실),0,,,,,,
1044,34.8,0,0,0,0,0,0,측면(불확실),0,,,,,,
1045,34.83,0,0,0,0,0,0,측면(불확실),0,,,,,,
1046,34.87,0,0,0,0,0,0,측면(불확실),0,,,,,,
1047,34.9,0,0,0,0,0,0,측면(불확실),0,,,,,,
1048,34.93,0,0,0,0,0,0,측면(불확실),0,,,,,,
1049,34.97,0,0,0,0,0,0,측면(불확실),0,,,,,,
1050,35.0,0,0,0,0,0,0,측면(불확실),0,,,,,,
1051,35.03,0,0,0,0,0,0,측면(불확실),0,,,,,,
1052,35.07,0,0,0,0,0,0,측면(불확실),0,,,,,,
1053,35.1,0,0,0,0,0,0,측면(불확실),0,,,,,,
1054,35.13,0,0,0,0,0,0,측면(불확실),0,,,,,,
1055,35.17,0,0,0,0,0,0,측면(불확실),0,,,,,,
1056,35.2,0,0,0,0,0,0,측면(불확실),0,,,,,,
1057,35.23,0,0,0,0,0,0,측면(불확실),0,,,,,,
1058,35.27,0,0,0,0,0,0,측면(불확실),0,,,,,,
1059,35.3,0,0,0,0,0,0,측면(불확실),0,,,,,,
1060,35.33,0,0,0,0,0,0,측면(불확실),0,,,,,,
1061,35.37,0,0,0,0,0,0,측면(불확실),0,,,,,,
1062,35.4,0,0,0,0,0,0,측면(불확실),0,,,,,,
1063,35.43,0,0,0,0,0,0,측면(불확실),0,,,,,,
1064,35.47,0,0,0,0,0,0,측면(불확실),0,,,,,,
1065,35.5,0,0,0,0,0,0,측면(불확실),0,,,,,,
1066,35.53,0,0,0,0,0,0,측면(불확실),0,,,,,,
1067,35.57,0,0,0,0,0,0,측면(불확실),0,,,,,,
1068,35.6,0,0,0,0,0,0,측면(불확실),0,,,,,,
1069,35.63,0,0,0,0,1,0,측면(불확실),0,,,,,,
1070,35.67,0,0,0,0,0,0,측면(불확실),0,,,,,,
1071,35.7,0,0,0,0,0,0,측면(불확실),0,,,,,,
1072,35.73,0,0,0,0,0,0,측면(불확실),0,,,,,,
1073,35.77,0,0,0,0,0,0,측면(불확실),0,,,,,,
1074,35.8,0,0,0,0,0,0,측면(불확실),0,,,,,,
1075,35.83,0,0,0,0,0,0,측면(불확실),0,,,,,,
1076,35.87,0,0,0,0,0,0,측면(불확실),0,,,,,,
1077,35.9,0,0,0,0,0,0,측면(불확실),0,,,,,,
1078,35.93,0,0,0,0,0,0,측면(불확실),0,,,,,,
1079,35.97,0,0,0,0,0,0,측면(불확실),0,,,,,,
1080,36.0,0,0,0,0,0,0,측면(불확실),0,,,,,,
1081,36.03,0,0,0,0,0,0,측면(불확실),0,,,,,,
1082,36.07,0,0,0,0,0,0,측면(불확실),0,,,,,,
1083,36.1,0,0,0,0,0,0,측면(불확실),0,,,,,,
1084,36.13,0,0,0,0,0,0,측면(불확실),0,,,,,,
1085,36.17,0,0,0,0,0,0,측면(불확실),0,,,,,,
1086,36.2,0,0,0,0,0,0,측면(불확실),0,,,,,,
1087,36.23,0,0,0,0,0,0,측면(불확실),0,,,,,,
1088,36.27,0,0,0,0,0,0,측면(불확실),0,,,,,,
1089,36.3,0,0,0,0,0,0,측면(불확실),0,,,,,,
1090,36.33,0,0,0,0,0,0,측면(불확실),0,,,,,,
1091,36.37,0,0,0,0,0,0,측면(불확실),0,,,,,,
1092,36.4,0,0,0,0,0,0,측면(불확실),0,,,,,,
1093,36.43,0,0,0,0,0,0,측면(불확실),0,,,,,,
1094,36.47,0,0,0,0,0,0,측면(불확실),0,,,,,,
1095,36.5,0,0,0,0,0,0,측면(불확실),0,,,,,,
1096,36.53,0,0,0,0,0,0,측면(불확실),0,,,,,,
1097,36.57,0,0,0,0,0,0,측면(불확실),0,,,,,,
1098,36.6,0,0,0,0,0,0,측면(불확실),0,,,,,,
1099,36.63,0,0,0,0,0,0,측면(불확실),0,,,,,,
1100,36.67,0,0,0,0,0,0,측면(불확실),0,,,,,,
1101,36.7,0,0,0,0,0,0,측면(불확실),0,,,,,,
1102,36.73,0,0,0,0,0,0,측면(불확실),0,,,,,,
1103,36.77,0,0,0,0,0,0,측면(불확실),0,,,,,,
1104,36.8,0,0,0,0,0,0,측면(불확실),0,,,,,,
1105,36.83,0,0,0,0,0,0,측면(불확실),0,,,,,,
1106,36.87,0,0,0,0,0,0,측면(불확실),0,,,,,,
1107,36.9,0,0,0,0,0,0,측면(불확실),0,,,,,,
1108,36.93,0,0,0,0,0,0,측면(불확실),0,,,,,,
1109,36.97,0,0,0,0,0,0,측면(불확실),0,,,,,,
1110,37.0,0,0,0,0,0,0,측면(불확실),0,,,,,,
1111,37.03,0,0,0,0,0,0,측면(불확실),0,,,,,,
1112,37.07,0,0,0,0,0,0,측면(불확실),0,,,,,,
1113,37.1,0,0,0,0,0,0,측면(불확실),0,,,,,,
1114,37.13,0,0,0,0,0,0,측면(불확실),0,,,,,,
1115,37.17,0,0,0,0,0,0,측면(불확실),0,,,,,,
1116,37.2,0,0,0,0,0,0,측면(불확실),0,,,,,,
1117,37.23,0,0,0,0,0,0,측면(불확실),0,,,,,,
1118,37.27,0,0,0,0,0,0,측면(불확실),0,,,,,,
1119,37.3,0,0,0,0,0,0,측면(불확실),0,,,,,,
1120,37.33,0,0,0,0,0,0,측면(불확실),0,,,,,,
1121,37.37,0,0,0,0,0,0,측면(불확실),0,,,,,,
1122,37.4,0,0,0,0,0,0,측면(불확실),0,,,,,,
1123,37.43,0,0,0,0,0,0,측면(불확실),0,,,,,,
1124,37.47,0,0,0,0,0,0,측면(불확실),0,,,,,,
1125,37.5,0,0,0,0,0,0,측면(불확실),0,,,,,,
1126,37.53,0,0,0,0,0,0,측면(불확실),0,,,,,,
1127,37.57,0,0,0,0,0,0,측면(불확실),0,,,,,,
1128,37.6,0,0,0,0,0,0,측면(불확실),0,,,,,,
1129,37.63,0,0,0,0,0,0,측면(불확실),0,,,,,,
1130,37.67,0,0,0,0,0,0,측면(불확실),0,,,,,,
1131,37.7,0,0,0,0,0,0,측면(불확실),0,,,,,,
1132,37.73,0,0,0,0,0,0,측면(불확실),0,,,,,,
1133,37.77,0,0,0,0,0,0,측면(불확실),0,,,,,,
1134,37.8,0,0,0,0,0,0,측면(불확실),0,,,,,,
1135,37.83,0,0,0,0,0,0,측면(불확실),0,,,,,,
1136,37.87,0,0,0,0,0,0,측면(불확실),0,,,,,,
1137,37.9,0,0,0,0,0,0,측면(불확실),0,,,,,,
1138,37.93,0,0,0,0,0,0,측면(불확실),0,,,,,,
1139,37.97,0,0,0,0,0,0,측면(불확실),0,,,,,,
1140,38.0,0,0,0,0,0,0,측면(불확실),0,,,,,,
1141,38.03,0,0,0,0,0,0,측면(불확실),0,,,,,,
1142,38.07,0,0,0,0,0,0,측면(불확실),0,,,,,,
1143,38.1,0,0,0,0,0,0,측면(불확실),0,,,,,,
1144,38.13,0,0,0,0,0,0,측면(불확실),0,,,,,,
1145,38.17,0,0,0,0,0,0,측면(불확실),0,,,,,,
1146,38.2,0,0,0,0,0,0,측면(불확실),0,,,,,,
1147,38.23,0,0,0,0,0,0,측면(불확실),0,,,,,,
1148,38.27,0,0,0,0,0,0,측면(불확실),0,,,,,,
1149,38.3,0,0,0,0,0,0,측면(불확실),0,,,,,,
1150,38.33,0,0,0,0,0,0,측면(불확실),0,,,,,,
1151,38.37,0,0,0,0,0,0,측면(불확실),0,,,,,,
1152,38.4,0,0,0,0,0,0,측면(불확실),0,,,,,,
1153,38.43,0,0,0,0,0,0,측면(불확실),0,,,,,,
1154,38.47,0,0,0,0,0,0,측면(불확실),0,,,,,,
1155,38.5,0,0,0,0,0,0,측면(불확실),0,,,,,,
1156,38.53,0,0,0,0,0,0,측면(불확실),0,,,,,,
1157,38.57,0,0,0,0,0,0,측면(불확실),0,,,,,,
1158,38.6,0,0,0,0,0,0,측면(불확실),0,,,,,,
1159,38.63,0,1,0,0,0,0,측면(불확실),0,,,,,,
1160,38.67,0,0,0,0,0,0,측면(불확실),0,,,,,,
1161,38.7,0,0,0,0,0,0,측면(불확실),0,,,,,,
1162,38.73,0,0,0,0,0,0,측면(불확실),0,,,,,,
1163,38.77,0,0,0,0,0,0,측면(불확실),0,,,,,,
1164,38.8,0,0,0,0,0,0,측면(불확실),0,,,,,,
1165,38.83,0,0,0,0,0,3,측면(불확실),0,,,,,,
1166,38.87,0,0,0,0,0,2,측면(불확실),0,,,,,,
1167,38.9,0,1,0,0,0,2,측면(불확실),0,,,,,,
1168,38.93,0,0,0,0,0,1,측면(불확실),0,,,,,,
1169,38.97,0,0,0,0,0,2,측면(불확실),0,,,,,,
1170,39.0,0,0,0,0,0,1,측면(불확실),0,,,,,,
1171,39.03,0,0,0,0,0,2,측면(불확실),0,,,,,,
1172,39.07,0,0,0,0,0,2,측면(불확실),0,,,,,,
1173,39.1,0,0,0,0,0,2,측면(불확실),0,,,,,,
1174,39.13,0,0,0,0,0,2,측면(불확실),0,,,,,,
1175,39.17,0,0,0,1,0,2,측면(불확실),0,,,,,,
1176,39.2,0,0,0,1,0,2,측면(불확실),0,,,,,,
1177,39.23,0,0,0,1,0,2,측면(불확실),0,,,,,,
1178,39.27,0,0,0,1,0,2,측면(불확실),0,,,,,,
1179,39.3,0,0,0,1,0,2,후면,0,,,,,,
1180,39.33,1,0,0,1,0,2,후면,0,,,,,,
1181,39.37,1,0,0,1,0,2,후면,0,,,,,,
1182,39.4,1,0,0,1,0,2,후면,0,,,,,,
1183,39.43,1,0,0,1,0,2,후면,0,,,,,,
1184,39.47,1,0,0,1,0,2,후면,0,,,,,,
1185,39.5,1,0,0,1,0,2,후면,0,,,,,,
1186,39.53,1,0,0,1,0,2,후면,0,,,,,,
1187,39.57,1,0,0,1,0,2,후면,0,,,,,,
1188,39.6,1,0,0,1,0,2,후면,0,,,,,,
1189,39.63,1,0,0,1,0,2,후면,0,,,,,,
1190,39.67,1,0,0,1,0,2,후면,0,,,,,,
1191,39.7,1,0,0,1,0,2,후면,0,,,,,,
1192,39.73,1,0,0,1,0,2,후면,1,1.095,-63.7,-28.5,-0.679,0.98,-54.7
1193,39.77,1,0,0,1,0,2,후면,1,1.082,-57.9,-27.5,-0.556,1.07,-59.7
1194,39.8,1,0,0,1,0,2,후면,1,1.082,-53.5,-26.6,-0.466,1.13,-63.1
1195,39.83,1,0,0,1,0,2,후면,1,1.081,-50.8,-25.7,-0.406,1.165,-64.9
1196,39.87,1,0,0,1,0,2,후면,1,1.091,-48.4,-24.8,-0.359,1.199,-66.4
1197,39.9,1,0,0,1,0,2,후면,1,1.1,-46.9,-24.0,-0.33,1.222,-67.1
1198,39.93,1,0,0,1,0,2,후면,1,1.103,-46.0,-23.2,-0.314,1.232,-67.1
1199,39.97,1,0,0,1,0,2,후면,1,1.107,-45.5,-22.4,-0.306,1.239,-66.8
1200,40.0,1,0,0,1,0,2,후면,1,1.11,-45.3,-21.7,-0.303,1.244,-66.4
1201,40.03,1,0,0,1,0,2,후면,1,1.116,-45.1,-20.9,-0.301,1.25,-65.9
1202,40.07,1,0,0,1,0,2,후면,1,1.12,-45.0,-20.3,-0.304,1.254,-65.2
1203,40.1,1,0,0,1,0,2,후면,1,1.126,-45.1,-19.6,-0.308,1.258,-64.5
1204,40.13,1,0,0,1,0,2,후면,1,1.129,-45.2,-18.9,-0.314,1.259,-63.8
1205,40.17,1,0,0,1,0,2,후면,1,1.132,-45.3,-18.3,-0.318,1.259,-63.0
1206,40.2,1,0,0,1,0,2,후면,1,1.131,-45.6,-17.7,-0.326,1.255,-62.1
1207,40.23,1,0,0,1,0,2,후면,1,1.135,-45.8,-17.1,-0.332,1.256,-61.3
1208,40.27,1,0,0,1,0,2,후면,1,1.141,-45.7,-16.5,-0.335,1.262,-60.8
1209,40.3,1,0,0,1,0,2,후면,1,1.146,-45.7,-15.9,-0.337,1.266,-60.3
1210,40.33,1,0,0,1,0,2,후면,1,1.149,-45.8,-15.4,-0.343,1.267,-59.6
1211,40.37,1,0,0,1,0,2,후면,1,1.157,-45.5,-14.8,-0.34,1.275,-59.3
1212,40.4,1,0,0,1,0,2,후면,1,1.16,-45.6,-14.3,-0.345,1.277,-58.7
1213,40.43,1,0,0,1,0,2,후면,1,1.163,-45.8,-13.8,-0.352,1.277,-58.0
1214,40.47,1,0,0,1,0,2,후면,1,1.167,-45.8,-13.3,-0.356,1.279,-57.5
1215,40.5,1,0,0,1,0,3,후면,1,1.17,-45.7,-12.9,-0.622,1.044,-57.1
1216,40.53,1,0,0,1,0,4,후면,1,1.179,-45.1,-12.4,-0.782,0.912,-57.3
1217,40.57,1,0,0,1,0,3,후면,1,1.186,-45.0,-12.0,-0.623,1.06,-57.0
1218,40.6,1,0,0,1,0,3,후면,1,1.189,-45.0,-11.6,-0.626,1.06,-56.6
1219,40.63,1,0,0,1,0,3,후면,1,1.196,-44.7,-11.2,-0.626,1.067,-56.5
1220,40.67,1,0,0,1,0,3,후면,1,1.195,-44.8,-10.8,-0.627,1.065,-56.0
1221,40.7,1,0,0,1,0,2,후면,1,1.197,-44.7,-10.5,-0.804,0.907,-55.8
1222,40.73,1,0,0,1,0,2,후면,1,1.203,-44.3,-10.1,-0.804,0.915,-55.8
1223,40.77,1,0,0,1,0,3,후면,1,1.204,-44.6,-9.8,-0.631,1.071,-55.2
1224,40.8,1,0,0,1,0,3,후면,1,1.205,-44.9,-9.4,-0.637,1.067,-54.5
1225,40.83,1,0,0,1,0,3,후면,1,1.209,-44.8,-9.0,-0.637,1.071,-54.3
1226,40.87,1,0,0,1,0,3,후면,1,1.217,-44.5,-8.6,-0.637,1.079,-54.1
1227,40.9,1,0,0,1,0,3,후면,1,1.224,-44.4,-8.3,-0.639,1.085,-53.9
1228,40.93,1,0,0,1,0,3,후면,1,1.236,-44.1,-7.9,-0.641,1.097,-53.8
1229,40.97,1,0,0,1,0,3,후면,1,1.24,-44.0,-7.5,-0.641,1.1,-53.5
1230,41.0,1,0,0,1,0,3,후면,1,1.242,-44.0,-7.1,-0.644,1.1,-53.1
1231,41.03,1,0,0,1,0,3,후면,1,1.246,-43.9,-6.8,-0.645,1.103,-52.9
1232,41.07,1,0,0,1,0,3,후면,1,1.245,-43.9,-6.4,-0.646,1.101,-52.5
1233,41.1,1,0,0,1,0,3,후면,1,1.247,-43.8,-6.1,-0.646,1.102,-52.3
1234,41.13,1,0,0,1,0,3,후면,1,1.244,-44.1,-5.8,-0.651,1.096,-51.7
1235,41.17,1,0,0,1,0,3,후면,1,1.238,-44.4,-5.5,-0.654,1.087,-51.1
1236,41.2,1,0,0,1,0,3,후면,1,1.236,-44.6,-5.2,-0.657,1.081,-50.6
1237,41.23,1,0,0,1,0,3,후면,1,1.234,-44.7,-4.9,-0.658,1.078,-50.2
1238,41.27,1,0,0,1,1,3,후면,1,1.23,-45.0,-4.7,-0.661,1.072,-49.7
1239,41.3,1,0,0,1,1,3,후면,1,1.235,-44.8,-4.5,-0.66,1.078,-49.7
1240,41.33,1,0,0,1,1,3,후면,1,1.238,-44.5,-4.2,-0.658,1.082,-49.7
1241,41.37,1,0,0,1,1,3,후면,1,1.245,-44.2,-4.0,-0.658,1.091,-49.8
1242,41.4,1,0,0,1,1,3,후면,1,1.246,-44.2,-3.8,-0.657,1.091,-49.6
1243,41.43,1,0,0,1,1,3,후면,1,1.251,-44.1,-3.6,-0.659,1.096,-49.5
1244,41.47,1,0,0,1,1,3,후면,1,1.254,-44.1,-3.3,-0.661,1.098,-49.3
1245,41.5,1,0,0,1,1,3,후면,1,1.256,-43.9,-3.1,-0.661,1.1,-49.2
1246,41.53,1,0,0,1,1,3,후면,0,1.261,-43.9,-2.9,-0.663,1.104,-49.0
1247,41.57,1,0,0,1,1,3,후면,0,1.265,-43.9,-2.7,-0.666,1.107,-48.8
1248,41.6,1,0,0,1,1,3,후면,1,1.269,-43.5,-2.5,-0.66,1.114,-49.0
1249,41.63,1,0,0,1,1,3,후면,1,1.273,-43.0,-2.3,-0.652,1.124,-49.3
1250,41.67,1,0,0,1,1,3,후면,1,1.258,-43.5,-2.1,-0.652,1.108,-48.6
1251,41.7,1,0,0,1,1,3,후면,1,1.25,-43.9,-1.8,-0.654,1.098,-47.9
1252,41.73,1,0,0,1,1,3,후면,0,1.251,-43.9,-1.5,-0.655,1.098,-47.6
1253,41.77,1,0,0,1,1,3,후면,1,1.253,-44.0,-1.3,-0.658,1.098,-47.3
1254,41.8,1,0,0,1,1,3,후면,0,1.254,-44.0,-1.1,-0.659,1.099,-47.1
1255,41.83,1,0,0,1,1,3,후면,0,1.257,-44.0,-0.8,-0.661,1.1,-46.8
1256,41.87,1,0,0,1,1,3,후면,0,1.256,-44.0,-0.6,-0.661,1.1,-46.6
1257,41.9,1,0,0,1,1,2,후면,0,1.254,-44.0,-0.4,-0.842,0.932,-46.4
1258,41.93,1,0,0,1,1,3,후면,0,1.259,-44.0,-0.2,-0.664,1.101,-46.2
1259,41.97,1,0,0,1,1,3,후면,0,1.267,-44.0,-0.0,-0.668,1.107,-46.0
1260,42.0,1,0,0,1,1,3,후면,0,1.273,-44.0,0.2,-0.672,1.11,-45.8
1261,42.03,1,0,0,1,1,3,후면,0,1.282,-44.0,0.3,-0.678,1.116,-45.7
1262,42.07,1,0,0,1,1,3,후면,0,1.285,-44.0,0.5,-0.681,1.118,-45.5
1263,42.1,1,0,0,1,1,2,후면,0,1.284,-44.0,0.7,-0.863,0.949,-45.3
1264,42.13,1,0,0,1,1,3,후면,0,1.281,-44.0,0.8,-0.68,1.114,-45.2
1265,42.17,1,0,0,1,1,3,후면,0,1.284,-44.0,1.0,-0.682,1.115,-45.0
1266,42.2,1,0,0,1,1,3,후면,0,1.285,-44.0,1.1,-0.683,1.116,-44.9
1267,42.23,1,0,0,1,1,3,후면,0,1.29,-44.0,1.2,-0.686,1.119,-44.8
1268,42.27,1,0,0,1,1,3,후면,0,1.29,-44.0,1.3,-0.686,1.119,-44.7
1269,42.3,1,0,0,1,1,3,후면,0,1.288,-44.0,1.4,-0.685,1.117,-44.6
1270,42.33,1,0,0,1,1,3,후면,0,1.288,-44.0,1.5,-0.686,1.117,-44.5
1271,42.37,1,0,0,1,1,3,후면,0,1.287,-44.0,1.6,-0.686,1.116,-44.4
1272,42.4,1,0,0,1,1,3,후면,0,1.287,-44.0,1.7,-0.686,1.115,-44.3
1273,42.43,1,0,0,1,1,2,후면,0,1.284,-44.0,1.7,-0.865,0.947,-44.3
1274,42.47,1,0,0,1,1,3,후면,0,1.285,-44.0,1.8,-0.684,1.114,-44.2
1275,42.5,1,0,0,1,1,3,후면,0,1.283,-44.0,1.9,-0.683,1.113,-44.1
1276,42.53,1,0,0,1,1,3,후면,0,1.284,-44.0,2.0,-0.684,1.114,-44.0
1277,42.57,1,0,0,1,1,3,후면,0,1.293,-44.0,2.1,-0.689,1.12,-43.9
1278,42.6,1,0,0,1,1,3,후면,0,1.296,-44.0,2.2,-0.691,1.122,-43.8
1279,42.63,1,0,0,1,1,3,후면,0,1.297,-44.0,2.3,-0.693,1.123,-43.7
1280,42.67,1,0,0,1,1,3,후면,0,1.302,-44.0,2.3,-0.696,1.126,-43.7
1281,42.7,1,0,0,1,1,3,후면,0,1.303,-44.0,2.4,-0.696,1.127,-43.6
1282,42.73,1,0,0,1,1,3,후면,0,1.301,-44.0,2.5,-0.695,1.125,-43.5
1283,42.77,1,0,0,1,1,3,후면,0,1.297,-44.0,2.6,-0.693,1.122,-43.4
1284,42.8,1,0,0,1,1,3,후면,0,1.291,-44.0,2.6,-0.69,1.118,-43.4
1285,42.83,1,0,0,1,1,3,후면,0,1.287,-44.0,2.7,-0.687,1.115,-43.3
1286,42.87,1,0,0,1,1,3,후면,0,1.285,-44.0,2.8,-0.686,1.114,-43.3
1287,42.9,1,0,0,1,1,3,후면,0,1.285,-44.0,2.8,-0.686,1.114,-43.2
1288,42.93,1,0,0,1,1,3,후면,0,1.289,-44.0,2.9,-0.689,1.117,-43.1
1289,42.97,1,0,0,1,1,3,후면,0,1.288,-44.0,3.0,-0.689,1.115,-43.1
1290,43.0,1,0,0,1,1,3,후면,0,1.286,-44.0,3.0,-0.688,1.114,-43.0
1291,43.03,1,0,0,1,1,3,후면,0,1.287,-44.0,3.1,-0.689,1.114,-42.9
1292,43.07,1,0,0,1,1,3,후면,0,1.286,-44.0,3.1,-0.689,1.113,-42.9
1293,43.1,1,0,0,1,1,3,후면,0,1.282,-44.0,3.2,-0.686,1.11,-42.8
1294,43.13,1,0,0,1,1,3,후면,0,1.28,-44.0,3.2,-0.685,1.109,-42.8
1295,43.17,1,0,0,1,1,3,후면,0,1.28,-44.0,3.3,-0.685,1.109,-42.7
1296,43.2,1,0,0,1,1,3,후면,0,1.277,-44.0,3.3,-0.684,1.107,-42.7
1297,43.23,1,0,0,1,1,3,후면,0,1.273,-44.0,3.3,-0.682,1.104,-42.7
1298,43.27,1,0,0,1,1,3,후면,0,1.268,-44.0,3.3,-0.678,1.101,-42.7
1299,43.3,1,0,0,1,1,3,후면,0,1.265,-44.0,3.4,-0.677,1.099,-42.7
1300,43.33,1,0,0,1,1,3,후면,0,1.266,-44.0,3.4,-0.677,1.1,-42.6
1301,43.37,1,0,0,1,1,3,후면,0,1.27,-44.0,3.4,-0.68,1.102,-42.6
1302,43.4,1,0,0,1,1,3,후면,0,1.278,-44.0,3.4,-0.685,1.108,-42.6
1303,43.43,1,0,0,1,1,3,후면,0,1.285,-44.0,3.5,-0.69,1.112,-42.5
1304,43.47,1,0,0,1,1,3,후면,0,1.29,-44.0,3.5,-0.692,1.116,-42.5
1305,43.5,1,0,0,1,1,3,후면,0,1.293,-44.0,3.5,-0.694,1.118,-42.5
1306,43.53,1,0,0,1,1,3,후면,0,1.297,-44.0,3.5,-0.696,1.121,-42.5
1307,43.57,1,0,0,1,1,3,후면,0,1.304,-44.0,3.5,-0.7,1.125,-42.5
1308,43.6,1,0,0,1,1,3,후면,0,1.311,-44.0,3.5,-0.705,1.13,-42.5
1309,43.63,1,0,0,1,1,3,후면,0,1.317,-44.0,3.6,-0.709,1.134,-42.4
1310,43.67,1,0,0,1,1,3,후면,0,1.319,-44.0,3.6,-0.71,1.135,-42.4
1311,43.7,1,0,0,1,1,3,후면,0,1.319,-44.0,3.6,-0.71,1.135,-42.4
1312,43.73,1,0,0,1,1,3,후면,0,1.315,-44.0,3.6,-0.707,1.133,-42.4
1313,43.77,1,0,0,1,1,3,후면,0,1.313,-44.0,3.6,-0.707,1.131,-42.4
1314,43.8,1,0,0,1,1,3,후면,0,1.312,-44.0,3.6,-0.706,1.13,-42.4
1315,43.83,1,0,0,1,1,3,후면,0,1.31,-44.0,3.6,-0.705,1.129,-42.4
1316,43.87,1,0,0,1,1,3,후면,0,1.307,-44.0,3.6,-0.703,1.127,-42.4
1317,43.9,1,0,0,1,1,3,후면,0,1.302,-44.0,3.6,-0.7,1.124,-42.4
1318,43.93,1,0,0,1,1,3,후면,0,1.299,-44.0,3.7,-0.698,1.122,-42.4
1319,43.97,1,0,0,1,1,3,후면,0,1.301,-44.0,3.7,-0.699,1.123,-42.3
1320,44.0,1,0,0,1,1,3,후면,0,1.299,-44.0,3.7,-0.698,1.122,-42.3
1321,44.03,1,0,0,1,1,3,후면,0,1.298,-44.0,3.7,-0.697,1.121,-42.3
1322,44.07,1,0,0,1,1,3,후면,0,1.298,-44.0,3.7,-0.697,1.121,-42.3
1323,44.1,1,0,0,1,1,3,후면,0,1.298,-44.0,3.7,-0.698,1.121,-42.3
1324,44.13,1,0,0,1,1,3,후면,0,1.298,-44.0,3.8,-0.698,1.121,-42.2
1325,44.17,1,0,0,1,1,3,후면,0,1.298,-44.0,3.8,-0.698,1.121,-42.2
1326,44.2,1,0,0,1,1,3,후면,0,1.297,-44.0,3.8,-0.697,1.12,-42.2
1327,44.23,1,0,0,1,1,3,후면,0,1.296,-44.0,3.7,-0.696,1.12,-42.3
1328,44.27,1,0,0,1,1,3,후면,0,1.297,-44.0,3.8,-0.697,1.12,-42.2
1329,44.3,1,0,0,1,1,3,후면,0,1.297,-44.0,3.8,-0.697,1.12,-42.2
1330,44.33,1,0,0,1,1,3,후면,0,1.297,-44.0,3.8,-0.697,1.12,-42.2
1331,44.37,1,0,0,1,1,3,후면,0,1.297,-44.0,3.8,-0.697,1.12,-42.2
1332,44.4,1,0,0,1,1,3,후면,0,1.295,-44.0,3.8,-0.696,1.119,-42.2
1333,44.43,1,0,0,1,1,3,후면,0,1.294,-44.0,3.8,-0.695,1.118,-42.2
1334,44.47,1,0,0,1,1,3,후면,0,1.289,-44.0,3.8,-0.692,1.115,-42.2
1335,44.5,1,0,0,1,1,3,후면,0,1.288,-44.0,3.8,-0.691,1.114,-42.2
1336,44.53,1,0,0,1,1,3,후면,0,1.295,-44.0,3.8,-0.695,1.118,-42.2
1337,44.57,1,0,0,1,1,3,후면,0,1.298,-44.0,3.8,-0.697,1.121,-42.2
1338,44.6,1,0,0,1,1,3,후면,0,1.299,-44.0,3.8,-0.697,1.122,-42.2
1339,44.63,1,0,0,1,1,3,후면,0,1.3,-44.0,3.8,-0.698,1.122,-42.2
1340,44.67,1,0,0,1,1,3,후면,0,1.299,-44.0,3.8,-0.697,1.122,-42.2
1341,44.7,1,0,0,1,1,3,후면,0,1.3,-44.0,3.8,-0.697,1.123,-42.2
1342,44.73,1,0,0,1,1,3,후면,0,1.303,-44.0,3.8,-0.699,1.125,-42.2
1343,44.77,1,0,0,1,1,2,후면,0,1.303,-44.0,3.8,-0.88,0.958,-42.2
1344,44.8,1,0,0,1,1,3,후면,0,1.304,-44.0,3.8,-0.7,1.125,-42.2
1345,44.83,1,0,0,1,1,3,후면,0,1.302,-44.0,3.9,-0.699,1.124,-42.2
1346,44.87,1,0,0,1,1,3,후면,0,1.299,-44.0,3.9,-0.697,1.122,-42.1
1347,44.9,1,0,0,1,1,3,후면,0,1.296,-44.0,3.9,-0.695,1.12,-42.1
1348,44.93,1,0,0,1,1,3,후면,0,1.294,-44.0,3.9,-0.694,1.118,-42.1
1349,44.97,1,0,0,1,1,3,후면,0,1.291,-44.0,3.9,-0.692,1.117,-42.1
1350,45.0,1,0,0,1,1,3,후면,0,1.29,-44.0,3.9,-0.691,1.116,-42.1
1351,45.03,1,0,0,1,1,3,후면,0,1.288,-44.0,3.9,-0.69,1.114,-42.1
1352,45.07,1,0,0,1,1,3,후면,0,1.288,-44.0,3.9,-0.69,1.114,-42.1
1353,45.1,1,0,0,1,1,3,후면,0,1.288,-44.0,3.9,-0.69,1.115,-42.1
1354,45.13,1,0,0,1,1,3,후면,0,1.288,-44.0,3.9,-0.69,1.114,-42.1
1355,45.17,1,0,0,1,1,3,후면,0,1.287,-44.0,4.0,-0.689,1.114,-42.1
1356,45.2,1,0,0,1,1,3,후면,0,1.286,-44.0,4.0,-0.689,1.113,-42.0
1357,45.23,1,0,0,1,1,3,후면,0,1.286,-44.0,4.0,-0.689,1.113,-42.0
1358,45.27,1,0,0,1,1,3,후면,0,1.285,-44.0,4.0,-0.688,1.113,-42.0
1359,45.3,1,0,0,1,1,3,후면,0,1.283,-44.0,4.0,-0.687,1.111,-42.0
1360,45.33,1,0,0,1,1,3,후면,0,1.283,-44.0,4.1,-0.687,1.111,-41.9
1361,45.37,1,0,0,1,1,3,후면,0,1.282,-44.0,4.1,-0.686,1.11,-41.9
1362,45.4,1,0,0,1,1,3,후면,0,1.281,-44.0,4.2,-0.686,1.11,-41.9
1363,45.43,1,0,0,1,1,3,후면,0,1.28,-44.0,4.2,-0.685,1.109,-41.8
1364,45.47,1,0,0,1,1,3,후면,0,1.282,-44.0,4.2,-0.686,1.111,-41.8
1365,45.5,1,0,0,1,1,3,후면,0,1.284,-44.0,4.3,-0.687,1.113,-41.8
1366,45.53,1,0,0,1,1,3,후면,0,1.288,-44.0,4.3,-0.69,1.115,-41.7
1367,45.57,1,0,0,1,1,3,후면,0,1.291,-44.0,4.4,-0.691,1.116,-41.6
1368,45.6,1,0,0,1,1,3,후면,0,1.293,-44.0,4.4,-0.693,1.118,-41.6
1369,45.63,1,0,0,1,1,3,후면,0,1.293,-44.0,4.5,-0.693,1.118,-41.5
1370,45.67,1,0,0,1,1,3,후면,0,1.292,-44.0,4.5,-0.692,1.118,-41.5
1371,45.7,1,0,0,1,1,3,후면,0,1.29,-44.0,4.5,-0.69,1.116,-41.5
1372,45.73,1,0,0,1,1,3,후면,0,1.284,-44.0,4.6,-0.686,1.112,-41.4
1373,45.77,1,0,0,1,1,3,후면,0,1.282,-44.0,4.7,-0.684,1.111,-41.4
1374,45.8,1,0,0,1,1,3,후면,0,1.282,-44.0,4.7,-0.684,1.112,-41.3
1375,45.83,1,0,0,1,1,3,후면,0,1.283,-44.0,4.8,-0.685,1.112,-41.2
1376,45.87,1,0,0,1,1,3,후면,0,1.286,-44.0,4.9,-0.687,1.114,-41.1
1377,45.9,1,0,0,1,1,3,후면,0,1.283,-44.0,5.0,-0.685,1.113,-41.0
1378,45.93,1,0,0,1,1,3,후면,0,1.282,-44.0,5.1,-0.685,1.112,-40.9
1379,45.97,1,0,0,1,1,3,후면,0,1.283,-44.0,5.2,-0.685,1.113,-40.8
1380,46.0,1,0,0,1,1,3,후면,0,1.283,-44.0,5.3,-0.685,1.112,-40.7
1381,46.03,1,0,0,1,1,3,후면,0,1.281,-44.0,5.4,-0.683,1.111,-40.6
1382,46.07,1,0,0,1,1,3,후면,0,1.278,-44.0,5.6,-0.681,1.11,-40.5
1383,46.1,1,0,0,1,1,3,후면,0,1.279,-44.0,5.7,-0.682,1.11,-40.3
1384,46.13,1,0,0,1,1,3,후면,0,1.282,-44.0,5.8,-0.684,1.112,-40.2
1385,46.17,1,0,0,1,1,3,후면,0,1.286,-44.0,5.9,-0.686,1.114,-40.1
1386,46.2,1,0,0,1,1,3,후면,0,1.288,-44.0,6.1,-0.688,1.116,-39.9
1387,46.23,1,0,0,1,1,3,후면,0,1.292,-44.0,6.2,-0.69,1.119,-39.8
1388,46.27,1,0,0,1,1,3,후면,0,1.3,-44.0,6.3,-0.694,1.124,-39.7
1389,46.3,1,0,0,1,1,3,후면,0,1.304,-44.0,6.4,-0.697,1.127,-39.6
1390,46.33,1,0,0,1,1,3,후면,0,1.305,-44.0,6.5,-0.697,1.128,-39.5
1391,46.37,1,0,0,1,1,3,후면,0,1.31,-44.0,6.7,-0.701,1.131,-39.3
1392,46.4,1,0,0,1,1,3,후면,0,1.312,-44.0,6.8,-0.703,1.133,-39.2
1393,46.43,1,0,0,1,1,3,후면,0,1.315,-44.0,7.0,-0.704,1.135,-39.0
1394,46.47,1,0,0,1,1,3,후면,0,1.318,-44.0,7.1,-0.706,1.137,-38.9
1395,46.5,1,0,0,1,1,3,후면,0,1.32,-44.0,7.3,-0.708,1.138,-38.8
1396,46.53,1,0,0,1,1,3,후면,0,1.322,-44.0,7.4,-0.709,1.14,-38.6
1397,46.57,1,0,0,1,1,4,후면,0,1.322,-44.0,7.6,-0.887,0.971,-38.4
1398,46.6,1,0,0,1,1,4,후면,0,1.323,-44.0,7.7,-0.887,0.972,-38.3
1399,46.63,1,0,0,1,1,4,후면,0,1.328,-44.0,7.9,-0.714,1.143,-38.1
1400,46.67,1,0,0,1,1,4,후면,0,1.333,-44.0,8.0,-0.717,1.147,-38.0
1401,46.7,1,0,0,1,1,4,후면,0,1.336,-44.0,8.2,-0.719,1.149,-37.8
1402,46.73,1,0,0,1,1,4,후면,0,1.343,-44.0,8.3,-0.724,1.154,-37.7
1403,46.77,1,0,0,1,1,4,후면,0,1.346,-44.0,8.5,-0.726,1.156,-37.6
1404,46.8,1,0,0,1,1,4,후면,0,1.355,-44.0,8.6,-0.732,1.162,-37.4
1405,46.83,1,0,0,1,1,4,후면,0,1.356,-44.0,8.7,-0.734,1.163,-37.3
1406,46.87,1,0,0,1,1,4,후면,0,1.36,-44.0,8.8,-0.736,1.165,-37.2
1407,46.9,1,0,0,1,1,4,후면,0,1.361,-44.0,8.9,-0.738,1.165,-37.1
1408,46.93,1,0,0,1,1,4,후면,0,1.367,-44.0,9.0,-0.742,1.169,-37.0
1409,46.97,1,0,0,1,1,4,후면,0,1.371,-44.0,9.1,-0.745,1.172,-36.9
1410,47.0,1,0,0,1,1,4,후면,0,1.376,-44.0,9.1,-0.749,1.176,-36.9
1411,47.03,1,0,0,1,1,4,후면,0,1.384,-44.0,9.2,-0.754,1.181,-36.8
1412,47.07,1,0,0,1,1,4,후면,0,1.395,-44.0,9.3,-0.761,1.19,-36.8
1413,47.1,1,0,0,1,1,4,후면,0,1.403,-44.0,9.3,-0.766,1.195,-36.7
1414,47.13,1,0,0,1,1,4,후면,0,1.404,-44.0,9.4,-0.766,1.195,-36.6
1415,47.17,1,0,0,1,1,4,후면,0,1.404,-44.0,9.4,-0.766,1.195,-36.6
1416,47.2,1,0,0,1,1,4,후면,0,1.405,-44.0,9.5,-0.767,1.196,-36.5
1417,47.23,1,0,0,1,1,4,후면,0,1.411,-44.0,9.5,-0.77,1.2,-36.5
1418,47.27,1,0,0,1,1,4,후면,0,1.414,-44.0,9.6,-0.771,1.203,-36.4
1419,47.3,1,0,0,1,1,4,후면,0,1.415,-44.0,9.6,-0.772,1.203,-36.4
1420,47.33,1,0,0,1,1,4,후면,0,1.415,-44.0,9.7,-0.772,1.203,-36.3
1421,47.37,1,0,0,1,1,4,후면,0,1.417,-44.0,9.8,-0.774,1.205,-36.2
1422,47.4,1,0,0,1,1,4,후면,0,1.417,-44.0,9.9,-0.774,1.205,-36.1
1423,47.43,1,0,0,1,1,4,후면,0,1.42,-44.0,9.9,-0.777,1.206,-36.1
1424,47.47,1,0,0,1,1,4,후면,0,1.422,-44.0,10.0,-0.778,1.207,-36.0
1425,47.5,1,0,0,1,1,4,후면,0,1.415,-44.0,10.1,-0.775,1.202,-35.9
1426,47.53,1,0,0,1,1,4,후면,0,1.412,-44.0,10.1,-0.773,1.2,-35.9
1427,47.57,1,0,0,1,1,4,후면,0,1.407,-44.0,10.1,-0.77,1.196,-35.9
1428,47.6,1,0,0,1,1,4,후면,0,1.41,-44.0,10.2,-0.772,1.198,-35.8
1429,47.63,1,0,0,1,1,4,후면,0,1.412,-44.0,10.2,-0.774,1.2,-35.8
1430,47.67,1,0,0,1,1,4,후면,0,1.411,-44.0,10.2,-0.773,1.199,-35.8
1431,47.7,1,0,0,1,1,4,후면,0,1.418,-44.0,10.2,-0.777,1.203,-35.8
1432,47.73,1,0,0,1,1,4,후면,0,1.416,-44.0,10.2,-0.776,1.202,-35.8
1433,47.77,1,0,0,1,1,4,후면,0,1.415,-44.0,10.2,-0.776,1.201,-35.8
1434,47.8,1,0,0,1,1,4,후면,0,1.416,-44.0,10.2,-0.777,1.201,-35.8
1435,47.83,1,0,0,1,1,4,후면,0,1.415,-44.0,10.2,-0.777,1.2,-35.8
1436,47.87,1,0,0,1,1,4,후면,0,1.413,-44.0,10.1,-0.776,1.198,-35.9
1437,47.9,1,0,0,1,1,4,후면,0,1.411,-44.0,10.1,-0.775,1.197,-35.9
1438,47.93,1,0,0,1,1,4,후면,0,1.412,-44.0,10.0,-0.776,1.198,-36.0
1439,47.97,1,0,0,1,1,4,후면,0,1.412,-44.0,10.0,-0.776,1.197,-36.0
1440,48.0,1,0,0,1,1,4,후면,0,1.409,-44.0,9.9,-0.775,1.194,-36.1
1441,48.03,1,0,0,1,1,4,후면,0,1.407,-44.0,9.8,-0.776,1.192,-36.2
1442,48.07,1,0,0,1,1,4,후면,0,1.411,-44.0,9.7,-0.779,1.194,-36.3
1443,48.1,2,0,0,1,1,4,후면,0,1.421,-44.0,9.6,-0.787,1.2,-36.4
1444,48.13,2,0,0,1,1,4,후면,0,1.427,-44.0,9.4,-0.791,1.203,-36.7
1445,48.17,1,0,0,1,1,4,후면,0,1.422,-44.0,9.1,-0.789,1.199,-36.9
1446,48.2,1,0,0,1,1,4,후면,0,1.42,-44.0,8.9,-0.787,1.199,-37.1
1447,48.23,1,0,0,1,1,4,후면,0,1.416,-44.0,8.6,-0.785,1.195,-37.4
1448,48.27,1,0,0,1,1,4,후면,0,1.416,-44.0,8.4,-0.785,1.195,-37.6
1449,48.3,1,0,0,1,1,4,후면,0,1.415,-44.0,8.2,-0.784,1.195,-37.8
1450,48.33,1,0,0,1,1,4,후면,0,1.416,-44.0,8.0,-0.785,1.195,-38.0
1451,48.37,1,0,0,1,1,4,후면,0,1.419,-44.0,7.7,-0.786,1.197,-38.3
1452,48.4,1,0,0,1,1,4,후면,0,1.419,-44.0,7.5,-0.787,1.197,-38.5
1453,48.43,1,0,0,1,1,3,후면,0,1.409,-44.0,7.2,-0.78,1.19,-38.8
1454,48.47,1,0,0,1,1,3,후면,0,1.402,-44.0,6.9,-0.777,1.185,-39.1
1455,48.5,1,0,0,1,1,3,후면,0,1.397,-44.0,6.6,-0.773,1.182,-39.4
1456,48.53,1,0,0,1,1,3,후면,0,1.388,-44.0,6.3,-0.768,1.176,-39.7
1457,48.57,1,0,0,1,1,3,후면,0,1.39,-44.0,6.0,-0.769,1.177,-40.0
1458,48.6,1,0,0,1,1,3,후면,0,1.392,-44.0,5.7,-0.771,1.178,-40.3
1459,48.63,1,0,0,1,1,3,후면,0,1.385,-44.0,5.4,-0.767,1.173,-40.6
1460,48.67,1,0,0,1,1,3,후면,0,1.381,-44.0,5.1,-0.765,1.171,-41.0
1461,48.7,1,0,0,1,1,3,후면,0,1.382,-44.0,4.7,-0.766,1.171,-41.3
1462,48.73,1,0,0,1,1,3,후면,0,1.378,-44.0,4.4,-0.765,1.168,-41.6
1463,48.77,1,0,0,1,1,3,후면,0,1.379,-44.0,4.0,-0.766,1.168,-42.0
1464,48.8,2,0,0,1,1,3,후면,1,1.38,-43.2,3.6,-0.752,1.179,-43.2
1465,48.83,2,0,0,1,1,3,후면,1,1.385,-42.2,3.2,-0.737,1.196,-44.7
1466,48.87,2,0,0,1,1,3,후면,1,1.384,-41.8,2.7,-0.732,1.199,-45.5
1467,48.9,2,0,0,1,1,3,후면,1,1.385,-41.7,2.1,-0.733,1.2,-46.1
1468,48.93,2,0,0,1,1,3,후면,1,1.388,-41.3,1.6,-0.728,1.206,-47.1
1469,48.97,2,0,0,1,1,3,후면,1,1.391,-41.1,1.0,-0.726,1.211,-47.9
1470,49.0,2,0,0,1,1,3,후면,1,1.389,-41.4,0.4,-0.73,1.207,-48.3
1471,49.03,2,0,0,1,1,3,후면,1,1.387,-41.6,-0.2,-0.733,1.204,-48.6
1472,49.07,1,0,0,1,1,3,후면,1,1.386,-41.8,-0.8,-0.736,1.2,-49.0
1473,49.1,1,0,0,1,1,3,후면,1,1.382,-42.2,-1.4,-0.739,1.194,-49.2
1474,49.13,2,0,0,1,1,3,후면,1,1.378,-42.4,-1.9,-0.742,1.188,-49.5
1475,49.17,2,0,0,1,1,3,후면,1,1.37,-42.8,-2.5,-0.743,1.177,-49.7
1476,49.2,1,0,0,1,1,3,후면,1,1.368,-42.7,-3.0,-0.74,1.178,-50.4
1477,49.23,1,0,0,1,1,3,후면,1,1.366,-42.6,-3.6,-0.738,1.176,-51.0
1478,49.27,1,0,0,1,1,3,후면,1,1.361,-42.8,-4.2,-0.739,1.17,-51.4
1479,49.3,1,0,0,1,1,3,후면,1,1.357,-42.8,-4.8,-0.736,1.168,-52.0
1480,49.33,1,0,0,1,1,3,후면,1,1.354,-42.8,-5.4,-0.735,1.166,-52.6
1481,49.37,1,0,0,1,0,3,후면,1,1.346,-43.0,-5.9,-0.735,1.158,-52.9
1482,49.4,1,0,0,1,0,3,후면,1,1.34,-43.1,-6.6,-0.732,1.155,-53.5
1483,49.43,1,0,0,1,0,3,후면,1,1.335,-43.3,-7.2,-0.733,1.149,-53.9
1484,49.47,1,0,0,1,0,3,후면,1,1.329,-43.5,-7.8,-0.733,1.144,-54.3
1485,49.5,1,0,0,1,0,3,후면,1,1.327,-43.4,-8.5,-0.729,1.145,-55.1
1486,49.53,1,0,0,1,0,3,후면,1,1.323,-43.5,-9.2,-0.73,1.141,-55.6
1487,49.57,1,0,0,1,0,3,후면,1,1.32,-43.5,-9.9,-0.728,1.14,-56.3
1488,49.6,2,0,0,1,0,3,후면,1,1.315,-43.6,-10.6,-0.727,1.136,-57.0
1489,49.63,1,0,0,1,0,3,후면,1,1.314,-43.4,-11.2,-0.724,1.139,-57.8
1490,49.67,1,0,0,1,0,2,후면,1,1.308,-43.3,-12.0,-0.443,1.382,-58.7
1491,49.7,1,0,0,1,0,2,후면,1,1.304,-43.5,-12.8,-0.446,1.377,-59.3
1492,49.73,1,0,0,1,0,2,후면,1,1.298,-43.3,-13.6,-0.438,1.373,-60.4
1493,49.77,1,0,0,1,0,2,후면,1,1.294,-43.2,-14.5,-0.435,1.37,-61.3
1494,49.8,1,0,0,1,0,2,후면,1,1.285,-43.2,-15.3,-0.429,1.364,-62.2
1495,49.83,1,0,0,1,0,2,후면,1,1.274,-43.5,-16.2,-0.43,1.352,-62.7
1496,49.87,1,0,0,1,0,2,후면,1,1.262,-43.5,-17.0,-0.424,1.342,-63.5
1497,49.9,1,0,0,1,0,2,후면,1,1.247,-43.9,-17.8,-0.425,1.326,-63.9
1498,49.93,1,0,0,1,0,2,후면,1,1.238,-43.8,-18.6,-0.416,1.321,-64.8
1499,49.97,1,0,0,1,0,2,후면,1,1.226,-44.0,-19.3,-0.415,1.308,-65.3
1500,50.0,1,0,0,1,0,2,후면,1,1.219,-43.8,-20.1,-0.406,1.306,-66.3
1501,50.03,1,0,0,1,0,2,후면,1,1.209,-43.8,-20.8,-0.399,1.298,-67.0
1502,50.07,1,0,0,1,0,2,후면,1,1.204,-43.6,-21.5,-0.391,1.296,-68.0
1503,50.1,1,0,0,1,0,2,후면,1,1.198,-43.4,-22.3,-0.384,1.293,-68.9
1504,50.13,1,0,0,1,0,2,후면,1,1.192,-43.1,-23.0,-0.373,1.292,-69.9
1505,50.17,1,0,0,1,0,2,후면,1,1.188,-42.8,-23.8,-0.365,1.291,-70.9
1506,50.2,1,0,0,1,0,2,후면,1,1.173,-42.8,-24.6,-0.357,1.279,-71.7
1507,50.23,1,0,0,1,0,2,후면,1,1.161,-42.6,-25.3,-0.346,1.272,-72.7
1508,50.27,1,0,0,1,0,2,후면,0,,,,,,
1509,50.3,1,0,0,1,0,2,후면,0,,,,,,
1510,50.33,1,0,0,1,0,2,후면,0,,,,,,
1511,50.37,1,0,0,1,0,2,후면,0,,,,,,
1512,50.4,1,0,0,1,0,2,후면,0,,,,,,
1513,50.43,1,0,0,1,0,2,후면,0,,,,,,
1514,50.47,1,0,0,1,0,2,후면,0,,,,,,
1515,50.5,1,0,0,1,0,2,후면,0,,,,,,
1516,50.53,1,0,0,1,0,2,후면,0,,,,,,
1517,50.57,1,0,0,1,0,2,후면,0,,,,,,
1518,50.6,1,0,0,1,0,2,후면,0,,,,,,
1519,50.63,1,0,0,1,0,2,후면,0,,,,,,
1520,50.67,1,0,0,1,0,2,후면,0,,,,,,
1521,50.7,1,0,0,1,0,2,후면,0,,,,,,
1522,50.73,1,0,0,1,0,2,후면,0,,,,,,
1523,50.77,0,0,0,1,0,2,후면,0,,,,,,
1524,50.8,0,0,0,1,0,2,후면,0,,,,,,
1525,50.83,0,0,0,1,0,2,후면,0,,,,,,
1526,50.87,0,0,0,1,0,2,후면,0,,,,,,
1527,50.9,0,0,0,1,0,2,후면,0,,,,,,
1528,50.93,0,0,0,0,0,2,후면,0,,,,,,
1529,50.97,0,0,0,0,0,2,후면,0,,,,,,
1530,51.0,0,0,0,0,0,2,후면,0,,,,,,
1531,51.03,0,0,0,0,0,2,후면,0,,,,,,
1532,51.07,0,0,0,0,0,2,후면,0,,,,,,
1533,51.1,1,0,0,0,0,2,후면,0,,,,,,
1534,51.13,0,0,0,0,0,2,후면,0,,,,,,
1535,51.17,0,0,0,0,0,2,후면,0,,,,,,
1536,51.2,0,0,0,0,0,2,후면,0,,,,,,
1537,51.23,0,0,0,0,0,2,후면,0,,,,,,
1538,51.27,0,0,0,0,0,2,후면,0,,,,,,
1539,51.3,0,0,0,0,0,2,후면,0,,,,,,
1540,51.33,0,0,0,0,0,2,후면,0,,,,,,
1541,51.37,0,0,0,0,0,2,후면,0,,,,,,
1542,51.4,0,0,0,0,0,2,후면,0,,,,,,
1543,51.43,0,0,0,0,0,1,후면,0,,,,,,
1544,51.47,0,0,0,0,0,0,후면,0,,,,,,
1545,51.5,0,0,0,0,0,0,후면,0,,,,,,
1546,51.53,0,1,0,0,0,0,후면,0,,,,,,
1547,51.57,0,0,0,0,0,0,후면,0,,,,,,
1548,51.6,0,0,0,0,0,0,후면,0,,,,,,
1549,51.63,0,0,0,0,0,0,후면,0,,,,,,
1550,51.67,0,0,0,0,0,0,후면,0,,,,,,
1551,51.7,0,0,0,0,0,0,후면,0,,,,,,
1552,51.73,0,0,0,0,0,0,후면,0,,,,,,
1553,51.77,0,0,0,0,0,0,후면,0,,,,,,
1554,51.8,0,0,0,0,0,0,후면,0,,,,,,
1555,51.83,0,0,0,0,0,0,후면,0,,,,,,
1556,51.87,0,0,0,0,0,0,후면,0,,,,,,
1557,51.9,0,0,0,0,0,0,후면,0,,,,,,
1558,51.93,0,0,0,0,0,0,후면,0,,,,,,
1559,51.97,0,0,0,0,0,0,후면,0,,,,,,
1560,52.0,0,0,0,0,0,0,후면,0,,,,,,
1561,52.03,0,0,0,0,0,0,후면,0,,,,,,
1562,52.07,0,0,0,0,0,0,후면,0,,,,,,
1563,52.1,0,0,0,0,0,0,후면,0,,,,,,
1564,52.13,0,0,0,0,0,0,후면,0,,,,,,
1565,52.17,0,0,0,0,0,0,후면,0,,,,,,
1566,52.2,0,0,0,0,0,0,후면,0,,,,,,
1567,52.23,0,0,0,0,0,0,후면,0,,,,,,
1568,52.27,0,0,0,0,0,0,후면,0,,,,,,
1569,52.3,0,0,0,0,0,0,후면,0,,,,,,
1570,52.33,0,0,0,0,0,0,후면,0,,,,,,
1571,52.37,0,0,0,0,0,0,후면,0,,,,,,
1572,52.4,0,0,0,0,0,0,후면,0,,,,,,
1573,52.43,0,0,0,0,0,0,후면,0,,,,,,
1574,52.47,0,0,0,0,0,0,후면,0,,,,,,
1575,52.5,0,0,0,0,0,0,후면,0,,,,,,
1576,52.53,0,0,0,0,0,0,후면,0,,,,,,
1577,52.57,0,0,0,0,0,0,후면,0,,,,,,
1578,52.6,0,0,0,0,0,0,후면,0,,,,,,
1579,52.63,0,0,0,0,0,0,후면,0,,,,,,
1580,52.67,0,0,0,0,0,0,후면,0,,,,,,
1581,52.7,0,0,0,0,0,0,후면,0,,,,,,
1582,52.73,0,0,0,0,0,0,후면,0,,,,,,
1583,52.77,0,0,0,0,0,0,후면,0,,,,,,
1584,52.8,0,0,0,0,0,0,후면,0,,,,,,
1585,52.83,0,0,0,0,0,0,후면,0,,,,,,
1586,52.87,0,0,0,0,0,0,후면,0,,,,,,
1587,52.9,0,0,0,0,0,0,후면,0,,,,,,
1588,52.93,0,0,0,0,0,0,후면,0,,,,,,
1589,52.97,0,0,0,0,0,0,후면,0,,,,,,
1590,53.0,0,0,0,0,0,0,후면,0,,,,,,
1591,53.03,0,0,0,0,0,0,후면,0,,,,,,
1592,53.07,0,0,0,0,0,0,후면,0,,,,,,
1593,53.1,0,0,0,0,0,0,후면,0,,,,,,
1594,53.13,0,0,0,0,0,0,후면,0,,,,,,
1595,53.17,0,0,0,0,0,0,후면,0,,,,,,
1596,53.2,0,0,0,0,0,0,후면,0,,,,,,
1597,53.23,0,0,0,0,0,0,후면,0,,,,,,
1598,53.27,0,0,0,0,0,0,후면,0,,,,,,
1599,53.3,0,0,0,0,0,0,후면,0,,,,,,
1600,53.33,0,0,0,0,0,0,후면,0,,,,,,
1601,53.37,0,0,0,0,0,0,후면,0,,,,,,
1602,53.4,0,0,0,0,0,0,후면,0,,,,,,
1603,53.43,0,0,0,0,0,0,후면,0,,,,,,
1604,53.47,0,0,0,0,0,0,후면,0,,,,,,
1605,53.5,0,0,0,0,0,0,후면,0,,,,,,
1606,53.53,0,0,0,0,0,0,후면,0,,,,,,
1607,53.57,0,0,0,0,0,0,후면,0,,,,,,
1608,53.6,0,0,0,0,0,0,후면,0,,,,,,
1609,53.63,0,0,0,0,0,0,후면,0,,,,,,
1610,53.67,0,0,0,0,0,0,후면,0,,,,,,
1611,53.7,0,0,0,0,0,0,후면,0,,,,,,
1612,53.73,0,0,0,0,0,0,후면,0,,,,,,
1613,53.77,0,0,0,0,0,0,후면,0,,,,,,
1614,53.8,0,0,0,0,0,0,후면,0,,,,,,
1615,53.83,0,0,0,0,0,0,후면,0,,,,,,
1616,53.87,0,0,0,0,0,2,후면,0,,,,,,
1617,53.9,0,0,0,0,0,2,후면,0,,,,,,
1618,53.93,0,0,0,0,0,2,후면,0,,,,,,
1619,53.97,0,0,0,0,0,2,후면,0,,,,,,
1620,54.0,0,0,0,0,0,2,후면,0,,,,,,
1621,54.03,0,0,0,0,0,2,후면,0,,,,,,
1622,54.07,0,0,0,0,0,2,후면,0,,,,,,
1623,54.1,0,0,0,0,0,2,후면,0,,,,,,
1624,54.13,0,0,0,0,0,2,후면,0,,,,,,
1625,54.17,0,0,0,0,0,2,후면,0,,,,,,
1626,54.2,0,0,0,0,0,2,후면,0,,,,,,
1627,54.23,0,0,0,0,0,2,후면,0,,,,,,
1628,54.27,0,0,0,0,0,2,후면,0,,,,,,
1629,54.3,0,0,0,0,0,2,후면,0,,,,,,
1630,54.33,0,0,0,0,0,2,후면,0,,,,,,
1631,54.37,0,0,0,0,0,2,후면,0,,,,,,
1632,54.4,0,0,0,0,0,2,후면,0,,,,,,
1633,54.43,0,0,0,0,0,2,후면,0,,,,,,
1634,54.47,0,0,0,0,0,2,후면,0,,,,,,
1635,54.5,0,0,0,1,0,2,후면,0,,,,,,
1636,54.53,0,0,0,1,0,2,후면,0,,,,,,
1637,54.57,0,0,0,1,0,2,후면,0,,,,,,
1638,54.6,0,0,0,1,0,2,후면,0,,,,,,
1639,54.63,0,0,0,1,0,2,후면,0,,,,,,
1640,54.67,0,0,0,1,0,2,후면,0,,,,,,
1641,54.7,0,0,0,1,0,2,후면,0,,,,,,
1642,54.73,1,0,0,1,0,2,후면,0,,,,,,
1643,54.77,1,0,0,1,0,2,후면,0,,,,,,
1644,54.8,1,0,0,1,0,2,후면,0,,,,,,
1645,54.83,1,0,0,1,0,2,후면,0,,,,,,
1646,54.87,1,0,0,1,0,2,후면,0,,,,,,
1647,54.9,1,0,0,1,0,2,후면,0,,,,,,
1648,54.93,1,0,0,1,0,2,후면,0,,,,,,
1649,54.97,1,0,0,1,0,2,후면,0,,,,,,
1650,55.0,1,0,0,1,0,2,후면,0,,,,,,
1651,55.03,1,0,0,1,0,2,후면,0,,,,,,
1652,55.07,1,0,0,1,0,2,후면,0,,,,,,
1653,55.1,0,0,0,1,0,2,후면,0,,,,,,
1654,55.13,0,0,0,1,0,2,후면,0,,,,,,
1655,55.17,0,0,0,1,0,2,후면,0,,,,,,
1656,55.2,0,0,0,1,0,2,후면,0,,,,,,
1657,55.23,1,0,0,1,0,2,후면,0,,,,,,
1658,55.27,1,0,0,1,0,2,후면,0,,,,,,
1659,55.3,1,0,0,1,0,2,후면,0,,,,,,
1660,55.33,1,0,0,1,0,2,후면,0,,,,,,
1661,55.37,1,0,0,1,0,2,후면,0,1.1,-42.6,-24.5,-0.007,1.327,-71.9
1662,55.4,1,0,0,1,0,2,후면,1,1.06,-36.2,-23.4,0.154,1.307,-77.2
1663,55.43,1,0,0,1,0,2,후면,1,1.033,-31.3,-22.5,0.273,1.28,-81.2
1664,55.47,1,0,0,1,0,2,후면,1,1.017,-28.2,-21.4,0.345,1.258,-83.3
1665,55.5,1,0,0,1,0,2,후면,1,1.006,-26.6,-20.4,0.382,1.242,-83.8
1666,55.53,1,0,0,1,0,2,후면,1,1.005,-24.2,-19.4,0.434,1.23,-85.3
1667,55.57,1,0,0,1,0,2,후면,1,1.002,-23.5,-18.4,0.448,1.224,-84.9
1668,55.6,1,0,0,1,0,2,후면,1,1.007,-22.0,-17.4,0.48,1.22,-85.4
1669,55.63,1,0,0,1,0,2,후면,0,1.008,-22.0,-16.4,0.481,1.221,-84.4
1670,55.67,1,0,0,1,0,2,후면,0,1.016,-22.0,-15.4,0.48,1.228,-83.4
1671,55.7,1,0,0,1,0,2,후면,0,1.02,-22.0,-14.4,0.481,1.232,-82.4
1672,55.73,1,0,0,1,0,2,후면,0,1.027,-22.0,-13.4,0.481,1.239,-81.4
1673,55.77,1,0,0,1,0,2,후면,0,1.035,-22.0,-12.4,0.48,1.246,-80.4
1674,55.8,1,0,0,1,0,2,후면,0,1.043,-22.0,-11.5,0.481,1.253,-79.4
1675,55.83,1,0,0,1,0,2,후면,0,1.05,-22.0,-10.5,0.481,1.259,-78.5
1676,55.87,1,0,0,1,0,2,후면,0,1.057,-22.0,-9.5,0.48,1.266,-77.5
1677,55.9,1,0,0,1,0,2,후면,0,1.064,-22.0,-8.5,0.478,1.272,-76.5
1678,55.93,1,0,0,1,0,2,후면,0,1.07,-22.0,-7.6,0.477,1.278,-75.6
1679,55.97,1,0,0,1,0,2,후면,0,1.078,-22.0,-6.8,0.474,1.285,-74.8
1680,56.0,1,0,0,1,0,4,후면,0,1.082,-22.0,-6.0,-0.294,1.038,-74.0
1681,56.03,1,0,0,1,0,2,후면,0,1.084,-22.0,-5.2,-0.323,1.032,-73.2
1682,56.07,1,0,0,1,0,2,후면,0,1.086,-22.0,-4.5,-0.327,1.032,-72.4
1683,56.1,1,0,0,1,0,2,후면,0,1.087,-22.0,-3.8,-0.33,1.032,-71.8
1684,56.13,1,0,0,1,0,2,후면,0,1.088,-22.0,-3.2,-0.333,1.03,-71.2
1685,56.17,1,0,0,1,0,2,후면,0,1.089,-22.0,-2.7,-0.336,1.029,-70.7
1686,56.2,1,0,0,1,0,2,후면,0,1.097,-22.0,-2.1,-0.341,1.034,-70.1
1687,56.23,1,0,0,1,0,2,후면,0,1.105,-22.0,-1.7,-0.346,1.039,-69.6
1688,56.27,1,0,0,1,0,2,후면,0,1.105,-22.0,-1.3,-0.348,1.038,-69.2
1689,56.3,1,0,0,1,0,2,후면,0,1.11,-22.0,-0.8,-0.352,1.041,-68.8
1690,56.33,1,0,0,1,0,2,후면,0,1.113,-22.0,-0.5,-0.355,1.042,-68.5
1691,56.37,1,0,0,1,0,2,후면,0,1.114,-22.0,-0.2,-0.358,1.041,-68.2
1692,56.4,1,0,0,1,0,2,후면,0,1.111,-22.0,-0.0,-0.357,1.039,-68.0
1693,56.43,1,0,0,1,0,2,후면,0,1.112,-22.0,0.2,-0.358,1.039,-67.8
1694,56.47,1,0,0,1,0,2,후면,0,1.11,-22.0,0.5,-0.359,1.037,-67.5
1695,56.5,1,0,0,1,0,2,후면,0,1.11,-22.0,0.7,-0.361,1.036,-67.3
1696,56.53,1,0,0,1,0,2,후면,0,1.109,-22.0,0.8,-0.362,1.035,-67.2
1697,56.57,1,0,0,1,0,2,후면,0,1.11,-22.0,0.9,-0.362,1.035,-67.0
1698,56.6,1,0,0,1,0,2,후면,0,1.111,-22.0,1.0,-0.363,1.035,-67.0
1699,56.63,1,0,0,1,0,2,후면,0,1.111,-22.0,1.1,-0.364,1.036,-66.9
1700,56.67,1,0,0,1,0,2,후면,0,1.111,-22.0,1.2,-0.364,1.035,-66.8
1701,56.7,1,0,0,1,0,2,후면,0,1.111,-22.0,1.3,-0.364,1.035,-66.7
1702,56.73,1,0,0,1,0,2,후면,0,1.109,-22.0,1.3,-0.364,1.033,-66.6
1703,56.77,1,0,0,1,0,2,후면,0,1.108,-22.0,1.4,-0.364,1.032,-66.6
1704,56.8,1,0,0,1,0,2,후면,0,1.109,-22.0,1.5,-0.364,1.032,-66.5
1705,56.83,1,0,0,1,0,2,후면,0,1.108,-22.0,1.6,-0.364,1.032,-66.4
1706,56.87,1,0,0,1,0,2,후면,0,1.111,-22.0,1.7,-0.365,1.034,-66.3
1707,56.9,1,0,0,1,0,2,후면,0,1.115,-22.0,1.8,-0.367,1.037,-66.2
1708,56.93,1,0,0,1,0,2,후면,0,1.119,-22.0,1.9,-0.368,1.039,-66.1
1709,56.97,1,0,0,1,0,2,후면,0,1.123,-22.0,2.0,-0.37,1.043,-66.0
1710,57.0,1,0,0,1,0,2,후면,0,1.127,-22.0,2.1,-0.371,1.045,-65.9
1711,57.03,1,0,0,1,0,2,후면,0,1.128,-22.0,2.1,-0.371,1.047,-65.8
1712,57.07,1,0,0,1,0,2,후면,0,1.127,-22.0,2.2,-0.371,1.046,-65.8
1713,57.1,1,0,0,1,1,3,후면,0,1.129,-22.0,2.3,-0.059,1.156,-65.7
1714,57.13,1,0,0,1,1,3,후면,0,1.128,-22.0,2.4,-0.059,1.156,-65.6
1715,57.17,1,0,0,1,1,3,후면,0,1.128,-22.0,2.5,-0.06,1.156,-65.4
1716,57.2,1,0,0,1,1,3,후면,0,1.13,-22.0,2.7,-0.062,1.157,-65.3
1717,57.23,1,0,0,1,1,3,후면,0,1.134,-22.0,2.8,-0.064,1.161,-65.2
1718,57.27,1,0,0,1,1,3,후면,0,1.138,-22.0,2.9,-0.065,1.165,-65.1
1719,57.3,1,0,0,1,1,3,후면,0,1.143,-22.0,3.0,-0.067,1.169,-65.0
1720,57.33,1,0,0,1,1,3,후면,0,1.147,-22.0,3.1,-0.069,1.172,-64.9
1721,57.37,1,0,0,1,1,3,후면,0,1.152,-22.0,3.2,-0.071,1.176,-64.8
1722,57.4,1,0,0,1,1,3,후면,0,1.156,-22.0,3.2,-0.073,1.18,-64.8
1723,57.43,1,0,0,1,1,3,후면,0,1.159,-22.0,3.3,-0.075,1.183,-64.7
1724,57.47,1,0,0,1,1,3,후면,0,1.164,-22.0,3.3,-0.077,1.187,-64.7
1725,57.5,1,0,0,1,1,3,후면,0,1.167,-22.0,3.3,-0.078,1.191,-64.7
1726,57.53,1,0,0,1,1,3,후면,0,1.171,-22.0,3.3,-0.08,1.194,-64.6
1727,57.57,1,0,0,1,1,3,후면,0,1.176,-22.0,3.4,-0.081,1.198,-64.6
1728,57.6,1,0,0,1,1,3,후면,0,1.18,-22.0,3.4,-0.084,1.202,-64.6
1729,57.63,1,0,0,1,1,3,후면,0,1.184,-22.0,3.4,-0.086,1.206,-64.6
1730,57.67,1,0,0,1,1,3,후면,0,1.19,-22.0,3.3,-0.088,1.211,-64.6
1731,57.7,1,0,0,1,1,3,후면,0,1.19,-22.0,3.3,-0.089,1.212,-64.7
1732,57.73,1,0,0,1,1,3,후면,0,1.196,-22.0,3.3,-0.091,1.217,-64.7
1733,57.77,1,0,0,1,1,3,후면,0,1.199,-22.0,3.3,-0.093,1.221,-64.7
1734,57.8,1,0,0,1,1,2,후면,0,1.203,-22.0,3.3,-0.406,1.114,-64.7
1735,57.83,1,0,0,1,1,2,후면,0,1.208,-22.0,3.3,-0.408,1.119,-64.7
1736,57.87,1,0,0,1,1,3,후면,0,1.213,-22.0,3.3,-0.1,1.234,-64.7
1737,57.9,1,0,0,1,1,3,후면,0,1.218,-22.0,3.2,-0.102,1.238,-64.7
1738,57.93,1,0,0,1,1,3,후면,0,1.222,-22.0,3.2,-0.104,1.242,-64.8
1739,57.97,1,0,0,1,1,3,후면,0,1.23,-22.0,3.2,-0.106,1.249,-64.8
1740,58.0,1,0,0,1,1,3,후면,0,1.235,-22.0,3.1,-0.108,1.255,-64.9
1741,58.03,1,0,0,1,1,3,후면,0,1.243,-22.0,3.0,-0.112,1.262,-65.0
1742,58.07,1,0,0,1,1,3,후면,0,1.25,-22.0,3.0,-0.115,1.268,-65.0
1743,58.1,1,0,0,1,1,3,후면,0,1.261,-22.0,2.9,-0.119,1.277,-65.1
1744,58.13,1,0,0,1,1,3,후면,0,1.269,-22.0,2.8,-0.122,1.285,-65.2
1745,58.17,1,0,0,1,1,3,후면,0,1.284,-22.0,2.6,-0.128,1.297,-65.3
1746,58.2,1,0,0,1,1,3,후면,0,1.296,-22.0,2.4,-0.133,1.308,-65.5
1747,58.23,1,0,0,1,1,3,후면,0,1.302,-22.0,2.2,-0.135,1.313,-65.8
1748,58.27,1,0,0,1,1,3,후면,0,1.306,-22.0,2.0,-0.137,1.317,-66.0
1749,58.3,1,0,0,1,1,3,후면,0,1.309,-22.0,1.8,-0.137,1.32,-66.2
1750,58.33,1,0,0,1,1,3,후면,0,1.306,-22.0,1.6,-0.135,1.318,-66.4
1751,58.37,1,0,0,1,1,3,후면,0,1.302,-22.0,1.4,-0.133,1.315,-66.6
1752,58.4,1,0,0,1,1,3,후면,0,1.301,-22.0,1.3,-0.132,1.315,-66.7
1753,58.43,1,0,0,1,1,3,후면,0,1.301,-22.0,1.2,-0.131,1.315,-66.8
1754,58.47,1,0,0,1,1,3,후면,0,1.304,-22.0,1.2,-0.133,1.318,-66.8
1755,58.5,1,0,0,1,1,3,후면,0,1.305,-22.0,1.1,-0.134,1.319,-66.9
1756,58.53,1,0,0,1,1,3,후면,0,1.31,-22.0,1.1,-0.135,1.324,-66.9
1757,58.57,1,0,0,1,1,3,후면,0,1.31,-22.0,1.0,-0.136,1.324,-67.0
1758,58.6,1,0,0,1,1,3,후면,0,1.312,-22.0,0.9,-0.136,1.326,-67.1
1759,58.63,1,0,0,1,1,3,후면,0,1.316,-22.0,0.9,-0.137,1.33,-67.1
1760,58.67,1,0,0,1,1,3,후면,0,1.321,-22.0,0.8,-0.139,1.335,-67.1
1761,58.7,1,0,0,1,1,3,후면,0,1.326,-22.0,0.8,-0.141,1.34,-67.2
1762,58.73,1,0,0,1,1,4,후면,0,1.331,-22.0,0.8,-0.441,1.228,-67.2
1763,58.77,1,0,0,1,1,4,후면,0,1.338,-22.0,0.7,-0.443,1.234,-67.3
1764,58.8,1,0,0,1,1,4,후면,0,1.345,-22.0,0.7,-0.445,1.241,-67.3
1765,58.83,1,0,0,1,1,4,후면,0,1.351,-22.0,0.7,-0.448,1.246,-67.3
1766,58.87,1,0,0,1,1,4,후면,0,1.36,-22.0,0.6,-0.451,1.253,-67.3
1767,58.9,1,0,0,1,1,4,후면,0,1.365,-22.0,0.6,-0.453,1.259,-67.4
1768,58.93,1,0,0,1,1,4,후면,0,1.373,-22.0,0.6,-0.455,1.266,-67.4
1769,58.97,1,0,0,1,1,4,후면,0,1.383,-22.0,0.6,-0.459,1.274,-67.4
1770,59.0,1,0,0,1,1,4,후면,0,1.394,-22.0,0.6,-0.463,1.283,-67.4
1771,59.03,1,0,0,1,1,4,후면,0,1.401,-22.0,0.6,-0.466,1.29,-67.4
1772,59.07,1,0,0,1,1,4,후면,0,1.413,-22.0,0.6,-0.471,1.3,-67.4
1773,59.1,1,0,0,1,1,4,후면,0,1.423,-22.0,0.6,-0.475,1.309,-67.4
1774,59.13,1,0,0,1,1,4,후면,0,1.433,-22.0,0.5,-0.479,1.317,-67.4
1775,59.17,1,0,0,1,1,4,후면,0,1.437,-22.0,0.5,-0.48,1.321,-67.5
1776,59.2,1,0,0,1,1,4,후면,0,1.446,-22.0,0.5,-0.484,1.33,-67.5
1777,59.23,1,0,0,1,1,4,후면,0,1.46,-22.0,0.5,-0.489,1.341,-67.5
1778,59.27,1,0,0,1,1,4,후면,0,1.473,-22.0,0.4,-0.493,1.353,-67.6
1779,59.3,1,0,0,1,1,4,후면,0,1.48,-22.0,0.4,-0.496,1.36,-67.6
1780,59.33,1,0,0,1,1,4,후면,0,1.486,-22.0,0.4,-0.498,1.365,-67.6
1781,59.37,1,0,0,1,1,4,후면,0,1.494,-22.0,0.3,-0.5,1.373,-67.6
1782,59.4,1,0,0,1,1,4,후면,0,1.501,-22.0,0.3,-0.503,1.38,-67.7
1783,59.43,1,0,0,1,1,4,후면,0,1.507,-22.0,0.3,-0.505,1.385,-67.7
1784,59.47,1,0,0,1,1,4,후면,0,1.51,-22.0,0.3,-0.507,1.388,-67.6
1785,59.5,1,0,0,1,1,4,후면,0,1.514,-22.0,0.4,-0.509,1.393,-67.6
1786,59.53,1,0,0,1,1,4,후면,0,1.516,-22.0,0.4,-0.509,1.395,-67.6
1787,59.57,1,0,0,1,1,4,후면,0,1.519,-22.0,0.4,-0.511,1.399,-67.6
1788,59.6,1,0,0,1,1,4,후면,0,1.523,-22.0,0.4,-0.512,1.402,-67.6
1789,59.63,1,0,0,1,1,4,후면,0,1.531,-22.0,0.4,-0.213,1.528,-67.6
1790,59.67,1,0,0,1,1,4,후면,0,1.535,-22.0,0.5,-0.517,1.413,-67.5
1791,59.7,1,0,0,1,1,4,후면,0,1.54,-22.0,0.5,-0.216,1.537,-67.5
1792,59.73,1,0,0,1,1,4,후면,0,1.547,-22.0,0.5,-0.218,1.543,-67.5
1793,59.77,1,0,0,1,1,4,후면,0,1.55,-22.0,0.5,-0.218,1.546,-67.5
1794,59.8,1,0,0,1,1,4,후면,0,1.557,-22.0,0.5,-0.219,1.553,-67.5
1795,59.83,1,0,0,1,1,4,후면,0,1.563,-22.0,0.5,-0.22,1.558,-67.5
1796,59.87,1,0,0,1,1,4,후면,0,1.566,-22.0,0.6,-0.221,1.561,-67.4
1797,59.9,1,0,0,1,1,4,후면,0,1.567,-22.0,0.7,-0.222,1.562,-67.3
1798,59.93,1,0,0,1,1,4,후면,0,1.564,-22.0,0.7,-0.525,1.44,-67.2
1799,59.97,1,0,0,1,1,4,후면,0,1.57,-22.0,0.9,-0.225,1.565,-67.1
1800,60.0,1,0,0,1,1,4,후면,0,1.584,-22.0,1.0,-0.229,1.576,-67.0
1801,60.03,1,0,0,1,1,4,후면,0,1.599,-22.0,1.1,-0.232,1.589,-66.9
1802,60.07,1,0,0,1,1,4,후면,0,1.608,-22.0,1.2,-0.234,1.598,-66.8
1803,60.1,1,0,0,1,1,4,후면,0,1.618,-22.0,1.3,-0.236,1.607,-66.7
1804,60.13,1,0,0,1,1,4,후면,0,1.628,-22.0,1.4,-0.238,1.615,-66.6
1805,60.17,1,0,0,1,1,4,후면,0,1.631,-22.0,1.5,-0.239,1.617,-66.5
1806,60.2,1,0,0,1,1,4,후면,0,1.625,-22.0,1.6,-0.238,1.613,-66.3
1807,60.23,1,0,0,1,1,4,후면,0,1.625,-22.0,1.8,-0.237,1.612,-66.2
1808,60.27,1,0,0,1,1,4,후면,0,1.621,-22.0,1.9,-0.235,1.61,-66.0
1809,60.3,1,0,0,1,1,4,후면,0,1.617,-22.0,2.1,-0.234,1.607,-65.9
1810,60.33,1,0,0,1,1,4,후면,0,1.622,-22.0,2.3,-0.236,1.611,-65.7
1811,60.37,1,0,0,1,1,4,후면,0,1.63,-22.0,2.5,-0.238,1.617,-65.5
1812,60.4,1,0,0,1,1,4,후면,0,1.623,-22.0,2.7,-0.236,1.611,-65.3
1813,60.43,1,0,0,1,1,4,후면,0,1.624,-22.0,2.9,-0.236,1.613,-65.1
1814,60.47,1,0,0,1,1,4,후면,0,1.63,-22.0,3.1,-0.238,1.617,-64.9
1815,60.5,1,0,0,1,1,4,후면,0,1.638,-22.0,3.3,-0.241,1.624,-64.7
1816,60.53,1,0,0,1,1,4,후면,0,1.634,-22.0,3.6,-0.24,1.62,-64.4
1817,60.57,1,0,0,1,1,4,후면,0,1.633,-22.0,3.8,-0.24,1.62,-64.2
1818,60.6,1,0,0,1,1,4,후면,0,1.631,-22.0,4.0,-0.24,1.618,-63.9
1819,60.63,1,0,0,1,1,4,후면,0,1.639,-22.0,4.3,-0.242,1.625,-63.7
1820,60.67,1,0,0,1,1,4,후면,0,1.638,-22.0,4.6,-0.242,1.624,-63.4
1821,60.7,1,0,0,1,1,4,후면,0,1.627,-22.0,4.8,-0.546,1.492,-63.2
1822,60.73,1,0,0,1,1,4,후면,0,1.624,-22.0,5.0,-0.545,1.49,-63.0
1823,60.77,1,0,0,1,1,4,후면,0,1.621,-22.0,5.3,-0.545,1.487,-62.6
1824,60.8,1,0,0,1,1,4,후면,0,1.615,-22.0,5.7,-0.543,1.482,-62.3
1825,60.83,1,0,0,1,1,4,후면,0,1.609,-22.0,5.9,-0.541,1.477,-62.1
1826,60.87,1,0,0,1,1,4,후면,0,1.611,-22.0,6.3,-0.542,1.479,-61.7
1827,60.9,1,0,0,1,1,4,후면,0,1.611,-22.0,6.5,-0.542,1.479,-61.4
1828,60.93,1,0,0,1,1,4,후면,0,1.61,-22.0,6.8,-0.541,1.478,-61.2
1829,60.97,1,0,0,1,1,4,후면,0,1.607,-22.0,7.2,-0.541,1.476,-60.8
1830,61.0,1,0,0,1,1,4,후면,0,1.602,-22.0,7.5,-0.54,1.472,-60.4
1831,61.03,1,0,0,1,1,4,후면,0,1.597,-22.0,7.8,-0.537,1.468,-60.1
1832,61.07,1,0,0,1,1,4,후면,0,1.597,-22.0,8.2,-0.537,1.468,-59.8
1833,61.1,1,0,0,1,1,4,후면,0,1.6,-22.0,8.6,-0.539,1.47,-59.4
1834,61.13,1,0,0,1,1,4,후면,0,1.595,-22.0,8.9,-0.536,1.467,-59.1
1835,61.17,1,0,0,1,2,4,후면,0,1.6,-22.0,9.3,-0.537,1.472,-58.7
1836,61.2,1,0,0,1,1,4,후면,0,1.599,-22.0,9.7,-0.535,1.472,-58.3
1837,61.23,1,0,0,1,1,4,후면,0,1.598,-22.0,10.2,-0.537,1.471,-57.8
1838,61.27,1,0,0,1,1,4,후면,0,1.605,-22.0,10.7,-0.543,1.478,-57.3
1839,61.3,1,0,0,1,1,3,후면,0,1.622,-22.0,11.2,-0.865,1.375,-56.8
1840,61.33,1,0,0,1,1,3,후면,0,1.635,-22.0,11.7,-0.872,1.385,-56.3
1841,61.37,1,0,0,1,1,3,후면,0,1.637,-22.0,12.2,-0.876,1.386,-55.8
1842,61.4,1,0,0,1,1,3,후면,0,1.639,-22.0,12.7,-0.879,1.388,-55.3
1843,61.43,1,0,0,1,1,3,후면,0,1.632,-22.0,13.2,-0.879,1.383,-54.8
1844,61.47,1,0,0,1,1,2,후면,0,1.63,-22.0,13.6,-1.379,1.186,-54.4
1845,61.5,1,0,0,1,1,2,후면,0,1.633,-22.0,14.1,-1.381,1.188,-53.9
1846,61.53,1,0,0,1,1,2,후면,0,1.628,-22.0,14.5,-1.378,1.183,-53.5
1847,61.57,1,0,0,1,1,2,후면,0,1.628,-22.0,15.0,-1.379,1.183,-53.0
1848,61.6,1,0,0,1,1,2,후면,0,1.621,-22.0,15.4,-1.374,1.178,-52.6
1849,61.63,1,0,0,1,1,2,후면,0,1.625,-22.0,15.9,-1.377,1.181,-52.1
1850,61.67,1,0,0,1,1,2,후면,0,1.625,-22.0,16.3,-1.377,1.181,-51.7
1851,61.7,1,0,0,1,1,2,후면,0,1.627,-22.0,16.8,-1.378,1.183,-51.2
1852,61.73,1,0,0,1,1,2,후면,0,1.617,-22.0,17.2,-1.371,1.177,-50.8
1853,61.77,1,0,0,1,1,2,후면,0,1.612,-22.0,17.7,-1.368,1.173,-50.3
1854,61.8,1,0,0,1,1,2,후면,0,1.595,-22.0,18.2,-1.358,1.162,-49.8
1855,61.83,1,0,0,1,1,3,후면,0,1.592,-22.0,18.7,-1.356,1.159,-49.3
1856,61.87,1,0,0,1,2,3,후면,0,1.578,-22.0,19.2,-1.348,1.149,-48.7
1857,61.9,1,0,0,1,1,2,후면,0,1.567,-22.0,19.8,-1.342,1.141,-48.2
1858,61.93,1,0,0,1,1,2,후면,0,1.558,-22.0,20.3,-1.337,1.135,-47.7
1859,61.97,1,0,0,1,1,2,후면,0,1.549,-22.0,20.9,-1.332,1.128,-47.1
1860,62.0,1,0,0,1,1,2,후면,0,1.544,-22.0,21.4,-1.329,1.125,-46.6
1861,62.03,1,0,0,1,1,2,후면,0,1.539,-22.0,21.9,-1.326,1.121,-46.1
1862,62.07,1,0,0,1,1,2,후면,0,1.532,-22.0,22.5,-1.322,1.117,-45.5
1863,62.1,1,0,0,1,1,2,후면,0,1.522,-22.0,23.0,-1.315,1.11,-45.0
1864,62.13,1,0,0,1,1,2,후면,0,1.509,-22.0,23.6,-1.308,1.1,-44.4
1865,62.17,1,0,0,1,1,2,후면,0,1.504,-22.0,24.1,-1.306,1.096,-43.9
1866,62.2,1,0,0,1,1,2,후면,0,,,,,,
1867,62.23,1,0,0,1,1,2,후면,0,,,,,,
1868,62.27,1,0,0,1,1,2,후면,0,,,,,,
1869,62.3,1,0,0,1,1,2,후면,0,,,,,,
1870,62.33,1,0,0,1,1,2,후면,0,,,,,,
1871,62.37,1,0,0,1,1,2,후면,0,,,,,,
1872,62.4,1,0,0,1,1,2,후면,0,,,,,,
1873,62.43,1,0,0,1,1,2,후면,0,,,,,,
1874,62.47,1,0,0,1,1,2,후면,0,,,,,,
1875,62.5,1,0,0,1,1,2,후면,0,,,,,,
1876,62.53,1,0,0,1,1,2,후면,0,,,,,,
1877,62.57,1,0,0,1,1,2,후면,0,,,,,,
1878,62.6,1,0,0,1,1,2,후면,0,,,,,,
1879,62.63,1,0,0,1,1,2,후면,0,,,,,,
1880,62.67,1,0,0,1,1,2,후면,0,,,,,,
1881,62.7,1,0,0,1,1,2,후면,0,1.492,-22.0,25.7,-1.213,1.169,-42.3
1882,62.73,1,0,0,1,1,2,후면,0,,,,,,
1883,62.77,1,0,0,1,1,2,후면,0,,,,,,
1884,62.8,1,0,0,1,1,2,후면,0,,,,,,
1885,62.83,1,0,0,1,1,2,후면,0,,,,,,
1886,62.87,1,0,0,1,1,2,후면,0,,,,,,
1887,62.9,1,0,0,1,1,2,후면,0,,,,,,
1888,62.93,1,0,0,1,1,2,후면,0,,,,,,
1889,62.97,0,0,0,1,1,2,후면,0,,,,,,
1890,63.0,0,0,0,1,1,2,후면,0,,,,,,
1891,63.03,0,0,0,1,1,2,후면,0,,,,,,
1892,63.07,0,0,0,1,1,2,후면,0,,,,,,
1893,63.1,0,0,0,1,1,2,후면,0,,,,,,
1894,63.13,0,0,0,1,1,2,후면,0,,,,,,
1895,63.17,0,0,0,1,1,2,후면,0,,,,,,
1896,63.2,0,0,0,1,1,2,후면,0,,,,,,
1897,63.23,0,0,0,1,1,2,후면,0,,,,,,
1898,63.27,0,0,0,1,1,2,후면,0,,,,,,
1899,63.3,0,0,0,1,0,2,후면,0,,,,,,
1900,63.33,0,0,0,1,1,2,후면,0,,,,,,
1901,63.37,0,0,0,0,0,2,후면,0,,,,,,
1902,63.4,0,0,0,0,0,2,후면,0,,,,,,
1903,63.43,0,0,0,0,0,2,후면,0,,,,,,
1904,63.47,0,0,0,0,0,2,후면,0,,,,,,
1905,63.5,0,0,0,0,0,2,후면,0,,,,,,
1906,63.53,0,0,0,0,0,2,후면,0,,,,,,
1907,63.57,0,0,0,0,0,2,후면,0,,,,,,
1908,63.6,0,0,0,0,0,2,후면,0,,,,,,
1909,63.63,0,0,0,0,0,2,후면,0,,,,,,
1910,63.67,0,0,0,0,0,2,후면,0,,,,,,
1911,63.7,0,0,0,0,0,2,후면,0,,,,,,
1912,63.73,0,0,0,0,0,2,후면,0,,,,,,
1913,63.77,0,0,0,0,0,2,후면,0,,,,,,
1914,63.8,0,0,0,0,0,2,후면,0,,,,,,
1915,63.83,0,0,0,0,0,2,후면,0,,,,,,
1916,63.87,0,0,0,0,0,2,후면,0,,,,,,
1917,63.9,0,0,0,0,0,2,후면,0,,,,,,
1918,63.93,0,0,0,0,0,2,후면,0,,,,,,
1919,63.97,0,0,0,0,0,2,후면,0,,,,,,
1920,64.0,0,0,0,0,0,2,후면,0,,,,,,
1921,64.03,0,0,0,0,0,2,후면,0,,,,,,
1922,64.07,0,0,0,0,0,2,후면,0,,,,,,
1923,64.1,0,0,0,0,0,2,후면,0,,,,,,
1924,64.13,0,0,0,0,0,2,후면,0,,,,,,
1925,64.17,0,0,0,0,0,2,후면,0,,,,,,
1926,64.2,0,0,0,0,0,2,후면,0,,,,,,
1927,64.23,0,0,0,0,0,2,후면,0,,,,,,
1928,64.27,0,0,0,0,0,1,후면,0,,,,,,
1929,64.3,0,0,0,0,0,0,후면,0,,,,,,
1930,64.33,0,0,0,0,0,0,후면,0,,,,,,
1931,64.37,0,0,0,0,0,0,후면,0,,,,,,
1932,64.4,0,0,0,0,1,0,후면,0,,,,,,
1933,64.43,0,0,0,0,0,0,후면,0,,,,,,
1934,64.47,0,0,0,0,1,0,후면,0,,,,,,
1935,64.5,0,0,0,0,1,0,후면,0,,,,,,
1936,64.53,0,0,0,0,0,0,후면,0,,,,,,
1937,64.57,0,0,0,0,0,0,후면,0,,,,,,
1938,64.6,0,0,0,0,0,0,후면,0,,,,,,
1939,64.63,0,0,0,0,0,0,후면,0,,,,,,
1940,64.67,0,0,0,0,0,0,후면,0,,,,,,
1941,64.7,0,0,0,0,0,0,후면,0,,,,,,
1942,64.73,0,0,0,0,0,0,후면,0,,,,,,
1943,64.77,0,0,0,0,1,0,후면,0,,,,,,
1944,64.8,0,0,0,0,0,0,후면,0,,,,,,
1945,64.83,0,0,0,0,0,0,후면,0,,,,,,
1946,64.87,0,0,0,0,0,0,후면,0,,,,,,
1947,64.9,0,0,0,0,0,0,후면,0,,,,,,
1948,64.93,0,0,0,0,0,0,후면,0,,,,,,
1949,64.97,0,0,0,0,0,0,후면,0,,,,,,
1950,65.0,0,0,0,0,0,0,후면,0,,,,,,
1951,65.03,0,0,0,0,0,0,후면,0,,,,,,
1952,65.07,0,0,0,0,0,0,후면,0,,,,,,
1953,65.1,0,0,0,0,0,0,후면,0,,,,,,
1954,65.13,0,0,0,0,0,0,후면,0,,,,,,
1955,65.17,0,0,0,0,0,0,후면,0,,,,,,
1956,65.2,0,0,0,0,0,0,후면,0,,,,,,
1957,65.23,0,0,0,0,0,0,후면,0,,,,,,
1958,65.27,0,0,0,0,0,0,후면,0,,,,,,
1959,65.3,0,0,0,0,0,0,후면,0,,,,,,
1960,65.33,0,0,0,0,0,0,후면,0,,,,,,
1961,65.37,0,0,0,0,0,0,후면,0,,,,,,
1962,65.4,0,0,0,0,0,0,후면,0,,,,,,
1963,65.43,0,0,0,0,0,0,후면,0,,,,,,
1964,65.47,0,0,0,0,0,0,후면,0,,,,,,
1965,65.5,0,0,0,0,1,0,후면,0,,,,,,
1966,65.53,0,0,0,0,0,0,후면,0,,,,,,
1967,65.57,0,0,0,0,0,0,후면,0,,,,,,
1968,65.6,0,0,0,0,0,0,후면,0,,,,,,
1969,65.63,0,0,0,0,1,0,후면,0,,,,,,
1970,65.67,0,0,0,0,0,0,후면,0,,,,,,
1971,65.7,0,0,0,0,0,0,후면,0,,,,,,
1972,65.73,0,1,0,0,0,0,후면,0,,,,,,
1973,65.77,0,0,0,0,1,0,후면,0,,,,,,
1974,65.8,0,0,0,0,1,0,후면,0,,,,,,
1975,65.83,0,0,0,0,1,0,후면,0,,,,,,
1976,65.87,0,0,0,0,1,0,측면(불확실),0,,,,,,
1977,65.9,0,0,0,0,1,0,측면(불확실),0,,,,,,
1978,65.93,0,0,0,0,0,0,측면(불확실),0,,,,,,
1979,65.97,0,0,0,0,0,0,측면(불확실),0,,,,,,
1980,66.0,0,0,0,0,0,0,측면(불확실),0,,,,,,
1981,66.03,0,0,0,0,1,0,측면(불확실),0,,,,,,
1982,66.07,0,0,0,0,1,0,측면(불확실),0,,,,,,
1983,66.1,0,0,0,0,0,0,측면(불확실),0,,,,,,
1984,66.13,0,0,0,0,0,0,측면(불확실),0,,,,,,
1985,66.17,0,0,0,0,0,0,측면(불확실),0,,,,,,
1986,66.2,0,0,0,0,1,0,측면(불확실),0,,,,,,
1987,66.23,0,0,0,0,0,0,측면(불확실),0,,,,,,
1988,66.27,0,0,0,0,0,0,측면(불확실),0,,,,,,
1989,66.3,0,0,0,0,1,0,측면(불확실),0,,,,,,
1990,66.33,0,0,0,0,1,0,측면(불확실),0,,,,,,
1991,66.37,0,0,0,0,0,0,측면(불확실),0,,,,,,
1992,66.4,0,0,0,0,0,0,측면(불확실),0,,,,,,
1993,66.43,0,0,0,0,0,0,측면(불확실),0,,,,,,
1994,66.47,0,0,0,0,0,0,측면(불확실),0,,,,,,
1995,66.5,0,0,0,0,0,0,측면(불확실),0,,,,,,
1996,66.53,0,0,0,0,0,0,측면(불확실),0,,,,,,
1997,66.57,0,0,0,0,0,0,측면(불확실),0,,,,,,
1998,66.6,0,0,0,0,1,0,측면(불확실),0,,,,,,
1999,66.63,0,0,0,0,0,0,측면(불확실),0,,,,,,
2000,66.67,0,0,0,0,0,0,측면(불확실),0,,,,,,
2001,66.7,0,0,0,0,0,0,측면(불확실),0,,,,,,
2002,66.73,0,0,0,0,0,0,측면(불확실),0,,,,,,
2003,66.77,0,0,0,0,0,0,측면(불확실),0,,,,,,
2004,66.8,0,0,0,0,0,0,측면(불확실),0,,,,,,
2005,66.83,0,0,0,0,0,0,측면(불확실),0,,,,,,
2006,66.87,0,0,0,0,0,0,측면(불확실),0,,,,,,
2007,66.9,0,0,0,0,0,0,측면(불확실),0,,,,,,
2008,66.93,0,0,0,0,0,0,측면(불확실),0,,,,,,
2009,66.97,0,0,0,0,0,0,측면(불확실),0,,,,,,
2010,67.0,0,0,0,0,0,0,측면(불확실),0,,,,,,
2011,67.03,0,0,0,0,0,0,측면(불확실),0,,,,,,
2012,67.07,0,0,0,0,1,0,측면(불확실),0,,,,,,
2013,67.1,0,0,0,0,0,0,측면(불확실),0,,,,,,
2014,67.13,0,0,0,0,0,0,측면(불확실),0,,,,,,
2015,67.17,0,0,0,0,0,0,측면(불확실),0,,,,,,
2016,67.2,0,0,0,0,0,0,측면(불확실),0,,,,,,
2017,67.23,0,0,0,0,0,0,측면(불확실),0,,,,,,
2018,67.27,0,0,0,0,0,0,측면(불확실),0,,,,,,
2019,67.3,0,0,0,0,0,0,측면(불확실),0,,,,,,
2020,67.33,0,0,0,0,0,0,측면(불확실),0,,,,,,
2021,67.37,0,0,0,0,0,0,측면(불확실),0,,,,,,
2022,67.4,0,0,0,0,0,0,측면(불확실),0,,,,,,
2023,67.43,0,0,0,0,0,0,측면(불확실),0,,,,,,
2024,67.47,0,0,0,0,0,0,측면(불확실),0,,,,,,
2025,67.5,0,0,0,0,0,0,측면(불확실),0,,,,,,
2026,67.53,0,0,0,0,0,0,측면(불확실),0,,,,,,
2027,67.57,0,0,0,0,0,0,측면(불확실),0,,,,,,
2028,67.6,0,0,0,0,0,0,측면(불확실),0,,,,,,
2029,67.63,0,0,0,0,0,0,측면(불확실),0,,,,,,
2030,67.67,0,0,0,0,0,0,측면(불확실),0,,,,,,
2031,67.7,0,0,0,0,0,0,측면(불확실),0,,,,,,
2032,67.73,0,0,0,0,0,0,측면(불확실),0,,,,,,
2033,67.77,0,0,0,0,0,0,측면(불확실),0,,,,,,
2034,67.8,0,0,0,0,0,0,측면(불확실),0,,,,,,
2035,67.83,0,0,0,0,0,0,측면(불확실),0,,,,,,
2036,67.87,0,0,0,0,0,0,측면(불확실),0,,,,,,
2037,67.9,0,0,0,0,0,0,측면(불확실),0,,,,,,
2038,67.93,0,0,0,0,0,0,측면(불확실),0,,,,,,
2039,67.97,0,0,0,0,0,0,측면(불확실),0,,,,,,
2040,68.0,0,0,0,0,0,0,측면(불확실),0,,,,,,
2041,68.03,0,0,0,0,0,0,측면(불확실),0,,,,,,
2042,68.07,0,0,0,0,0,0,측면(불확실),0,,,,,,
2043,68.1,0,0,0,0,0,0,측면(불확실),0,,,,,,
2044,68.13,0,0,0,0,0,0,측면(불확실),0,,,,,,
2045,68.17,0,0,0,0,0,0,측면(불확실),0,,,,,,
2046,68.2,0,0,0,0,0,0,측면(불확실),0,,,,,,
2047,68.23,0,0,0,0,0,0,측면(불확실),0,,,,,,
2048,68.27,0,0,0,0,0,0,측면(불확실),0,,,,,,
2049,68.3,0,0,0,0,0,0,측면(불확실),0,,,,,,
2050,68.33,0,0,0,0,0,0,측면(불확실),0,,,,,,
2051,68.37,0,0,0,0,0,0,측면(불확실),0,,,,,,
2052,68.4,0,0,0,0,0,0,측면(불확실),0,,,,,,
2053,68.43,0,0,0,0,0,0,측면(불확실),0,,,,,,
2054,68.47,0,0,0,0,0,0,측면(불확실),0,,,,,,
2055,68.5,0,0,0,0,0,0,측면(불확실),0,,,,,,
2056,68.53,0,0,0,0,0,0,측면(불확실),0,,,,,,
2057,68.57,0,0,0,0,0,0,측면(불확실),0,,,,,,
2058,68.6,0,0,0,0,0,0,측면(불확실),0,,,,,,
2059,68.63,0,0,0,0,0,0,측면(불확실),0,,,,,,
2060,68.67,0,0,0,0,0,0,측면(불확실),0,,,,,,
2061,68.7,0,0,0,0,0,0,측면(불확실),0,,,,,,
2062,68.73,0,1,0,0,0,0,측면(불확실),0,,,,,,
2063,68.77,0,0,0,0,0,0,측면(불확실),0,,,,,,
2064,68.8,0,0,0,0,0,0,측면(불확실),0,,,,,,
2065,68.83,0,0,0,0,0,0,측면(불확실),0,,,,,,
2066,68.87,0,0,0,0,0,0,측면(불확실),0,,,,,,
2067,68.9,0,0,0,0,0,0,측면(불확실),0,,,,,,
2068,68.93,0,0,0,0,0,0,측면(불확실),0,,,,,,
2069,68.97,0,0,0,0,0,0,측면(불확실),0,,,,,,
2070,69.0,0,0,0,0,0,0,측면(불확실),0,,,,,,
2071,69.03,0,0,0,0,0,0,측면(불확실),0,,,,,,
2072,69.07,0,0,0,0,0,0,측면(불확실),0,,,,,,
2073,69.1,0,0,0,0,0,0,측면(불확실),0,,,,,,
2074,69.13,0,0,0,0,0,0,측면(불확실),0,,,,,,
2075,69.17,0,0,0,0,0,0,측면(불확실),0,,,,,,
2076,69.2,0,0,0,0,0,0,측면(불확실),0,,,,,,
2077,69.23,0,0,0,0,0,0,측면(불확실),0,,,,,,
2078,69.27,0,0,0,0,0,0,측면(불확실),0,,,,,,
2079,69.3,0,0,0,0,0,0,측면(불확실),0,,,,,,
2080,69.33,0,0,0,0,1,0,측면(불확실),0,,,,,,
2081,69.37,0,0,0,0,1,0,측면(불확실),0,,,,,,
2082,69.4,0,0,0,0,1,0,측면(불확실),0,,,,,,
2083,69.43,0,0,0,0,1,0,측면(불확실),0,,,,,,
2084,69.47,0,0,0,0,1,0,측면(불확실),0,,,,,,
2085,69.5,0,0,0,0,1,0,측면(불확실),0,,,,,,
2086,69.53,0,0,0,0,1,0,측면(불확실),0,,,,,,
2087,69.57,0,0,0,0,1,0,측면(불확실),0,,,,,,
2088,69.6,0,0,0,0,1,0,측면(불확실),0,,,,,,
2089,69.63,0,0,0,0,1,0,측면(불확실),0,,,,,,
2090,69.67,0,0,0,0,1,0,측면(불확실),0,,,,,,
2091,69.7,0,0,0,0,1,0,측면(불확실),0,,,,,,
2092,69.73,0,0,0,0,1,0,측면(불확실),0,,,,,,
2093,69.77,0,0,0,0,1,0,측면(불확실),0,,,,,,
2094,69.8,0,0,0,0,1,0,측면(불확실),0,,,,,,
2095,69.83,0,0,0,0,1,0,측면(불확실),0,,,,,,
2096,69.87,0,0,0,0,1,0,측면(불확실),0,,,,,,
2097,69.9,0,1,0,0,1,0,측면(불확실),0,,,,,,
2098,69.93,0,1,0,0,1,0,측면(불확실),0,,,,,,
2099,69.97,0,1,0,0,1,0,측면(불확실),0,,,,,,
2100,70.0,0,1,0,0,1,0,측면(불확실),0,,,,,,
2101,70.03,0,1,0,0,1,0,측면,0,,,,,,
2102,70.07,0,1,0,0,1,0,측면,0,,,,,,
2103,70.1,0,1,0,0,1,0,측면,0,,,,,,
2104,70.13,0,1,0,0,1,0,측면,0,,,,,,
2105,70.17,0,1,0,0,1,0,측면,0,,,,,,
2106,70.2,0,1,0,0,1,0,측면,0,,,,,,
2107,70.23,0,1,0,0,1,0,측면,0,,,,,,
2108,70.27,0,1,0,0,1,0,측면,0,,,,,,
2109,70.3,0,1,0,0,1,0,측면,0,,,,,,
2110,70.33,0,1,0,0,1,0,측면,0,,,,,,
2111,70.37,0,1,0,0,1,0,측면,0,,,,,,
2112,70.4,0,1,0,0,1,0,측면,0,,,,,,
2113,70.43,0,1,0,0,1,0,측면,0,,,,,,
2114,70.47,0,1,0,0,1,0,측면,0,,,,,,
2115,70.5,0,1,0,0,1,0,측면,0,,,,,,
2116,70.53,0,1,0,0,1,0,측면,0,,,,,,
2117,70.57,0,1,0,0,1,0,측면,0,,,,,,
2118,70.6,0,1,0,0,1,0,측면,0,,,,,,
2119,70.63,0,1,0,0,1,0,측면,0,,,,,,
2120,70.67,0,1,0,0,1,0,측면,0,,,,,,
2121,70.7,0,1,0,0,1,0,측면,0,,,,,,
2122,70.73,0,1,0,0,1,0,측면,0,,,,,,
2123,70.77,0,1,0,0,1,0,측면,0,,,,,,
2124,70.8,0,1,0,0,1,0,측면,0,,,,,,
2125,70.83,0,1,0,0,1,0,측면,0,,,,,,
2126,70.87,0,1,0,0,1,0,측면,0,,,,,,
2127,70.9,0,1,0,0,1,0,측면,0,,,,,,
2128,70.93,0,1,0,0,1,0,측면,0,,,,,,
2129,70.97,0,1,0,0,1,0,측면,0,,,,,,
2130,71.0,0,1,0,0,1,0,측면,0,,,,,,
2131,71.03,0,1,0,0,1,0,측면,0,,,,,,
2132,71.07,0,1,0,0,1,0,측면,0,,,,,,
2133,71.1,0,1,0,0,1,0,측면,0,,,,,,
2134,71.13,0,1,0,0,1,0,측면,0,,,,,,
2135,71.17,0,1,0,0,1,0,측면,0,,,,,,
2136,71.2,0,1,0,0,1,0,측면,0,,,,,,
2137,71.23,0,1,0,0,1,0,측면,0,,,,,,
2138,71.27,0,1,0,0,1,0,측면,0,,,,,,
2139,71.3,0,1,0,0,1,0,측면,0,,,,,,
2140,71.33,0,1,0,0,1,0,측면,0,,,,,,
2141,71.37,0,1,0,0,1,0,측면,0,,,,,,
2142,71.4,0,1,0,0,1,0,측면,0,,,,,,
2143,71.43,0,1,0,0,1,0,측면,0,,,,,,
2144,71.47,0,1,0,0,1,0,측면,0,,,,,,
2145,71.5,0,1,0,0,1,0,측면,0,,,,,,
2146,71.53,0,1,0,0,1,0,측면,0,,,,,,
2147,71.57,0,1,0,0,1,0,측면,0,,,,,,
2148,71.6,0,1,0,0,1,0,측면,0,,,,,,
2149,71.63,0,1,0,0,1,0,측면,0,,,,,,
2150,71.67,0,1,0,0,1,0,측면,0,,,,,,
2151,71.7,0,1,0,0,1,0,측면,0,,,,,,
2152,71.73,0,1,0,0,1,0,측면,0,,,,,,
2153,71.77,0,1,0,0,1,0,측면,0,,,,,,
2154,71.8,0,1,0,0,1,0,측면,0,,,,,,
2155,71.83,0,1,0,0,1,0,측면,0,,,,,,
2156,71.87,0,1,0,0,1,0,측면,0,,,,,,
2157,71.9,0,1,0,0,1,0,측면,0,,,,,,
2158,71.93,0,1,0,0,1,0,측면,0,,,,,,
2159,71.97,0,1,0,0,1,0,측면,0,,,,,,
2160,72.0,0,1,0,0,1,0,측면,0,,,,,,
2161,72.03,0,1,0,0,1,0,측면,0,,,,,,
2162,72.07,0,1,0,0,1,0,측면,0,,,,,,
2163,72.1,0,1,0,0,1,0,측면,0,,,,,,
2164,72.13,0,1,0,0,1,0,측면,0,,,,,,
2165,72.17,0,1,0,0,1,0,측면,0,,,,,,
2166,72.2,0,1,0,0,1,0,측면,0,,,,,,
2167,72.23,0,1,0,0,1,0,측면,0,,,,,,
2168,72.27,0,1,0,0,1,0,측면,0,,,,,,
2169,72.3,0,1,0,0,1,0,측면,0,,,,,,
2170,72.33,0,1,0,0,1,0,측면,0,,,,,,
2171,72.37,0,1,0,0,1,0,측면,0,,,,,,
2172,72.4,0,1,0,0,1,0,측면,0,,,,,,
2173,72.43,0,1,0,0,1,0,측면,0,,,,,,
2174,72.47,0,1,0,0,1,0,측면,0,,,,,,
2175,72.5,0,1,0,0,1,0,측면,0,,,,,,
2176,72.53,0,1,0,0,1,0,측면,0,,,,,,
2177,72.57,0,1,0,0,1,0,측면,0,,,,,,
2178,72.6,0,1,0,0,1,0,측면,0,,,,,,
2179,72.63,0,1,0,0,1,0,측면,0,,,,,,
2180,72.67,0,1,0,0,1,0,측면,0,,,,,,
2181,72.7,0,1,0,0,1,0,측면,0,,,,,,
2182,72.73,0,1,0,0,1,0,측면,0,,,,,,
2183,72.77,0,1,0,0,1,0,측면,0,,,,,,
2184,72.8,0,1,0,0,1,0,측면,0,,,,,,
2185,72.83,0,1,0,0,1,0,측면,0,,,,,,
2186,72.87,0,1,0,0,1,0,측면,0,,,,,,
2187,72.9,0,1,0,0,1,0,측면,0,,,,,,
2188,72.93,0,1,0,0,1,0,측면,0,,,,,,
2189,72.97,0,1,0,0,1,0,측면,0,,,,,,
2190,73.0,0,1,0,0,1,0,측면,0,,,,,,
2191,73.03,0,1,0,0,1,0,측면,0,,,,,,
2192,73.07,0,1,0,0,1,0,측면,0,,,,,,
2193,73.1,0,1,0,0,1,0,측면,0,,,,,,
2194,73.13,0,1,0,0,1,0,측면,0,,,,,,
2195,73.17,0,1,0,0,1,0,측면,0,,,,,,
2196,73.2,0,1,0,0,1,0,측면,0,,,,,,
2197,73.23,0,1,0,0,1,0,측면,0,,,,,,
2198,73.27,0,1,0,0,1,0,측면,0,,,,,,
2199,73.3,0,1,0,0,1,0,측면,0,,,,,,
2200,73.33,0,1,0,0,1,0,측면,0,,,,,,
2201,73.37,0,1,0,0,1,0,측면,0,,,,,,
2202,73.4,0,1,0,0,1,0,측면,0,,,,,,
2203,73.43,0,1,0,0,1,0,측면,0,,,,,,
2204,73.47,0,1,0,0,1,0,측면,0,,,,,,
2205,73.5,0,1,0,0,1,0,측면,0,,,,,,
2206,73.53,0,1,0,0,1,0,측면,0,,,,,,
2207,73.57,0,1,0,0,1,0,측면,0,,,,,,
2208,73.6,0,1,0,0,1,0,측면,0,,,,,,
2209,73.63,0,1,0,0,1,0,측면,0,,,,,,
2210,73.67,0,1,0,0,1,0,측면,0,,,,,,
2211,73.7,0,1,0,0,1,0,측면,0,,,,,,
2212,73.73,0,1,0,0,1,0,측면,0,,,,,,
2213,73.77,0,1,0,0,1,0,측면,0,,,,,,
2214,73.8,0,1,0,0,1,0,측면,0,,,,,,
2215,73.83,0,1,0,0,1,0,측면,0,,,,,,
2216,73.87,0,1,0,0,1,0,측면,0,,,,,,
2217,73.9,0,1,0,0,1,0,측면,0,,,,,,
2218,73.93,0,1,0,0,1,0,측면,0,,,,,,
2219,73.97,0,1,0,0,1,0,측면,0,,,,,,
2220,74.0,0,1,0,0,1,0,측면,0,,,,,,
2221,74.03,0,1,0,0,1,0,측면,0,,,,,,
2222,74.07,0,1,0,0,1,0,측면,0,,,,,,
2223,74.1,0,1,0,0,1,0,측면,0,,,,,,
2224,74.13,0,1,0,0,1,0,측면,0,,,,,,
2225,74.17,0,1,0,0,1,0,측면,0,,,,,,
2226,74.2,0,1,0,0,1,0,측면,0,,,,,,
2227,74.23,0,1,0,0,1,0,측면,0,,,,,,
2228,74.27,0,1,0,0,1,0,측면,0,,,,,,
2229,74.3,0,1,0,0,1,0,측면,0,,,,,,
2230,74.33,0,1,0,0,1,0,측면,0,,,,,,
2231,74.37,0,1,0,0,1,0,측면,0,,,,,,
2232,74.4,0,1,0,0,1,0,측면,0,,,,,,
2233,74.43,0,1,0,0,1,0,측면,0,,,,,,
2234,74.47,0,1,0,0,1,0,측면,0,,,,,,
2235,74.5,0,1,0,0,1,0,측면,0,,,,,,
2236,74.53,0,1,0,0,1,0,측면,0,,,,,,
2237,74.57,0,1,0,0,1,0,측면,0,,,,,,
2238,74.6,0,1,0,0,1,0,측면,0,,,,,,
2239,74.63,0,1,0,0,1,0,측면,0,,,,,,
2240,74.67,0,1,0,0,1,0,측면,0,,,,,,
2241,74.7,0,1,0,0,1,0,측면,0,,,,,,
2242,74.73,0,1,0,0,1,0,측면,0,,,,,,
2243,74.77,0,1,0,0,1,0,측면,0,,,,,,
2244,74.8,0,1,0,0,1,0,측면,0,,,,,,
2245,74.83,0,1,0,0,1,0,측면,0,,,,,,
2246,74.87,0,1,0,0,1,0,측면,0,,,,,,
2247,74.9,0,1,0,0,1,0,측면,0,,,,,,
2248,74.93,0,1,0,0,1,0,측면,0,,,,,,
2249,74.97,0,1,0,0,1,0,측면,0,,,,,,
2250,75.0,0,1,0,0,1,0,측면,0,,,,,,
2251,75.03,0,1,0,0,1,0,측면,0,,,,,,
2252,75.07,0,1,0,0,1,0,측면,0,,,,,,
2253,75.1,0,1,0,0,1,0,측면,0,,,,,,
2254,75.13,0,1,0,0,1,0,측면,0,,,,,,
2255,75.17,0,1,0,0,1,0,측면,0,,,,,,
2256,75.2,0,1,0,0,1,0,측면,0,,,,,,
2257,75.23,0,1,0,0,1,0,측면,0,,,,,,
2258,75.27,0,1,0,0,1,0,측면,0,,,,,,
2259,75.3,0,1,0,0,1,0,측면,0,,,,,,
2260,75.33,0,1,0,0,1,0,측면,0,,,,,,
2261,75.37,0,1,0,0,1,0,측면,0,,,,,,
2262,75.4,0,1,0,0,1,0,측면,0,,,,,,
2263,75.43,0,1,0,0,1,0,측면,0,,,,,,
2264,75.47,0,1,0,0,1,0,측면,0,,,,,,
2265,75.5,0,1,0,0,1,0,측면,0,,,,,,
2266,75.53,0,1,0,0,1,0,측면,0,,,,,,
2267,75.57,0,1,0,0,1,0,측면,0,,,,,,
2268,75.6,0,1,0,0,1,0,측면,0,,,,,,
2269,75.63,0,1,0,0,1,0,측면,0,,,,,,
2270,75.67,0,1,0,0,1,0,측면,0,,,,,,
2271,75.7,0,1,0,0,1,0,측면,0,,,,,,
2272,75.73,0,1,0,0,1,0,측면,0,,,,,,
2273,75.77,0,1,0,0,1,0,측면,0,,,,,,
2274,75.8,0,1,0,0,1,0,측면,0,,,,,,
2275,75.83,0,1,0,0,1,0,측면,0,,,,,,
2276,75.87,0,1,0,0,1,0,측면,0,,,,,,
2277,75.9,0,1,0,0,1,0,측면,0,,,,,,
2278,75.93,0,1,0,0,1,0,측면,0,,,,,,
2279,75.97,0,1,0,0,1,0,측면,0,,,,,,
2280,76.0,0,1,0,0,1,0,측면,0,,,,,,
2281,76.03,0,1,0,0,1,0,측면,0,,,,,,
2282,76.07,0,1,0,0,1,0,측면,0,,,,,,
2283,76.1,0,1,0,0,1,0,측면,0,,,,,,
2284,76.13,0,1,0,0,1,0,측면,0,,,,,,
2285,76.17,0,1,0,0,1,0,측면,0,,,,,,
2286,76.2,0,1,0,0,1,0,측면,0,,,,,,
2287,76.23,0,0,0,0,1,0,측면,0,,,,,,
2288,76.27,0,0,0,0,1,0,측면,0,,,,,,
2289,76.3,0,0,0,0,1,0,측면,0,,,,,,
2290,76.33,0,0,0,0,1,0,측면,0,,,,,,
2291,76.37,0,0,0,0,1,0,측면(불확실),0,,,,,,
2292,76.4,0,0,0,0,1,0,측면(불확실),0,,,,,,
2293,76.43,0,0,0,0,1,0,측면(불확실),0,,,,,,
2294,76.47,0,0,0,0,1,0,측면(불확실),0,,,,,,
2295,76.5,0,0,0,0,1,0,측면(불확실),0,,,,,,
2296,76.53,0,0,0,0,1,0,측면(불확실),0,,,,,,
2297,76.57,0,0,0,0,1,0,측면(불확실),0,,,,,,
2298,76.6,0,0,0,0,1,0,측면(불확실),0,,,,,,
2299,76.63,0,0,0,0,1,0,측면(불확실),0,,,,,,
2300,76.67,0,0,0,0,1,0,측면(불확실),0,,,,,,
2301,76.7,0,0,0,0,1,0,측면(불확실),0,,,,,,
2302,76.73,0,0,0,0,1,0,측면(불확실),0,,,,,,
2303,76.77,0,0,0,0,1,0,측면(불확실),0,,,,,,
2304,76.8,0,0,0,0,1,0,측면(불확실),0,,,,,,
2305,76.83,0,0,0,0,1,0,측면(불확실),0,,,,,,
2306,76.87,0,0,0,0,1,0,측면(불확실),0,,,,,,
2307,76.9,0,0,0,0,1,0,측면(불확실),0,,,,,,
2308,76.93,0,0,0,0,1,0,측면(불확실),0,,,,,,
2309,76.97,0,0,0,0,1,0,측면(불확실),0,,,,,,
2310,77.0,0,0,0,0,1,0,측면(불확실),0,,,,,,
2311,77.03,0,0,0,0,1,0,측면(불확실),0,,,,,,
2312,77.07,0,0,0,0,1,0,측면(불확실),0,,,,,,
2313,77.1,0,0,0,0,1,0,측면(불확실),0,,,,,,
2314,77.13,0,0,0,0,1,0,측면(불확실),0,,,,,,
2315,77.17,0,0,0,0,1,0,측면(불확실),0,,,,,,
2316,77.2,0,0,0,0,1,0,측면(불확실),0,,,,,,
2317,77.23,0,0,0,0,1,0,측면(불확실),0,,,,,,
2318,77.27,0,0,0,0,1,0,측면(불확실),0,,,,,,
2319,77.3,0,0,0,0,1,0,측면(불확실),0,,,,,,
2320,77.33,0,0,0,0,1,0,측면(불확실),0,,,,,,
2321,77.37,0,0,0,0,1,0,측면(불확실),0,,,,,,
2322,77.4,0,0,0,0,1,0,측면(불확실),0,,,,,,
2323,77.43,0,0,0,0,1,0,측면(불확실),0,,,,,,
2324,77.47,0,0,0,0,1,0,측면(불확실),0,,,,,,
2325,77.5,0,0,0,0,1,0,측면(불확실),0,,,,,,
2326,77.53,0,0,0,0,1,0,측면(불확실),0,,,,,,
2327,77.57,0,0,0,0,1,0,측면(불확실),0,,,,,,
2328,77.6,0,0,0,0,1,0,측면(불확실),0,,,,,,
2329,77.63,0,0,0,0,1,0,측면(불확실),0,,,,,,
2330,77.67,0,0,0,0,1,0,측면(불확실),0,,,,,,
2331,77.7,0,0,0,0,1,0,측면(불확실),0,,,,,,
2332,77.73,0,0,0,0,1,0,측면(불확실),0,,,,,,
2333,77.77,0,0,0,0,1,0,측면(불확실),0,,,,,,
2334,77.8,0,0,0,0,1,0,측면(불확실),0,,,,,,
2335,77.83,0,0,0,0,1,0,측면(불확실),0,,,,,,
2336,77.87,0,0,0,0,1,0,측면(불확실),0,,,,,,
2337,77.9,0,0,0,0,1,0,측면(불확실),0,,,,,,
2338,77.93,0,0,0,0,1,0,측면(불확실),0,,,,,,
2339,77.97,0,0,0,0,1,0,측면(불확실),0,,,,,,
2340,78.0,0,0,0,0,1,0,측면(불확실),0,,,,,,
2341,78.03,0,0,0,0,1,0,측면(불확실),0,,,,,,
2342,78.07,0,0,0,0,1,0,측면(불확실),0,,,,,,
2343,78.1,0,0,0,0,1,0,측면(불확실),0,,,,,,
2344,78.13,0,0,0,0,1,0,측면(불확실),0,,,,,,
2345,78.17,0,0,0,0,1,0,측면(불확실),0,,,,,,
2346,78.2,0,0,0,0,1,0,측면(불확실),0,,,,,,
2347,78.23,0,0,0,0,1,0,측면(불확실),0,,,,,,
2348,78.27,0,0,0,0,1,0,측면(불확실),0,,,,,,
2349,78.3,0,0,0,0,1,0,측면(불확실),0,,,,,,
2350,78.33,0,0,0,0,1,0,측면(불확실),0,,,,,,
2351,78.37,0,0,0,0,1,0,측면(불확실),0,,,,,,
2352,78.4,0,0,0,0,1,0,측면(불확실),0,,,,,,
2353,78.43,0,0,0,0,1,0,측면(불확실),0,,,,,,
2354,78.47,0,0,0,0,1,0,측면(불확실),0,,,,,,
2355,78.5,0,0,0,0,1,0,측면(불확실),0,,,,,,
2356,78.53,0,0,0,0,1,0,측면(불확실),0,,,,,,
2357,78.57,0,0,0,0,1,0,측면(불확실),0,,,,,,
2358,78.6,0,0,0,0,1,0,측면(불확실),0,,,,,,
2359,78.63,0,0,0,0,1,0,측면(불확실),0,,,,,,
2360,78.67,0,0,0,0,1,0,측면(불확실),0,,,,,,
2361,78.7,0,0,0,0,1,0,측면(불확실),0,,,,,,
2362,78.73,0,0,0,0,1,0,측면(불확실),0,,,,,,
2363,78.77,0,0,0,0,1,0,측면(불확실),0,,,,,,
2364,78.8,0,0,0,0,1,0,측면(불확실),0,,,,,,
2365,78.83,0,0,0,0,1,0,측면(불확실),0,,,,,,
2366,78.87,0,0,0,0,1,0,측면(불확실),0,,,,,,
2367,78.9,0,0,0,0,1,0,측면(불확실),0,,,,,,
2368,78.93,0,0,0,0,1,0,측면(불확실),0,,,,,,
2369,78.97,0,0,0,0,1,0,측면(불확실),0,,,,,,
2370,79.0,0,0,0,0,1,0,측면(불확실),0,,,,,,
2371,79.03,0,0,0,0,1,0,측면(불확실),0,,,,,,
2372,79.07,0,0,0,0,1,0,측면(불확실),0,,,,,,
2373,79.1,0,0,0,0,1,0,측면(불확실),0,,,,,,
2374,79.13,0,0,0,0,1,0,측면(불확실),0,,,,,,
2375,79.17,0,0,0,0,1,0,측면(불확실),0,,,,,,
2376,79.2,0,0,0,0,1,0,측면(불확실),0,,,,,,
2377,79.23,0,0,0,0,1,0,측면(불확실),0,,,,,,
2378,79.27,0,0,0,0,1,0,측면(불확실),0,,,,,,
2379,79.3,0,0,0,0,1,0,측면(불확실),0,,,,,,
2380,79.33,0,0,0,0,1,0,측면(불확실),0,,,,,,
2381,79.37,0,0,0,0,1,0,측면(불확실),0,,,,,,
2382,79.4,0,0,0,0,1,0,측면(불확실),0,,,,,,
2383,79.43,0,0,0,0,1,0,측면(불확실),0,,,,,,
2384,79.47,0,0,0,0,1,0,측면(불확실),0,,,,,,
2385,79.5,0,0,0,0,1,0,측면(불확실),0,,,,,,
2386,79.53,0,0,0,0,1,0,측면(불확실),0,,,,,,
2387,79.57,0,0,0,0,1,0,측면(불확실),0,,,,,,
2388,79.6,0,0,0,0,1,0,측면(불확실),0,,,,,,
2389,79.63,0,0,0,0,1,0,측면(불확실),0,,,,,,
2390,79.67,0,0,0,0,1,0,측면(불확실),0,,,,,,
2391,79.7,0,0,0,0,1,0,측면(불확실),0,,,,,,
2392,79.73,0,0,0,0,1,0,측면(불확실),0,,,,,,
2393,79.77,0,0,0,0,1,0,측면(불확실),0,,,,,,
2394,79.8,0,0,0,0,1,0,측면(불확실),0,,,,,,
2395,79.83,0,0,0,0,1,0,측면(불확실),0,,,,,,
2396,79.87,0,0,0,0,1,0,측면(불확실),0,,,,,,
2397,79.9,0,0,0,0,1,0,측면(불확실),0,,,,,,
2398,79.93,0,0,0,0,1,0,측면(불확실),0,,,,,,
2399,79.97,0,0,0,0,1,0,측면(불확실),0,,,,,,
2400,80.0,0,0,0,0,1,0,측면(불확실),0,,,,,,
2401,80.03,0,0,0,0,1,0,측면(불확실),0,,,,,,
2402,80.07,0,0,0,0,1,0,측면(불확실),0,,,,,,
2403,80.1,0,0,0,0,1,0,측면(불확실),0,,,,,,
2404,80.13,0,0,0,0,1,0,측면(불확실),0,,,,,,
2405,80.17,0,0,0,0,1,0,측면(불확실),0,,,,,,
2406,80.2,0,0,0,0,1,0,측면(불확실),0,,,,,,
2407,80.23,0,0,0,0,1,0,측면(불확실),0,,,,,,
2408,80.27,0,0,0,0,1,0,측면(불확실),0,,,,,,
2409,80.3,0,0,0,0,1,0,측면(불확실),0,,,,,,
2410,80.33,0,0,0,0,1,0,측면(불확실),0,,,,,,
2411,80.37,0,0,0,0,1,0,측면(불확실),0,,,,,,
2412,80.4,0,0,0,0,1,0,측면(불확실),0,,,,,,
2413,80.43,0,0,0,0,1,0,측면(불확실),0,,,,,,
2414,80.47,0,0,0,0,1,0,측면(불확실),0,,,,,,
2415,80.5,0,0,0,0,1,0,측면(불확실),0,,,,,,
2416,80.53,0,0,0,0,1,0,측면(불확실),0,,,,,,
2417,80.57,0,0,0,0,1,0,측면(불확실),0,,,,,,
2418,80.6,0,0,0,0,1,0,측면(불확실),0,,,,,,
2419,80.63,0,0,0,0,1,0,측면(불확실),0,,,,,,
2420,80.67,0,0,0,0,1,0,측면(불확실),0,,,,,,
2421,80.7,0,0,0,0,1,0,측면(불확실),0,,,,,,
2422,80.73,0,0,0,0,1,0,측면(불확실),0,,,,,,
2423,80.77,0,0,0,0,1,0,측면(불확실),0,,,,,,
2424,80.8,0,0,0,0,1,0,측면(불확실),0,,,,,,
2425,80.83,0,0,0,0,1,0,측면(불확실),0,,,,,,
2426,80.87,0,0,0,0,1,0,측면(불확실),0,,,,,,
2427,80.9,0,0,0,0,1,0,측면(불확실),0,,,,,,
2428,80.93,0,0,0,0,1,0,측면(불확실),0,,,,,,
2429,80.97,0,0,0,0,1,0,측면(불확실),0,,,,,,
2430,81.0,0,0,0,0,1,0,측면(불확실),0,,,,,,
2431,81.03,0,0,0,0,1,0,측면(불확실),0,,,,,,
2432,81.07,0,0,0,0,1,0,측면(불확실),0,,,,,,
2433,81.1,0,0,0,0,1,0,측면(불확실),0,,,,,,
2434,81.13,0,0,0,0,1,0,측면(불확실),0,,,,,,
2435,81.17,0,0,0,0,1,0,측면(불확실),0,,,,,,
2436,81.2,0,0,0,0,1,0,측면(불확실),0,,,,,,
2437,81.23,0,0,0,0,1,0,측면(불확실),0,,,,,,
2438,81.27,0,0,0,0,1,0,측면(불확실),0,,,,,,
2439,81.3,0,0,0,0,1,0,측면(불확실),0,,,,,,
2440,81.33,0,0,0,0,1,0,측면(불확실),0,,,,,,
2441,81.37,0,0,0,0,1,0,측면(불확실),0,,,,,,
2442,81.4,0,0,0,0,1,0,측면(불확실),0,,,,,,
2443,81.43,0,0,0,0,1,0,측면(불확실),0,,,,,,
2444,81.47,0,0,0,0,1,0,측면(불확실),0,,,,,,
2445,81.5,0,0,0,0,1,0,측면(불확실),0,,,,,,
2446,81.53,0,0,0,0,1,0,측면(불확실),0,,,,,,
2447,81.57,0,0,0,0,1,0,측면(불확실),0,,,,,,
2448,81.6,0,0,0,0,1,0,측면(불확실),0,,,,,,
2449,81.63,0,0,0,0,1,0,측면(불확실),0,,,,,,
2450,81.67,0,0,0,0,1,0,측면(불확실),0,,,,,,
2451,81.7,0,0,0,0,1,0,측면(불확실),0,,,,,,
2452,81.73,0,0,0,0,1,0,측면(불확실),0,,,,,,
2453,81.77,0,0,0,0,1,0,측면(불확실),0,,,,,,
2454,81.8,0,0,0,0,1,0,측면(불확실),0,,,,,,
2455,81.83,0,0,0,0,1,0,측면(불확실),0,,,,,,
2456,81.87,0,0,0,0,1,0,측면(불확실),0,,,,,,
2457,81.9,0,0,0,0,1,0,측면(불확실),0,,,,,,
2458,81.93,0,0,0,0,1,0,측면(불확실),0,,,,,,
2459,81.97,0,0,0,0,1,0,측면(불확실),0,,,,,,
2460,82.0,0,0,0,0,1,0,측면(불확실),0,,,,,,
2461,82.03,0,0,0,0,1,0,측면(불확실),0,,,,,,
2462,82.07,0,0,0,0,1,0,측면(불확실),0,,,,,,
2463,82.1,0,0,0,0,1,0,측면(불확실),0,,,,,,
2464,82.13,0,0,0,0,1,0,측면(불확실),0,,,,,,
2465,82.17,0,0,0,0,1,0,측면(불확실),0,,,,,,
2466,82.2,0,0,0,0,1,0,측면(불확실),0,,,,,,
2467,82.23,0,0,0,0,1,0,측면(불확실),0,,,,,,
2468,82.27,0,0,0,0,1,0,측면(불확실),0,,,,,,
2469,82.3,0,0,0,0,1,0,측면(불확실),0,,,,,,
2470,82.33,0,0,0,0,1,0,측면(불확실),0,,,,,,
2471,82.37,0,0,0,0,1,0,측면(불확실),0,,,,,,
2472,82.4,0,0,0,0,1,0,측면(불확실),0,,,,,,
2473,82.43,0,0,0,0,1,0,측면(불확실),0,,,,,,
2474,82.47,0,0,0,0,1,0,측면(불확실),0,,,,,,
2475,82.5,0,0,0,0,1,0,측면(불확실),0,,,,,,
2476,82.53,0,0,0,0,1,0,측면(불확실),0,,,,,,
2477,82.57,0,0,0,0,1,0,측면(불확실),0,,,,,,
2478,82.6,0,0,0,0,1,0,측면(불확실),0,,,,,,
2479,82.63,0,0,0,0,1,0,측면(불확실),0,,,,,,
2480,82.67,0,0,0,0,1,0,측면(불확실),0,,,,,,
2481,82.7,0,0,0,0,1,0,측면(불확실),0,,,,,,
2482,82.73,0,0,0,0,1,0,측면(불확실),0,,,,,,
2483,82.77,0,0,0,0,1,0,측면(불확실),0,,,,,,
2484,82.8,0,0,0,0,1,0,측면(불확실),0,,,,,,
2485,82.83,0,0,0,0,1,0,측면(불확실),0,,,,,,
2486,82.87,0,0,0,0,1,0,측면(불확실),0,,,,,,
2487,82.9,0,0,0,0,1,0,측면(불확실),0,,,,,,
2488,82.93,0,0,0,0,1,0,측면(불확실),0,,,,,,
2489,82.97,0,0,0,0,1,0,측면(불확실),0,,,,,,
2490,83.0,0,0,0,0,1,0,측면(불확실),0,,,,,,
2491,83.03,0,0,0,0,1,0,측면(불확실),0,,,,,,
2492,83.07,0,0,0,0,1,0,측면(불확실),0,,,,,,
2493,83.1,0,0,0,0,1,0,측면(불확실),0,,,,,,
2494,83.13,0,0,0,0,1,0,측면(불확실),0,,,,,,
2495,83.17,0,0,0,0,1,0,측면(불확실),0,,,,,,
2496,83.2,0,0,0,0,1,0,측면(불확실),0,,,,,,
2497,83.23,0,0,0,0,1,0,측면(불확실),0,,,,,,
2498,83.27,0,0,0,0,1,0,측면(불확실),0,,,,,,
2499,83.3,0,0,0,0,1,0,측면(불확실),0,,,,,,
2500,83.33,0,0,0,0,1,0,측면(불확실),0,,,,,,
2501,83.37,0,0,0,0,1,0,측면(불확실),0,,,,,,
2502,83.4,0,0,0,0,1,0,측면(불확실),0,,,,,,
2503,83.43,0,0,0,0,1,0,측면(불확실),0,,,,,,
2504,83.47,0,0,0,0,1,0,측면(불확실),0,,,,,,
2505,83.5,0,0,0,0,1,0,측면(불확실),0,,,,,,
2506,83.53,0,0,0,0,1,0,측면(불확실),0,,,,,,
2507,83.57,0,0,0,0,1,0,측면(불확실),0,,,,,,
2508,83.6,0,0,0,0,1,0,측면(불확실),0,,,,,,
2509,83.63,0,0,0,0,1,0,측면(불확실),0,,,,,,
2510,83.67,0,0,0,0,1,0,측면(불확실),0,,,,,,
2511,83.7,0,0,0,0,1,0,측면(불확실),0,,,,,,
2512,83.73,0,0,0,0,1,0,측면(불확실),0,,,,,,
2513,83.77,0,0,0,0,1,0,측면(불확실),0,,,,,,
